2026-07-14T04:11:44Z [post] FIRED  C:\dev\abd-context-driven-delivery\ooad\ooad.py  — 5 manifest line(s)
2026-07-14T04:18:37Z [post] FIRED  C:\dev\abd-context-driven-delivery\ooad\ooad.py  — 5 manifest line(s)
2026-07-14T04:22:06Z [post] FIRED  C:\dev\abd-context-driven-delivery\ooad\ooad.py  — 5 manifest line(s)
2026-07-14T04:38:55Z [pre ] FIRED  C:\dev\abd-context-driven-delivery\ooad\ooad.py  — 5 manifest line(s)
2026-07-14T04:42:59Z [post] FIRED  C:\dev\abd-context-driven-delivery\ooad\ooad.py  — 5 manifest line(s)
2026-07-14T04:45:04Z [post] skip  c:\dev\abd-context-driven-delivery\hooks\manifest_gate.py
2026-07-14T04:45:05Z [post] skip  c:\dev\abd-context-driven-delivery\hooks\manifest_gate.py
2026-07-14T04:45:10Z [pre ] FIRED  c:\dev\abd-context-driven-delivery\ooad\ooad.py  — 5 manifest line(s)
2026-07-14T04:45:11Z [post] FIRED  c:\dev\abd-context-driven-delivery\ooad\ooad.py  — 5 manifest line(s)
2026-07-14T04:45:12Z [post] FIRED  c:\dev\abd-context-driven-delivery\ooad\ooad.py  — 5 manifest line(s)
2026-07-14T04:45:19Z [post] skip  c:\dev\abd-context-driven-delivery
2026-07-14T04:45:19Z [post] skip  c:\dev\abd-context-driven-delivery
2026-07-14T04:45:23Z [post] skip  c:\dev\abd-context-driven-delivery
2026-07-14T04:45:29Z [pre ] skip  c:\dev\abd-context-driven-delivery\hooks\manifest_gate.debug
2026-07-14T04:45:30Z [read] skip  c:\dev\abd-context-driven-delivery\hooks\manifest_gate.debug
2026-07-14T04:45:30Z [post] skip  c:\dev\abd-context-driven-delivery\hooks\manifest_gate.debug
2026-07-14T04:45:54Z [pre ] FIRED  c:\dev\abd-context-driven-delivery\ooad\ooad.py  — 5 manifest line(s)
2026-07-14T04:45:54Z [post] FIRED  c:\dev\abd-context-driven-delivery\ooad\ooad.py  — 5 manifest line(s)
2026-07-14T04:45:54Z [pre ] FIRED  c:\dev\abd-context-driven-delivery\generator\generator.py  — 4 manifest line(s)
2026-07-14T04:45:55Z [post] skip  c:\dev\abd-context-driven-delivery\ooad\ooad.py  — manifest ran but produced no output
2026-07-14T04:45:55Z [post] skip  c:\dev\abd-context-driven-delivery\generator\generator.py  — manifest ran but produced no output
2026-07-14T04:45:56Z [post] skip  c:\dev\abd-context-driven-delivery\generator\generator.py  — manifest ran but produced no output
2026-07-14T04:46:00Z [pre ] skip  c:\dev\abd-context-driven-delivery\generator\generator.py  — manifest ran but produced no output
2026-07-14T04:46:01Z [post] FIRED  c:\dev\abd-context-driven-delivery\generator\generator.py  — 4 manifest line(s)
2026-07-14T04:46:02Z [post] FIRED  c:\dev\abd-context-driven-delivery\generator\generator.py  — 4 manifest line(s)
2026-07-14T04:46:09Z [pre ] FIRED  c:\dev\abd-context-driven-delivery\ooad\ooad.py  — 5 manifest line(s)
2026-07-14T04:46:10Z [post] FIRED  c:\dev\abd-context-driven-delivery\ooad\ooad.py  — 5 manifest line(s)
2026-07-14T04:46:11Z [post] FIRED  c:\dev\abd-context-driven-delivery\ooad\ooad.py  — 5 manifest line(s)
2026-07-14T04:46:13Z [post] skip  c:\dev\abd-context-driven-delivery
2026-07-14T04:46:14Z [post] skip  c:\dev\abd-context-driven-delivery
2026-07-14T04:46:14Z [post] skip  c:\dev\abd-context-driven-delivery
2026-07-14T04:46:17Z [pre ] FIRED  c:\dev\abd-context-driven-delivery\grill_context\grill_context.py  — 1 manifest line(s)
2026-07-14T04:46:17Z [pre ] FIRED  c:\dev\abd-context-driven-delivery\sketch\sketch.py  — 1 manifest line(s)
2026-07-14T04:46:18Z [read] FIRED  c:\dev\abd-context-driven-delivery\grill_context\grill_context.py  — 1 manifest line(s)
2026-07-14T04:46:18Z [read] FIRED  c:\dev\abd-context-driven-delivery\sketch\sketch.py  — 1 manifest line(s)
2026-07-14T04:46:19Z [post] FIRED  c:\dev\abd-context-driven-delivery\grill_context\grill_context.py  — 1 manifest line(s)
2026-07-14T04:46:29Z [pre ] skip  c:\dev\abd-context-driven-delivery\hooks\manifest_gate.py
2026-07-14T04:46:29Z [post] skip  c:\dev\abd-context-driven-delivery\hooks\manifest_gate.py
2026-07-14T04:46:30Z [post] skip  c:\dev\abd-context-driven-delivery\hooks\manifest_gate.py
2026-07-14T04:46:34Z [pre ] skip  c:\dev\abd-context-driven-delivery\hooks\manifest_gate_spec.py
2026-07-14T04:46:34Z [read] skip  c:\dev\abd-context-driven-delivery\hooks\manifest_gate_spec.py
2026-07-14T04:46:34Z [post] skip  c:\dev\abd-context-driven-delivery\hooks\manifest_gate_spec.py
2026-07-14T04:46:39Z [pre ] skip  c:\dev\abd-context-driven-delivery\hooks\manifest_gate_spec.py
2026-07-14T04:46:40Z [read] skip  c:\dev\abd-context-driven-delivery\hooks\manifest_gate_spec.py
2026-07-14T04:46:40Z [post] skip  c:\dev\abd-context-driven-delivery\hooks\manifest_gate_spec.py
2026-07-14T04:46:41Z [pre ] skip  c:\dev\abd-context-driven-delivery\hooks\manifest_gate_spec.py
2026-07-14T04:46:42Z [post] skip  c:\dev\abd-context-driven-delivery\hooks\manifest_gate_spec.py
2026-07-14T04:46:42Z [post] skip  c:\dev\abd-context-driven-delivery\hooks\manifest_gate_spec.py
2026-07-14T04:46:49Z [pre ] skip  c:\dev\abd-context-driven-delivery\hooks\manifest_gate_spec.py
2026-07-14T04:46:49Z [post] skip  c:\dev\abd-context-driven-delivery\hooks\manifest_gate_spec.py
2026-07-14T04:46:50Z [post] skip  c:\dev\abd-context-driven-delivery\hooks\manifest_gate_spec.py
2026-07-14T04:47:00Z [pre ] skip  c:\dev\abd-context-driven-delivery\hooks\manifest_gate_spec.py
2026-07-14T04:47:00Z [post] skip  c:\dev\abd-context-driven-delivery\hooks\manifest_gate_spec.py
2026-07-14T04:47:01Z [post] skip  c:\dev\abd-context-driven-delivery\hooks\manifest_gate_spec.py
2026-07-14T04:47:15Z [post] FIRED  C:\Users\thoma\AppData\Local\Temp\tmpmpxdcgjg.py  — 2 manifest line(s)
2026-07-14T04:47:15Z [post] skip  C:\Users\thoma\AppData\Local\Temp\tmpkl540mxd.py
2026-07-14T04:47:15Z [post] FIRED  C:\Users\thoma\AppData\Local\Temp\tmp2zcxrrgk.py  — 2 manifest line(s)
2026-07-14T04:47:15Z [pre ] FIRED  C:\Users\thoma\AppData\Local\Temp\tmpepf668vi.py  — 2 manifest line(s)
2026-07-14T04:47:15Z [pre ] skip  C:\Users\thoma\AppData\Local\Temp\tmp6j224to8.py
2026-07-14T04:47:30Z [pre ] skip  c:\dev\abd-context-driven-delivery\hooks\manifest_gate_spec.py
2026-07-14T04:47:31Z [post] skip  c:\dev\abd-context-driven-delivery\hooks\manifest_gate_spec.py
2026-07-14T04:47:31Z [post] skip  c:\dev\abd-context-driven-delivery\hooks\manifest_gate_spec.py
2026-07-14T04:47:36Z [post] FIRED  C:\Users\thoma\AppData\Local\Temp\tmp6a1fq5jq.py  — 2 manifest line(s)
2026-07-14T04:47:36Z [post] skip  C:\Users\thoma\AppData\Local\Temp\tmpv50w52tf.py
2026-07-14T04:47:36Z [post] FIRED  C:\Users\thoma\AppData\Local\Temp\tmp5tftoycv.py  — 2 manifest line(s)
2026-07-14T04:47:36Z [pre ] FIRED  C:\Users\thoma\AppData\Local\Temp\tmpyremfz20.py  — 2 manifest line(s)
2026-07-14T04:47:36Z [pre ] skip  C:\Users\thoma\AppData\Local\Temp\tmpx5iklm76.py
2026-07-14T04:47:51Z [pre ] skip  c:\dev\abd-context-driven-delivery\hooks\manifest_gate.py
2026-07-14T04:47:52Z [post] skip  c:\dev\abd-context-driven-delivery\hooks\manifest_gate.py
2026-07-14T04:47:52Z [post] skip  c:\dev\abd-context-driven-delivery\hooks\manifest_gate.py
2026-07-14T04:48:03Z [pre ] skip  c:\dev\abd-context-driven-delivery\hooks\manifest_gate_spec.py
2026-07-14T04:48:03Z [post] skip  c:\dev\abd-context-driven-delivery\hooks\manifest_gate_spec.py
2026-07-14T04:48:04Z [post] skip  c:\dev\abd-context-driven-delivery\hooks\manifest_gate_spec.py
2026-07-14T04:48:09Z [post] FIRED  C:\Users\thoma\AppData\Local\Temp\tmpku1x5qet.py  — 2 manifest line(s)
2026-07-14T04:48:09Z [post] skip  C:\Users\thoma\AppData\Local\Temp\tmpccz6v7kw.py
2026-07-14T04:48:09Z [post] FIRED  C:\Users\thoma\AppData\Local\Temp\tmppmvyxk_a.py  — 2 manifest line(s)
2026-07-14T04:48:09Z [pre ] FIRED  C:\Users\thoma\AppData\Local\Temp\tmpwhceji56.py  — 2 manifest line(s)
2026-07-14T04:48:09Z [pre ] skip  C:\Users\thoma\AppData\Local\Temp\tmpkx_280g5.py
2026-07-14T04:48:45Z [pre ] FIRED  c:\dev\abd-context-driven-delivery\ooad\ooad.py  — 5 manifest line(s)
2026-07-14T04:48:46Z [post] FIRED  c:\dev\abd-context-driven-delivery\ooad\ooad.py  — 5 manifest line(s)
2026-07-14T04:48:47Z [post] FIRED  c:\dev\abd-context-driven-delivery\ooad\ooad.py  — 5 manifest line(s)
2026-07-14T04:48:57Z [pre ] FIRED  c:\dev\abd-context-driven-delivery\ooad\ooad.py  — 5 manifest line(s)
2026-07-14T04:48:58Z [post] FIRED  c:\dev\abd-context-driven-delivery\ooad\ooad.py  — 5 manifest line(s)
2026-07-14T04:49:00Z [post] FIRED  c:\dev\abd-context-driven-delivery\ooad\ooad.py  — 5 manifest line(s)
2026-07-14T04:58:44Z [post] skip  c:\dev\abd-context-driven-delivery
2026-07-14T04:59:10Z [post] skip  c:\dev\abd-context-driven-delivery
2026-07-14T04:59:11Z [post] skip  c:\dev\abd-context-driven-delivery
2026-07-14T04:59:13Z [pre ] skip  c:\dev\abd-context-driven-delivery\action\examples\chained_demo.py
2026-07-14T04:59:13Z [read] skip  c:\dev\abd-context-driven-delivery\action\examples\chained_demo.py
2026-07-14T04:59:14Z [post] skip  c:\dev\abd-context-driven-delivery\action\examples\chained_demo.py
2026-07-14T04:59:59Z [pre ] FIRED  c:\dev\abd-context-driven-delivery\action\action.py  — 5 manifest line(s)
2026-07-14T05:00:00Z [post] FIRED  c:\dev\abd-context-driven-delivery\action\action.py  — 5 manifest line(s)
2026-07-14T05:00:01Z [post] FIRED  c:\dev\abd-context-driven-delivery\action\action.py  — 5 manifest line(s)
2026-07-14T05:00:07Z [pre ] FIRED  c:\dev\abd-context-driven-delivery\action\action.py  — 5 manifest line(s)
2026-07-14T05:00:08Z [post] FIRED  c:\dev\abd-context-driven-delivery\action\action.py  — 5 manifest line(s)
2026-07-14T05:00:09Z [post] FIRED  c:\dev\abd-context-driven-delivery\action\action.py  — 5 manifest line(s)
2026-07-14T05:00:17Z [pre ] FIRED  c:\dev\abd-context-driven-delivery\action\action.py  — 5 manifest line(s)
2026-07-14T05:00:18Z [post] FIRED  c:\dev\abd-context-driven-delivery\action\action.py  — 5 manifest line(s)
2026-07-14T05:00:19Z [post] FIRED  c:\dev\abd-context-driven-delivery\action\action.py  — 5 manifest line(s)
2026-07-14T05:00:32Z [pre ] FIRED  c:\dev\abd-context-driven-delivery\action\action.py  — 5 manifest line(s)
2026-07-14T05:00:33Z [post] FIRED  c:\dev\abd-context-driven-delivery\action\action.py  — 5 manifest line(s)
2026-07-14T05:00:34Z [post] FIRED  c:\dev\abd-context-driven-delivery\action\action.py  — 5 manifest line(s)
2026-07-14T05:00:44Z [pre ] FIRED  c:\dev\abd-context-driven-delivery\action\action.py  — 5 manifest line(s)
2026-07-14T05:00:45Z [post] FIRED  c:\dev\abd-context-driven-delivery\action\action.py  — 5 manifest line(s)
2026-07-14T05:00:46Z [post] FIRED  c:\dev\abd-context-driven-delivery\action\action.py  — 5 manifest line(s)
2026-07-14T05:00:59Z [pre ] skip  c:\dev\abd-context-driven-delivery\action\examples\chained_demo.py
2026-07-14T05:00:59Z [read] skip  c:\dev\abd-context-driven-delivery\action\examples\chained_demo.py
2026-07-14T05:01:00Z [post] skip  c:\dev\abd-context-driven-delivery\action\examples\chained_demo.py
2026-07-14T05:01:00Z [pre ] skip  c:\dev\abd-context-driven-delivery\action\examples\chained_demo.py
2026-07-14T05:01:01Z [post] skip  c:\dev\abd-context-driven-delivery\action\examples\chained_demo.py
2026-07-14T05:01:01Z [post] skip  c:\dev\abd-context-driven-delivery\action\examples\chained_demo.py
2026-07-14T05:01:41Z [post] skip  c:\dev\abd-context-driven-delivery
2026-07-14T05:03:03Z [pre ] FIRED  c:\dev\abd-context-driven-delivery\action\action.py  — 5 manifest line(s)
2026-07-14T05:03:04Z [post] FIRED  c:\dev\abd-context-driven-delivery\action\action.py  — 5 manifest line(s)
2026-07-14T05:03:05Z [post] FIRED  c:\dev\abd-context-driven-delivery\action\action.py  — 5 manifest line(s)
2026-07-14T05:03:14Z [pre ] skip  c:\dev\abd-context-driven-delivery\action\examples\chained_demo.py
2026-07-14T05:03:14Z [post] skip  c:\dev\abd-context-driven-delivery\action\examples\chained_demo.py
2026-07-14T05:03:15Z [post] skip  c:\dev\abd-context-driven-delivery\action\examples\chained_demo.py
2026-07-14T05:03:23Z [pre ] skip  c:\dev\abd-context-driven-delivery\action\examples\chained_demo.py
2026-07-14T05:03:23Z [post] skip  c:\dev\abd-context-driven-delivery\action\examples\chained_demo.py
2026-07-14T05:03:24Z [post] skip  c:\dev\abd-context-driven-delivery\action\examples\chained_demo.py
2026-07-14T05:03:27Z [pre ] skip  c:\dev\abd-context-driven-delivery\action\action_spec.py
2026-07-14T05:03:28Z [post] skip  c:\dev\abd-context-driven-delivery\action\action_spec.py
2026-07-14T05:03:28Z [post] skip  c:\dev\abd-context-driven-delivery\action\action_spec.py
2026-07-14T05:03:37Z [pre ] skip  c:\dev\abd-context-driven-delivery\action\action_spec.py
2026-07-14T05:03:38Z [post] skip  c:\dev\abd-context-driven-delivery\action\action_spec.py
2026-07-14T05:03:38Z [post] skip  c:\dev\abd-context-driven-delivery\action\action_spec.py
2026-07-14T05:04:20Z [pre ] FIRED  c:\dev\abd-context-driven-delivery\ooad\ooad.py  — 5 manifest line(s)
2026-07-14T05:04:21Z [post] FIRED  c:\dev\abd-context-driven-delivery\ooad\ooad.py  — 5 manifest line(s)
2026-07-14T05:04:22Z [post] FIRED  c:\dev\abd-context-driven-delivery\ooad\ooad.py  — 5 manifest line(s)
2026-07-14T05:05:15Z [post] skip  c:\dev\abd-context-driven-delivery
2026-07-14T05:05:18Z [pre ] FIRED  c:\dev\abd-context-driven-delivery\generator\examples\car_chronicle\car_chronicle.py  — 2 manifest line(s)
2026-07-14T05:05:19Z [read] FIRED  c:\dev\abd-context-driven-delivery\generator\examples\car_chronicle\car_chronicle.py  — 2 manifest line(s)
2026-07-14T05:05:19Z [post] FIRED  c:\dev\abd-context-driven-delivery\generator\examples\car_chronicle\car_chronicle.py  — 2 manifest line(s)
2026-07-14T05:05:50Z [post] skip  c:\dev\abd-context-driven-delivery
2026-07-14T05:07:47Z [post] skip  c:\dev\abd-context-driven-delivery
2026-07-14T05:08:12Z [pre ] skip  c:\dev\abd-context-driven-delivery\generator\examples\car_chronicle\car-chronicle-template.md
2026-07-14T05:08:12Z [pre ] skip  c:\dev\abd-context-driven-delivery\generator\examples\car_chronicle\car-chronicle.md
2026-07-14T05:08:12Z [read] skip  c:\dev\abd-context-driven-delivery\generator\examples\car_chronicle\car-chronicle-template.md
2026-07-14T05:08:13Z [read] skip  c:\dev\abd-context-driven-delivery\generator\examples\car_chronicle\car-chronicle.md
2026-07-14T05:08:13Z [post] skip  c:\dev\abd-context-driven-delivery\generator\examples\car_chronicle\car-chronicle-template.md
2026-07-14T05:08:13Z [post] skip  c:\dev\abd-context-driven-delivery\generator\examples\car_chronicle\car-chronicle.md
2026-07-14T05:11:03Z [pre ] FIRED  c:\dev\abd-context-driven-delivery\generator\generator.py  — 4 manifest line(s)
2026-07-14T05:11:04Z [post] FIRED  c:\dev\abd-context-driven-delivery\generator\generator.py  — 4 manifest line(s)
2026-07-14T05:11:05Z [post] FIRED  c:\dev\abd-context-driven-delivery\generator\generator.py  — 4 manifest line(s)
2026-07-14T05:11:09Z [pre ] FIRED  c:\dev\abd-context-driven-delivery\generator\generator.py  — 4 manifest line(s)
2026-07-14T05:11:10Z [post] FIRED  c:\dev\abd-context-driven-delivery\generator\generator.py  — 4 manifest line(s)
2026-07-14T05:11:11Z [post] FIRED  c:\dev\abd-context-driven-delivery\generator\generator.py  — 4 manifest line(s)
2026-07-14T13:39:20Z [post] skip  c:\dev\abd-context-driven-delivery
2026-07-14T13:40:26Z [pre ] skip  c:\dev\abd-context-driven-delivery\ooad\fidelities\language-generate.md
2026-07-14T13:40:27Z [read] skip  c:\dev\abd-context-driven-delivery\ooad\fidelities\language-generate.md
2026-07-14T13:40:27Z [post] skip  c:\dev\abd-context-driven-delivery\ooad\fidelities\language-generate.md
2026-07-14T13:40:46Z [pre ] skip  c:\dev\abd-context-driven-delivery\ooad\ooad_spec.py
2026-07-14T13:40:46Z [read] skip  c:\dev\abd-context-driven-delivery\ooad\ooad_spec.py
2026-07-14T13:40:47Z [post] skip  c:\dev\abd-context-driven-delivery\ooad\ooad_spec.py
2026-07-14T13:40:50Z [pre ] skip  c:\dev\abd-context-driven-delivery\ooad\ooad_spec.py
2026-07-14T13:40:50Z [read] skip  c:\dev\abd-context-driven-delivery\ooad\ooad_spec.py
2026-07-14T13:40:51Z [post] skip  c:\dev\abd-context-driven-delivery\ooad\ooad_spec.py
2026-07-14T13:41:00Z [pre ] skip  c:\dev\abd-context-driven-delivery\ooad\fidelities\model-generate.md
2026-07-14T13:41:00Z [read] skip  c:\dev\abd-context-driven-delivery\ooad\fidelities\model-generate.md
2026-07-14T13:41:01Z [post] skip  c:\dev\abd-context-driven-delivery\ooad\fidelities\model-generate.md
2026-07-14T13:41:46Z [post] skip  c:\dev\abd-context-driven-delivery
2026-07-14T13:48:06Z [post] skip  c:\dev\abd-context-driven-delivery
2026-07-14T13:48:09Z [pre ] skip  c:\dev\abd-context-driven-delivery\ooad\ooad.md
2026-07-14T13:48:09Z [read] skip  c:\dev\abd-context-driven-delivery\ooad\ooad.md
2026-07-14T13:48:09Z [post] skip  c:\dev\abd-context-driven-delivery\ooad\ooad.md
2026-07-14T13:48:47Z [pre ] FIRED  c:\dev\abd-context-driven-delivery\primitives\asset.py  — 3 manifest line(s)
2026-07-14T13:48:48Z [post] FIRED  c:\dev\abd-context-driven-delivery\primitives\asset.py  — 3 manifest line(s)
2026-07-14T13:48:48Z [post] FIRED  c:\dev\abd-context-driven-delivery\primitives\asset.py  — 3 manifest line(s)
2026-07-14T13:50:37Z [pre ] FIRED  c:\dev\abd-context-driven-delivery\primitives\asset.py  — 3 manifest line(s)
2026-07-14T13:50:37Z [post] FIRED  c:\dev\abd-context-driven-delivery\primitives\asset.py  — 3 manifest line(s)
2026-07-14T13:50:38Z [post] FIRED  c:\dev\abd-context-driven-delivery\primitives\asset.py  — 3 manifest line(s)
2026-07-14T13:52:28Z [post] skip  c:\dev\abd-context-driven-delivery\generator
2026-07-14T13:52:28Z [post] skip  c:\dev\abd-context-driven-delivery
2026-07-14T13:52:40Z [post] skip  c:\dev\abd-context-driven-delivery\generator\examples\car_chronicle
2026-07-14T13:52:44Z [post] skip  c:\dev\abd-context-driven-delivery\agent_bdd
2026-07-14T13:52:47Z [pre ] FIRED  c:\dev\abd-context-driven-delivery\agent_bdd\agent_bdd.py  — 5 manifest line(s)
2026-07-14T13:52:48Z [post] FIRED  c:\dev\abd-context-driven-delivery\agent_bdd\agent_bdd.py  — 5 manifest line(s)
2026-07-14T13:53:46Z [post] skip  c:\dev\abd-context-driven-delivery\agent_bdd
2026-07-14T13:53:50Z [pre ] skip  c:\dev\abd-context-driven-delivery\agent_bdd\agent-bdd.md
2026-07-14T13:53:51Z [post] skip  c:\dev\abd-context-driven-delivery\agent_bdd\agent-bdd.md
2026-07-14T13:53:53Z [pre ] skip  c:\dev\abd-context-driven-delivery\agent_bdd\agent-bdd.md
2026-07-14T13:53:54Z [post] skip  c:\dev\abd-context-driven-delivery\agent_bdd\agent-bdd.md
2026-07-14T13:53:56Z [pre ] skip  c:\dev\abd-context-driven-delivery\agent_bdd\agent-bdd.md
2026-07-14T13:53:57Z [read] skip  c:\dev\abd-context-driven-delivery\agent_bdd\agent-bdd.md
2026-07-14T13:53:57Z [post] skip  c:\dev\abd-context-driven-delivery\agent_bdd\agent-bdd.md
2026-07-14T13:56:08Z [pre ] FIRED  c:\dev\abd-context-driven-delivery\generator\generator.py  — 4 manifest line(s)
2026-07-14T13:56:09Z [post] skip  c:\dev\abd-context-driven-delivery\generator\generator.py  — manifest ran but produced no output
2026-07-14T13:56:10Z [post] skip  c:\dev\abd-context-driven-delivery\generator\generator.py  — manifest ran but produced no output
2026-07-14T13:56:14Z [pre ] skip  c:\dev\abd-context-driven-delivery\generator\generator.py  — manifest ran but produced no output
2026-07-14T13:56:15Z [post] FIRED  c:\dev\abd-context-driven-delivery\generator\generator.py  — 4 manifest line(s)
2026-07-14T13:56:16Z [post] FIRED  c:\dev\abd-context-driven-delivery\generator\generator.py  — 4 manifest line(s)
2026-07-14T13:56:25Z [post] skip  c:\dev\abd-context-driven-delivery
2026-07-14T13:56:25Z [post] skip  c:\dev\abd-context-driven-delivery
2026-07-14T13:56:26Z [pre ] FIRED  c:\dev\abd-context-driven-delivery\primitives\asset.py  — 3 manifest line(s)
2026-07-14T13:56:26Z [post] FIRED  c:\dev\abd-context-driven-delivery\primitives\asset.py  — 3 manifest line(s)
2026-07-14T13:56:27Z [post] FIRED  c:\dev\abd-context-driven-delivery\primitives\asset.py  — 3 manifest line(s)
2026-07-14T13:56:29Z [post] skip  c:\dev\abd-context-driven-delivery
2026-07-14T13:56:29Z [post] skip  c:\dev\abd-context-driven-delivery\generator
2026-07-14T13:56:32Z [pre ] FIRED  c:\dev\abd-context-driven-delivery\generator\examples\car_chronicle\car_chronicle.py  — 2 manifest line(s)
2026-07-14T13:56:32Z [pre ] skip  c:\dev\abd-context-driven-delivery\generator\templates\domain-toolset.py  — manifest ran but produced no output
2026-07-14T13:56:33Z [read] FIRED  c:\dev\abd-context-driven-delivery\generator\examples\car_chronicle\car_chronicle.py  — 2 manifest line(s)
2026-07-14T13:56:33Z [read] skip  c:\dev\abd-context-driven-delivery\generator\templates\domain-toolset.py  — manifest ran but produced no output
2026-07-14T13:56:33Z [post] FIRED  c:\dev\abd-context-driven-delivery\generator\examples\car_chronicle\car_chronicle.py  — 2 manifest line(s)
2026-07-14T13:56:34Z [post] skip  c:\dev\abd-context-driven-delivery\generator\templates\domain-toolset.py  — manifest ran but produced no output
2026-07-14T13:56:37Z [pre ] FIRED  c:\dev\abd-context-driven-delivery\clean_code\clean_code.py  — 5 manifest line(s)
2026-07-14T13:56:38Z [read] FIRED  c:\dev\abd-context-driven-delivery\clean_code\clean_code.py  — 5 manifest line(s)
2026-07-14T13:56:38Z [pre ] FIRED  c:\dev\abd-context-driven-delivery\ooad\ooad.py  — 5 manifest line(s)
2026-07-14T13:56:39Z [post] FIRED  c:\dev\abd-context-driven-delivery\clean_code\clean_code.py  — 5 manifest line(s)
2026-07-14T13:56:39Z [post] FIRED  c:\dev\abd-context-driven-delivery\ooad\ooad.py  — 5 manifest line(s)
2026-07-14T13:56:40Z [post] FIRED  c:\dev\abd-context-driven-delivery\ooad\ooad.py  — 5 manifest line(s)
2026-07-14T13:56:47Z [pre ] FIRED  c:\dev\abd-context-driven-delivery\ooad\ooad.py  — 5 manifest line(s)
2026-07-14T13:56:48Z [post] FIRED  c:\dev\abd-context-driven-delivery\ooad\ooad.py  — 5 manifest line(s)
2026-07-14T13:56:49Z [post] FIRED  c:\dev\abd-context-driven-delivery\ooad\ooad.py  — 5 manifest line(s)
2026-07-14T13:56:56Z [pre ] skip  c:\dev\abd-context-driven-delivery\agent_bdd\agent-bdd.md
2026-07-14T13:56:57Z [read] skip  c:\dev\abd-context-driven-delivery\agent_bdd\agent-bdd.md
2026-07-14T13:56:57Z [post] skip  c:\dev\abd-context-driven-delivery\agent_bdd\agent-bdd.md
2026-07-14T13:57:04Z [post] skip  c:\dev\abd-context-driven-delivery\agent_bdd\guide.md
2026-07-14T13:57:05Z [post] skip  c:\dev\abd-context-driven-delivery\agent_bdd\guide.md
2026-07-14T13:57:11Z [pre ] skip  c:\dev\abd-context-driven-delivery\agent_bdd\agent-bdd.md
2026-07-14T13:57:12Z [read] skip  c:\dev\abd-context-driven-delivery\agent_bdd\agent-bdd.md
2026-07-14T13:57:12Z [post] skip  c:\dev\abd-context-driven-delivery\agent_bdd\agent-bdd.md
2026-07-14T13:57:13Z [pre ] skip  c:\dev\abd-context-driven-delivery\agent_bdd\agent-bdd.md
2026-07-14T13:57:13Z [post] skip  c:\dev\abd-context-driven-delivery\agent_bdd\agent-bdd.md
2026-07-14T13:57:14Z [post] skip  c:\dev\abd-context-driven-delivery\agent_bdd\agent-bdd.md
2026-07-14T13:57:24Z [pre ] FIRED  c:\dev\abd-context-driven-delivery\agent_bdd\agent_bdd.py  — 5 manifest line(s)
2026-07-14T13:57:25Z [post] FIRED  c:\dev\abd-context-driven-delivery\agent_bdd\agent_bdd.py  — 5 manifest line(s)
2026-07-14T13:57:26Z [post] FIRED  c:\dev\abd-context-driven-delivery\agent_bdd\agent_bdd.py  — 5 manifest line(s)
2026-07-14T13:57:41Z [pre ] skip  c:\dev\abd-context-driven-delivery\agent_bdd\agent_bdd_generator_spec.py
2026-07-14T13:57:41Z [post] skip  c:\dev\abd-context-driven-delivery\agent_bdd\agent_bdd_generator_spec.py
2026-07-14T13:57:42Z [post] skip  c:\dev\abd-context-driven-delivery\agent_bdd\agent_bdd_generator_spec.py
2026-07-14T13:58:51Z [post] skip  c:\dev\abd-context-driven-delivery\_sketch_request.yaml
2026-07-14T13:58:51Z [post] skip  c:\dev\abd-context-driven-delivery\_sketch_request.yaml
2026-07-14T13:58:52Z [pre ] skip  c:\dev\abd-context-driven-delivery\generator\examples\car_chronicle\car-chronicle.md
2026-07-14T13:58:52Z [read] skip  c:\dev\abd-context-driven-delivery\generator\examples\car_chronicle\car-chronicle.md
2026-07-14T13:58:53Z [post] skip  c:\dev\abd-context-driven-delivery\generator\examples\car_chronicle\car-chronicle.md
2026-07-14T13:58:57Z [pre ] FIRED  c:\dev\abd-context-driven-delivery\generator\examples\car_chronicle\car_chronicle.py  — 2 manifest line(s)
2026-07-14T13:58:58Z [read] FIRED  c:\dev\abd-context-driven-delivery\generator\examples\car_chronicle\car_chronicle.py  — 2 manifest line(s)
2026-07-14T13:58:59Z [post] FIRED  c:\dev\abd-context-driven-delivery\generator\examples\car_chronicle\car_chronicle.py  — 2 manifest line(s)
2026-07-14T13:59:33Z [post] skip  c:\dev\abd-context-driven-delivery
2026-07-14T13:59:34Z [post] skip  c:\dev\abd-context-driven-delivery\generator
2026-07-14T13:59:36Z [pre ] skip  c:\dev\abd-context-driven-delivery\.context\sketches\manifest-gate-model.sketch.md
2026-07-14T13:59:36Z [read] skip  c:\dev\abd-context-driven-delivery\.context\sketches\manifest-gate-model.sketch.md
2026-07-14T13:59:37Z [post] skip  c:\dev\abd-context-driven-delivery\.context\sketches\manifest-gate-model.sketch.md
2026-07-14T14:00:13Z [post] skip  c:\dev\abd-context-driven-delivery\primitives
2026-07-14T14:00:32Z [post] skip  c:\dev\abd-context-driven-delivery\primitives
2026-07-14T14:00:44Z [pre ] skip  c:\dev\abd-context-driven-delivery\generator\examples\car_chronicle\car-chronicle-template.md
2026-07-14T14:00:45Z [read] skip  c:\dev\abd-context-driven-delivery\generator\examples\car_chronicle\car-chronicle-template.md
2026-07-14T14:00:45Z [post] skip  c:\dev\abd-context-driven-delivery\generator\examples\car_chronicle\car-chronicle-template.md
2026-07-14T14:00:47Z [pre ] skip  c:\dev\abd-context-driven-delivery\_sketch_request.yaml
2026-07-14T14:00:47Z [post] skip  c:\dev\abd-context-driven-delivery\_sketch_request.yaml
2026-07-14T14:00:48Z [post] skip  c:\dev\abd-context-driven-delivery\_sketch_request.yaml
2026-07-14T14:01:01Z [pre ] skip  c:\dev\abd-context-driven-delivery\_scan_request.yaml
2026-07-14T14:01:02Z [pre ] skip  c:\dev\abd-context-driven-delivery\_validate_request.yaml
2026-07-14T14:01:02Z [read] skip  c:\dev\abd-context-driven-delivery\_scan_request.yaml
2026-07-14T14:01:02Z [read] skip  c:\dev\abd-context-driven-delivery\_validate_request.yaml
2026-07-14T14:01:02Z [post] skip  c:\dev\abd-context-driven-delivery\_scan_request.yaml
2026-07-14T14:01:03Z [post] skip  c:\dev\abd-context-driven-delivery\_validate_request.yaml
2026-07-14T14:01:11Z [pre ] skip  c:\dev\abd-context-driven-delivery\_sketch_request.yaml
2026-07-14T14:01:11Z [post] skip  c:\dev\abd-context-driven-delivery\_sketch_request.yaml
2026-07-14T14:01:12Z [post] skip  c:\dev\abd-context-driven-delivery\_sketch_request.yaml
2026-07-14T14:01:43Z [pre ] skip  c:\dev\abd-context-driven-delivery\tools\cli.py
2026-07-14T14:01:43Z [read] skip  c:\dev\abd-context-driven-delivery\tools\cli.py
2026-07-14T14:01:44Z [post] skip  c:\dev\abd-context-driven-delivery\tools\cli.py
2026-07-14T14:01:44Z [post] skip  c:\dev\abd-context-driven-delivery\agent_bdd
2026-07-14T14:01:49Z [pre ] skip  c:\dev\abd-context-driven-delivery\agent_bdd\__init__.py
2026-07-14T14:01:49Z [read] skip  c:\dev\abd-context-driven-delivery\agent_bdd\__init__.py
2026-07-14T14:01:50Z [post] skip  c:\dev\abd-context-driven-delivery\agent_bdd\__init__.py
2026-07-14T14:02:12Z [pre ] skip  c:\dev\abd-context-driven-delivery\agent_bdd\agent_bdd_common.py
2026-07-14T14:02:12Z [post] skip  c:\dev\abd-context-driven-delivery\agent_bdd\agent_bdd_common.py
2026-07-14T14:02:18Z [pre ] skip  c:\dev\abd-context-driven-delivery\tools\cli.py
2026-07-14T14:02:18Z [read] skip  c:\dev\abd-context-driven-delivery\tools\cli.py
2026-07-14T14:02:19Z [post] skip  c:\dev\abd-context-driven-delivery\tools\cli.py
2026-07-14T14:02:22Z [pre ] skip  c:\dev\abd-context-driven-delivery\tools\cli.py
2026-07-14T14:02:23Z [read] skip  c:\dev\abd-context-driven-delivery\tools\cli.py
2026-07-14T14:02:23Z [post] skip  c:\dev\abd-context-driven-delivery\tools\cli.py
2026-07-14T14:02:33Z [pre ] skip  c:\dev\abd-context-driven-delivery\tools\cli.py
2026-07-14T14:02:34Z [read] skip  c:\dev\abd-context-driven-delivery\tools\cli.py
2026-07-14T14:02:34Z [post] skip  c:\dev\abd-context-driven-delivery\tools\cli.py
2026-07-14T14:03:25Z [pre ] skip  c:\dev\abd-context-driven-delivery\generator\examples\car_chronicle\examples\examples.md
2026-07-14T14:03:25Z [read] skip  c:\dev\abd-context-driven-delivery\generator\examples\car_chronicle\examples\examples.md
2026-07-14T14:03:26Z [post] skip  c:\dev\abd-context-driven-delivery\generator\examples\car_chronicle\examples\examples.md
2026-07-14T14:03:36Z [pre ] skip  c:\dev\abd-context-driven-delivery\.cursor\skills\sketch\SKILL.md
2026-07-14T14:03:37Z [read] skip  c:\dev\abd-context-driven-delivery\.cursor\skills\sketch\SKILL.md
2026-07-14T14:03:37Z [post] skip  c:\dev\abd-context-driven-delivery\sketch
2026-07-14T14:03:37Z [post] skip  c:\dev\abd-context-driven-delivery\.cursor\skills\sketch\SKILL.md
2026-07-14T14:03:40Z [pre ] FIRED  c:\dev\abd-context-driven-delivery\sketch\sketch.py  — 1 manifest line(s)
2026-07-14T14:03:40Z [read] FIRED  c:\dev\abd-context-driven-delivery\sketch\sketch.py  — 1 manifest line(s)
2026-07-14T14:03:41Z [post] FIRED  c:\dev\abd-context-driven-delivery\sketch\sketch.py  — 1 manifest line(s)
2026-07-14T14:03:58Z [pre ] FIRED  c:\dev\abd-context-driven-delivery\sketch\sketch.py  — 1 manifest line(s)
2026-07-14T14:03:59Z [read] FIRED  c:\dev\abd-context-driven-delivery\sketch\sketch.py  — 1 manifest line(s)
2026-07-14T14:04:00Z [post] FIRED  c:\dev\abd-context-driven-delivery\sketch\sketch.py  — 1 manifest line(s)
2026-07-14T14:04:01Z [pre ] FIRED  c:\dev\abd-context-driven-delivery\sketch\sketch.py  — 1 manifest line(s)
2026-07-14T14:04:02Z [post] FIRED  c:\dev\abd-context-driven-delivery\sketch\sketch.py  — 1 manifest line(s)
2026-07-14T14:04:02Z [post] FIRED  c:\dev\abd-context-driven-delivery\sketch\sketch.py  — 1 manifest line(s)
2026-07-14T14:04:16Z [pre ] skip  c:\dev\abd-context-driven-delivery\generator\.context\generator-paths-sketch.md
2026-07-14T14:04:17Z [read] skip  c:\dev\abd-context-driven-delivery\generator\.context\generator-paths-sketch.md
2026-07-14T14:04:17Z [post] skip  c:\dev\abd-context-driven-delivery\generator\.context\generator-paths-sketch.md
2026-07-14T14:06:36Z [post] skip  c:\dev\abd-context-driven-delivery\primitives
2026-07-14T14:06:58Z [pre ] skip  c:\dev\abd-context-driven-delivery\ooad\ooad.md
2026-07-14T14:06:58Z [read] skip  c:\dev\abd-context-driven-delivery\ooad\ooad.md
2026-07-14T14:06:58Z [post] skip  c:\dev\abd-context-driven-delivery\ooad\ooad.md
2026-07-14T14:06:59Z [post] skip  c:\dev\abd-context-driven-delivery
2026-07-14T14:07:03Z [pre ] skip  c:\dev\abd-context-driven-delivery\clean-code\clean-code.md
2026-07-14T14:07:03Z [read] skip  c:\dev\abd-context-driven-delivery\clean-code\clean-code.md
2026-07-14T14:07:04Z [post] skip  c:\dev\abd-context-driven-delivery\clean-code\clean-code.md
2026-07-14T14:07:04Z [post] skip  c:\dev\abd-context-driven-delivery
2026-07-14T14:07:04Z [post] skip  c:\dev\abd-context-driven-delivery
2026-07-14T14:08:45Z [pre ] skip  c:\dev\abd-context-driven-delivery\tools\cli.py
2026-07-14T14:08:45Z [read] skip  c:\dev\abd-context-driven-delivery\tools\cli.py
2026-07-14T14:08:45Z [post] skip  c:\dev\abd-context-driven-delivery\tools\cli.py
2026-07-14T14:08:48Z [post] skip  c:\dev\abd-context-driven-delivery\primitives
2026-07-14T14:08:48Z [post] skip  c:\dev\abd-context-driven-delivery\action
2026-07-14T14:09:01Z [pre ] skip  c:\dev\abd-context-driven-delivery\tools\cli.py
2026-07-14T14:09:02Z [read] skip  c:\dev\abd-context-driven-delivery\tools\cli.py
2026-07-14T14:09:02Z [post] skip  c:\dev\abd-context-driven-delivery\tools\cli.py
2026-07-14T14:09:06Z [pre ] skip  c:\dev\abd-context-driven-delivery\action\action.py  — manifest ran but produced no output
2026-07-14T14:09:07Z [post] skip  c:\dev\abd-context-driven-delivery\action\action.py  — manifest ran but produced no output
2026-07-14T14:09:11Z [pre ] skip  c:\dev\abd-context-driven-delivery\tools\cli.py
2026-07-14T14:09:11Z [read] skip  c:\dev\abd-context-driven-delivery\tools\cli.py
2026-07-14T14:09:12Z [post] skip  c:\dev\abd-context-driven-delivery\tools\cli.py
2026-07-14T14:09:12Z [pre ] skip  c:\dev\abd-context-driven-delivery\tools\cli.py
2026-07-14T14:09:13Z [post] skip  c:\dev\abd-context-driven-delivery\tools\cli.py
2026-07-14T14:09:13Z [post] skip  c:\dev\abd-context-driven-delivery\tools\cli.py
2026-07-14T14:09:14Z [pre ] skip  c:\dev\abd-context-driven-delivery\primitives\instruction.py
2026-07-14T14:09:14Z [post] skip  c:\dev\abd-context-driven-delivery\primitives\instruction.py
2026-07-14T14:09:22Z [pre ] skip  c:\dev\abd-context-driven-delivery\primitives\instruction_slot.py
2026-07-14T14:09:22Z [post] skip  c:\dev\abd-context-driven-delivery\primitives\instruction_slot.py
2026-07-14T14:09:26Z [pre ] FIRED  c:\dev\abd-context-driven-delivery\action\action.py  — 5 manifest line(s)
2026-07-14T14:09:27Z [post] FIRED  c:\dev\abd-context-driven-delivery\action\action.py  — 5 manifest line(s)
2026-07-14T14:09:28Z [post] FIRED  c:\dev\abd-context-driven-delivery\action\action.py  — 5 manifest line(s)
2026-07-14T14:09:33Z [pre ] skip  c:\dev\abd-context-driven-delivery\primitives\instruction.py
2026-07-14T14:09:33Z [pre ] FIRED  c:\dev\abd-context-driven-delivery\action\action.py  — 5 manifest line(s)
2026-07-14T14:09:33Z [post] skip  c:\dev\abd-context-driven-delivery\primitives\instruction.py
2026-07-14T14:09:34Z [post] FIRED  c:\dev\abd-context-driven-delivery\action\action.py  — 5 manifest line(s)
2026-07-14T14:09:48Z [post] skip  c:\dev\abd-context-driven-delivery
2026-07-14T14:10:22Z [pre ] skip  c:\dev\abd-context-driven-delivery\primitives\asset_location.py
2026-07-14T14:10:23Z [read] skip  c:\dev\abd-context-driven-delivery\primitives\asset_location.py
2026-07-14T14:10:23Z [post] skip  c:\dev\abd-context-driven-delivery\primitives\asset_location.py
2026-07-14T14:10:38Z [post] skip  c:\dev\abd-context-driven-delivery\_grill_request.yaml
2026-07-14T14:10:39Z [post] skip  c:\dev\abd-context-driven-delivery\_grill_request.yaml
2026-07-14T14:10:52Z [pre ] skip  c:\dev\abd-context-driven-delivery\_grill_request.yaml
2026-07-14T14:10:52Z [post] skip  c:\dev\abd-context-driven-delivery\_grill_request.yaml
2026-07-14T14:10:53Z [post] skip  c:\dev\abd-context-driven-delivery\_grill_request.yaml
2026-07-14T14:16:51Z [post] skip  C:\dev\abd-context-driven-delivery
2026-07-14T14:16:58Z [post] skip  C:\dev\abd-skills
2026-07-14T14:16:59Z [post] skip  C:\dev\abd-context-driven-delivery
2026-07-14T14:16:59Z [pre ] skip  C:\dev\abd-context-driven-delivery\.cursor\skills\diagnose\SKILL.md
2026-07-14T14:17:00Z [read] skip  C:\dev\abd-context-driven-delivery\.cursor\skills\diagnose\SKILL.md
2026-07-14T14:17:00Z [post] skip  C:\dev\abd-context-driven-delivery\.cursor\skills\diagnose\SKILL.md
2026-07-14T14:17:05Z [post] skip  C:\dev\abd-context-driven-delivery
2026-07-14T14:17:22Z [pre ] skip  C:\dev\abd-context-driven-delivery\tools\manifest.py
2026-07-14T14:17:22Z [pre ] FIRED  C:\dev\abd-context-driven-delivery\clean-code\clean_code.py  — 4 manifest line(s)
2026-07-14T14:17:22Z [read] skip  C:\dev\abd-context-driven-delivery\tools\manifest.py
2026-07-14T14:17:23Z [read] FIRED  C:\dev\abd-context-driven-delivery\clean-code\clean_code.py  — 4 manifest line(s)
2026-07-14T14:17:23Z [post] skip  C:\dev\abd-context-driven-delivery\tools\manifest.py
2026-07-14T14:17:23Z [post] FIRED  C:\dev\abd-context-driven-delivery\clean-code\clean_code.py  — 4 manifest line(s)
2026-07-14T14:18:26Z [post] skip  C:\dev\abd-context-driven-delivery
2026-07-14T14:18:26Z [post] skip  C:\dev\abd-context-driven-delivery
2026-07-14T14:18:30Z [pre ] skip  C:\dev\abd-context-driven-delivery\action\__init__.py
2026-07-14T14:18:30Z [pre ] skip  C:\dev\abd-context-driven-delivery\tools\__init__.py
2026-07-14T14:18:30Z [read] skip  C:\dev\abd-context-driven-delivery\action\__init__.py
2026-07-14T14:18:30Z [read] skip  C:\dev\abd-context-driven-delivery\tools\__init__.py
2026-07-14T14:18:31Z [post] skip  C:\dev\abd-context-driven-delivery\action\__init__.py
2026-07-14T14:18:31Z [post] skip  C:\dev\abd-context-driven-delivery\tools\__init__.py
2026-07-14T14:18:49Z [post] skip  C:\dev\abd-context-driven-delivery\sub_agent\__init__.py
2026-07-14T14:18:49Z [post] skip  C:\dev\abd-context-driven-delivery\sub_agent\__init__.py
2026-07-14T14:19:04Z [post] skip  C:\dev\abd-context-driven-delivery\sub_agent\sub_agent.py
2026-07-14T14:19:05Z [post] skip  C:\dev\abd-context-driven-delivery\sub_agent\sub_agent.py
2026-07-14T14:19:14Z [pre ] skip  C:\dev\abd-context-driven-delivery\tools\manifest.py
2026-07-14T14:19:14Z [read] skip  C:\dev\abd-context-driven-delivery\tools\manifest.py
2026-07-14T14:19:15Z [post] skip  C:\dev\abd-context-driven-delivery\tools\manifest.py
2026-07-14T14:19:15Z [pre ] skip  C:\dev\abd-context-driven-delivery\tools\manifest.py
2026-07-14T14:19:16Z [post] skip  C:\dev\abd-context-driven-delivery\tools\manifest.py
2026-07-14T14:19:16Z [post] skip  C:\dev\abd-context-driven-delivery\tools\manifest.py
2026-07-14T14:19:23Z [post] skip  C:\dev\abd-context-driven-delivery\diagnose\__init__.py
2026-07-14T14:19:24Z [post] skip  C:\dev\abd-context-driven-delivery\diagnose\__init__.py
2026-07-14T14:20:06Z [post] FIRED  C:\dev\abd-context-driven-delivery\diagnose\diagnose.py  — 1 manifest line(s)
2026-07-14T14:20:07Z [post] FIRED  C:\dev\abd-context-driven-delivery\diagnose\diagnose.py  — 1 manifest line(s)
2026-07-14T14:23:08Z [post] skip  c:\dev\abd-context-driven-delivery
2026-07-14T14:23:08Z [post] skip  c:\dev\abd-context-driven-delivery
2026-07-14T14:23:35Z [pre ] FIRED  c:\dev\abd-context-driven-delivery\clean-code\clean_code.py  — 4 manifest line(s)
2026-07-14T14:23:35Z [pre ] FIRED  c:\dev\abd-context-driven-delivery\clean_code\clean_code.py  — 5 manifest line(s)
2026-07-14T14:23:36Z [read] FIRED  c:\dev\abd-context-driven-delivery\clean-code\clean_code.py  — 4 manifest line(s)
2026-07-14T14:23:36Z [read] FIRED  c:\dev\abd-context-driven-delivery\clean_code\clean_code.py  — 5 manifest line(s)
2026-07-14T14:23:36Z [post] FIRED  c:\dev\abd-context-driven-delivery\clean-code\clean_code.py  — 4 manifest line(s)
2026-07-14T14:23:37Z [post] FIRED  c:\dev\abd-context-driven-delivery\clean_code\clean_code.py  — 5 manifest line(s)
2026-07-14T14:26:11Z [pre ] skip  c:\dev\abd-context-driven-delivery\clean-code\clean_code_spec.py
2026-07-14T14:26:11Z [pre ] skip  c:\dev\abd-context-driven-delivery\clean-code\clean_code_agent_spec.py
2026-07-14T14:26:11Z [read] skip  c:\dev\abd-context-driven-delivery\clean-code\clean_code_spec.py
2026-07-14T14:26:12Z [read] skip  c:\dev\abd-context-driven-delivery\clean-code\clean_code_agent_spec.py
2026-07-14T14:26:12Z [post] skip  c:\dev\abd-context-driven-delivery\clean-code\clean_code_spec.py
2026-07-14T14:26:12Z [post] skip  c:\dev\abd-context-driven-delivery\clean-code\clean_code_agent_spec.py
2026-07-14T14:26:20Z [pre ] skip  c:\dev\abd-context-driven-delivery\clean_code\clean_code_spec.py
2026-07-14T14:26:20Z [pre ] skip  c:\dev\abd-context-driven-delivery\clean_code\clean_code_agent_spec.py
2026-07-14T14:26:20Z [read] skip  c:\dev\abd-context-driven-delivery\clean_code\clean_code_spec.py
2026-07-14T14:26:21Z [post] skip  c:\dev\abd-context-driven-delivery\clean_code\clean_code_spec.py
2026-07-14T14:26:21Z [read] skip  c:\dev\abd-context-driven-delivery\clean_code\clean_code_agent_spec.py
2026-07-14T14:26:21Z [post] skip  c:\dev\abd-context-driven-delivery\clean_code\clean_code_agent_spec.py
2026-07-14T14:28:00Z [pre ] skip  C:\Users\thoma\.cursor\projects\c-dev-abd-context-driven-delivery/terminals/740591.txt
2026-07-14T14:28:01Z [read] skip  C:\Users\thoma\.cursor\projects\c-dev-abd-context-driven-delivery/terminals/740591.txt
2026-07-14T14:28:01Z [post] skip  C:\Users\thoma\.cursor\projects\c-dev-abd-context-driven-delivery/terminals/740591.txt
2026-07-14T14:28:02Z [pre ] skip  C:\Users\thoma\.cursor\projects\c-dev-abd-context-driven-delivery/terminals/740591.txt
2026-07-14T14:28:02Z [read] skip  C:\Users\thoma\.cursor\projects\c-dev-abd-context-driven-delivery/terminals/740591.txt
2026-07-14T14:28:03Z [post] skip  C:\Users\thoma\.cursor\projects\c-dev-abd-context-driven-delivery/terminals/740591.txt
2026-07-14T14:28:04Z [pre ] skip  C:\Users\thoma\.cursor\projects\c-dev-abd-context-driven-delivery/terminals/740591.txt
2026-07-14T14:28:04Z [read] skip  C:\Users\thoma\.cursor\projects\c-dev-abd-context-driven-delivery/terminals/740591.txt
2026-07-14T14:28:05Z [post] skip  C:\Users\thoma\.cursor\projects\c-dev-abd-context-driven-delivery/terminals/740591.txt
2026-07-14T14:28:05Z [pre ] skip  C:\Users\thoma\.cursor\projects\c-dev-abd-context-driven-delivery/terminals/740591.txt
2026-07-14T14:28:06Z [read] skip  C:\Users\thoma\.cursor\projects\c-dev-abd-context-driven-delivery/terminals/740591.txt
2026-07-14T14:28:06Z [post] skip  C:\Users\thoma\.cursor\projects\c-dev-abd-context-driven-delivery/terminals/740591.txt
2026-07-14T14:28:07Z [pre ] skip  C:\Users\thoma\.cursor\projects\c-dev-abd-context-driven-delivery/terminals/740591.txt
2026-07-14T14:28:08Z [read] skip  C:\Users\thoma\.cursor\projects\c-dev-abd-context-driven-delivery/terminals/740591.txt
2026-07-14T14:28:08Z [post] skip  C:\Users\thoma\.cursor\projects\c-dev-abd-context-driven-delivery/terminals/740591.txt
2026-07-14T14:28:09Z [pre ] skip  C:\Users\thoma\.cursor\projects\c-dev-abd-context-driven-delivery/terminals/740591.txt
2026-07-14T14:28:09Z [read] skip  C:\Users\thoma\.cursor\projects\c-dev-abd-context-driven-delivery/terminals/740591.txt
2026-07-14T14:28:10Z [post] skip  C:\Users\thoma\.cursor\projects\c-dev-abd-context-driven-delivery/terminals/740591.txt
2026-07-14T14:28:10Z [pre ] skip  C:\Users\thoma\.cursor\projects\c-dev-abd-context-driven-delivery/terminals/740591.txt
2026-07-14T14:28:11Z [read] skip  C:\Users\thoma\.cursor\projects\c-dev-abd-context-driven-delivery/terminals/740591.txt
2026-07-14T14:28:11Z [post] skip  C:\Users\thoma\.cursor\projects\c-dev-abd-context-driven-delivery/terminals/740591.txt
2026-07-14T14:28:12Z [pre ] skip  C:\Users\thoma\.cursor\projects\c-dev-abd-context-driven-delivery/terminals/740591.txt
2026-07-14T14:28:13Z [read] skip  C:\Users\thoma\.cursor\projects\c-dev-abd-context-driven-delivery/terminals/740591.txt
2026-07-14T14:28:13Z [post] skip  C:\Users\thoma\.cursor\projects\c-dev-abd-context-driven-delivery/terminals/740591.txt
2026-07-14T14:28:14Z [pre ] skip  C:\Users\thoma\.cursor\projects\c-dev-abd-context-driven-delivery/terminals/740591.txt
2026-07-14T14:28:14Z [read] skip  C:\Users\thoma\.cursor\projects\c-dev-abd-context-driven-delivery/terminals/740591.txt
2026-07-14T14:28:15Z [post] skip  C:\Users\thoma\.cursor\projects\c-dev-abd-context-driven-delivery/terminals/740591.txt
2026-07-14T14:28:15Z [pre ] skip  C:\Users\thoma\.cursor\projects\c-dev-abd-context-driven-delivery/terminals/740591.txt
2026-07-14T14:28:16Z [read] skip  C:\Users\thoma\.cursor\projects\c-dev-abd-context-driven-delivery/terminals/740591.txt
2026-07-14T14:28:16Z [post] skip  C:\Users\thoma\.cursor\projects\c-dev-abd-context-driven-delivery/terminals/740591.txt
2026-07-14T14:28:17Z [pre ] skip  C:\Users\thoma\.cursor\projects\c-dev-abd-context-driven-delivery/terminals/740591.txt
2026-07-14T14:28:18Z [read] skip  C:\Users\thoma\.cursor\projects\c-dev-abd-context-driven-delivery/terminals/740591.txt
2026-07-14T14:28:18Z [post] skip  C:\Users\thoma\.cursor\projects\c-dev-abd-context-driven-delivery/terminals/740591.txt
2026-07-14T14:28:19Z [pre ] skip  C:\Users\thoma\.cursor\projects\c-dev-abd-context-driven-delivery/terminals/740591.txt
2026-07-14T14:28:20Z [read] skip  C:\Users\thoma\.cursor\projects\c-dev-abd-context-driven-delivery/terminals/740591.txt
2026-07-14T14:28:20Z [post] skip  C:\Users\thoma\.cursor\projects\c-dev-abd-context-driven-delivery/terminals/740591.txt
2026-07-14T14:28:21Z [pre ] skip  C:\Users\thoma\.cursor\projects\c-dev-abd-context-driven-delivery/terminals/740591.txt
2026-07-14T14:28:21Z [read] skip  C:\Users\thoma\.cursor\projects\c-dev-abd-context-driven-delivery/terminals/740591.txt
2026-07-14T14:28:22Z [post] skip  C:\Users\thoma\.cursor\projects\c-dev-abd-context-driven-delivery/terminals/740591.txt
2026-07-14T14:28:22Z [pre ] skip  C:\Users\thoma\.cursor\projects\c-dev-abd-context-driven-delivery/terminals/740591.txt
2026-07-14T14:28:23Z [read] skip  C:\Users\thoma\.cursor\projects\c-dev-abd-context-driven-delivery/terminals/740591.txt
2026-07-14T14:28:23Z [post] skip  C:\Users\thoma\.cursor\projects\c-dev-abd-context-driven-delivery/terminals/740591.txt
2026-07-14T14:28:24Z [pre ] skip  C:\Users\thoma\.cursor\projects\c-dev-abd-context-driven-delivery/terminals/740591.txt
2026-07-14T14:28:25Z [read] skip  C:\Users\thoma\.cursor\projects\c-dev-abd-context-driven-delivery/terminals/740591.txt
2026-07-14T14:28:25Z [post] skip  C:\Users\thoma\.cursor\projects\c-dev-abd-context-driven-delivery/terminals/740591.txt
2026-07-14T14:28:26Z [pre ] skip  C:\Users\thoma\.cursor\projects\c-dev-abd-context-driven-delivery/terminals/740591.txt
2026-07-14T14:28:26Z [read] skip  C:\Users\thoma\.cursor\projects\c-dev-abd-context-driven-delivery/terminals/740591.txt
2026-07-14T14:28:27Z [post] skip  C:\Users\thoma\.cursor\projects\c-dev-abd-context-driven-delivery/terminals/740591.txt
2026-07-14T14:28:28Z [pre ] skip  C:\Users\thoma\.cursor\projects\c-dev-abd-context-driven-delivery/terminals/740591.txt
2026-07-14T14:28:28Z [read] skip  C:\Users\thoma\.cursor\projects\c-dev-abd-context-driven-delivery/terminals/740591.txt
2026-07-14T14:28:29Z [post] skip  C:\Users\thoma\.cursor\projects\c-dev-abd-context-driven-delivery/terminals/740591.txt
2026-07-14T14:28:29Z [pre ] skip  C:\Users\thoma\.cursor\projects\c-dev-abd-context-driven-delivery/terminals/740591.txt
2026-07-14T14:28:30Z [read] skip  C:\Users\thoma\.cursor\projects\c-dev-abd-context-driven-delivery/terminals/740591.txt
2026-07-14T14:28:30Z [post] skip  C:\Users\thoma\.cursor\projects\c-dev-abd-context-driven-delivery/terminals/740591.txt
2026-07-14T14:28:34Z [pre ] skip  C:\Users\thoma\.cursor\projects\c-dev-abd-context-driven-delivery/terminals/740591.txt
2026-07-14T14:28:35Z [read] skip  C:\Users\thoma\.cursor\projects\c-dev-abd-context-driven-delivery/terminals/740591.txt
2026-07-14T14:28:36Z [post] skip  C:\Users\thoma\.cursor\projects\c-dev-abd-context-driven-delivery/terminals/740591.txt
2026-07-14T14:29:56Z [pre ] skip  c:\dev\abd-context-driven-delivery\generator\generator.md
2026-07-14T14:29:57Z [pre ] skip  c:\dev\abd-context-driven-delivery\generator\generator-behavior.md
2026-07-14T14:29:57Z [read] skip  c:\dev\abd-context-driven-delivery\generator\generator.md
2026-07-14T14:29:57Z [read] skip  c:\dev\abd-context-driven-delivery\generator\generator-behavior.md
2026-07-14T14:29:57Z [post] skip  c:\dev\abd-context-driven-delivery\generator\generator.md
2026-07-14T14:29:58Z [post] skip  c:\dev\abd-context-driven-delivery\generator\generator-behavior.md
2026-07-14T14:30:34Z [pre ] skip  c:\dev\abd-context-driven-delivery\tools\tool.py
2026-07-14T14:30:35Z [post] skip  c:\dev\abd-context-driven-delivery\tools\tool.py
2026-07-14T14:30:36Z [post] skip  c:\dev\abd-context-driven-delivery\tools\tool.py
2026-07-14T14:30:41Z [pre ] skip  c:\dev\abd-context-driven-delivery\generator\generator.md
2026-07-14T14:30:42Z [read] skip  c:\dev\abd-context-driven-delivery\generator\generator.md
2026-07-14T14:30:42Z [post] skip  c:\dev\abd-context-driven-delivery\generator\generator.md
2026-07-14T14:30:43Z [pre ] skip  c:\dev\abd-context-driven-delivery\generator\generator.md
2026-07-14T14:30:43Z [post] skip  c:\dev\abd-context-driven-delivery\generator\generator.md
2026-07-14T14:30:44Z [post] skip  c:\dev\abd-context-driven-delivery\generator\generator.md
2026-07-14T14:30:50Z [pre ] skip  c:\dev\abd-context-driven-delivery\generator\generator.md
2026-07-14T14:30:51Z [post] skip  c:\dev\abd-context-driven-delivery\generator\generator.md
2026-07-14T14:30:51Z [post] skip  c:\dev\abd-context-driven-delivery\generator\generator.md
2026-07-14T14:30:56Z [pre ] skip  c:\dev\abd-context-driven-delivery\generator\generator-behavior.md
2026-07-14T14:30:56Z [read] skip  c:\dev\abd-context-driven-delivery\generator\generator-behavior.md
2026-07-14T14:30:57Z [post] skip  c:\dev\abd-context-driven-delivery\generator\generator-behavior.md
2026-07-14T14:30:57Z [pre ] skip  c:\dev\abd-context-driven-delivery\generator\generator-behavior.md
2026-07-14T14:30:58Z [post] skip  c:\dev\abd-context-driven-delivery\generator\generator-behavior.md
2026-07-14T14:30:58Z [post] skip  c:\dev\abd-context-driven-delivery\generator\generator-behavior.md
2026-07-14T14:32:24Z [pre ] skip  c:\dev\abd-context-driven-delivery\generator\__init__.py
2026-07-14T14:32:25Z [read] skip  c:\dev\abd-context-driven-delivery\generator\__init__.py
2026-07-14T14:32:25Z [post] skip  c:\dev\abd-context-driven-delivery\generator\__init__.py
2026-07-14T14:32:43Z [pre ] FIRED  c:\dev\abd-context-driven-delivery\generator\generator.py  — 1 manifest line(s)
2026-07-14T14:32:44Z [read] FIRED  c:\dev\abd-context-driven-delivery\generator\generator.py  — 1 manifest line(s)
2026-07-14T14:32:45Z [post] FIRED  c:\dev\abd-context-driven-delivery\generator\generator.py  — 1 manifest line(s)
2026-07-14T14:32:46Z [pre ] FIRED  c:\dev\abd-context-driven-delivery\generator\generator.py  — 1 manifest line(s)
2026-07-14T14:32:46Z [post] skip  c:\dev\abd-context-driven-delivery\generator\generator.py  — manifest ran but produced no output
2026-07-14T14:32:47Z [post] skip  c:\dev\abd-context-driven-delivery\generator\generator.py  — manifest ran but produced no output
2026-07-14T14:32:52Z [pre ] skip  c:\dev\abd-context-driven-delivery\generator\__init__.py
2026-07-14T14:32:53Z [read] skip  c:\dev\abd-context-driven-delivery\generator\__init__.py
2026-07-14T14:32:53Z [post] skip  c:\dev\abd-context-driven-delivery\generator\__init__.py
2026-07-14T14:32:54Z [pre ] skip  c:\dev\abd-context-driven-delivery\generator\__init__.py
2026-07-14T14:32:54Z [post] skip  c:\dev\abd-context-driven-delivery\generator\__init__.py
2026-07-14T14:32:55Z [post] skip  c:\dev\abd-context-driven-delivery\generator\__init__.py
2026-07-14T14:32:59Z [pre ] skip  c:\dev\abd-context-driven-delivery\ooad\ooad.py  — manifest ran but produced no output
2026-07-14T14:33:00Z [post] skip  c:\dev\abd-context-driven-delivery\ooad\ooad.py  — manifest ran but produced no output
2026-07-14T14:33:01Z [post] skip  c:\dev\abd-context-driven-delivery\ooad\ooad.py  — manifest ran but produced no output
2026-07-14T14:33:05Z [pre ] skip  c:\dev\abd-context-driven-delivery\ooad\ooad.py  — manifest ran but produced no output
2026-07-14T14:33:06Z [post] skip  c:\dev\abd-context-driven-delivery\ooad\ooad.py  — manifest ran but produced no output
2026-07-14T14:33:07Z [post] skip  c:\dev\abd-context-driven-delivery\ooad\ooad.py  — manifest ran but produced no output
2026-07-14T14:33:11Z [pre ] skip  c:\dev\abd-context-driven-delivery\bdd\bdd.py  — manifest ran but produced no output
2026-07-14T14:33:12Z [post] skip  c:\dev\abd-context-driven-delivery\bdd\bdd.py  — manifest ran but produced no output
2026-07-14T14:33:13Z [post] skip  c:\dev\abd-context-driven-delivery\bdd\bdd.py  — manifest ran but produced no output
2026-07-14T14:33:16Z [pre ] skip  c:\dev\abd-context-driven-delivery\bdd\bdd.py  — manifest ran but produced no output
2026-07-14T14:33:17Z [post] FIRED  c:\dev\abd-context-driven-delivery\bdd\bdd.py  — 4 manifest line(s)
2026-07-14T14:33:18Z [post] FIRED  c:\dev\abd-context-driven-delivery\bdd\bdd.py  — 4 manifest line(s)
2026-07-14T14:33:23Z [pre ] FIRED  c:\dev\abd-context-driven-delivery\clean_code\clean_code.py  — 5 manifest line(s)
2026-07-14T14:33:24Z [read] FIRED  c:\dev\abd-context-driven-delivery\clean_code\clean_code.py  — 5 manifest line(s)
2026-07-14T14:33:25Z [post] FIRED  c:\dev\abd-context-driven-delivery\clean_code\clean_code.py  — 5 manifest line(s)
2026-07-14T14:33:26Z [pre ] FIRED  c:\dev\abd-context-driven-delivery\clean_code\clean_code.py  — 5 manifest line(s)
2026-07-14T14:33:27Z [post] FIRED  c:\dev\abd-context-driven-delivery\clean_code\clean_code.py  — 5 manifest line(s)
2026-07-14T14:33:28Z [post] FIRED  c:\dev\abd-context-driven-delivery\clean_code\clean_code.py  — 5 manifest line(s)
2026-07-14T14:33:34Z [pre ] FIRED  c:\dev\abd-context-driven-delivery\clean_code\clean_code.py  — 5 manifest line(s)
2026-07-14T14:33:35Z [post] FIRED  c:\dev\abd-context-driven-delivery\clean_code\clean_code.py  — 5 manifest line(s)
2026-07-14T14:33:36Z [post] FIRED  c:\dev\abd-context-driven-delivery\clean_code\clean_code.py  — 5 manifest line(s)
2026-07-14T14:33:40Z [pre ] skip  c:\dev\abd-context-driven-delivery\agent_bdd\agent_bdd.py  — manifest ran but produced no output
2026-07-14T14:33:41Z [post] skip  c:\dev\abd-context-driven-delivery\agent_bdd\agent_bdd.py  — manifest ran but produced no output
2026-07-14T14:33:42Z [post] skip  c:\dev\abd-context-driven-delivery\agent_bdd\agent_bdd.py  — manifest ran but produced no output
2026-07-14T14:33:46Z [pre ] skip  c:\dev\abd-context-driven-delivery\agent_bdd\agent_bdd.py  — manifest ran but produced no output
2026-07-14T14:33:47Z [post] FIRED  c:\dev\abd-context-driven-delivery\agent_bdd\agent_bdd.py  — 4 manifest line(s)
2026-07-14T14:33:47Z [post] FIRED  c:\dev\abd-context-driven-delivery\agent_bdd\agent_bdd.py  — 4 manifest line(s)
2026-07-14T14:33:51Z [pre ] FIRED  c:\dev\abd-context-driven-delivery\action\agent_with_actions.py  — 5 manifest line(s)
2026-07-14T14:33:52Z [read] FIRED  c:\dev\abd-context-driven-delivery\action\agent_with_actions.py  — 5 manifest line(s)
2026-07-14T14:33:53Z [post] FIRED  c:\dev\abd-context-driven-delivery\action\agent_with_actions.py  — 5 manifest line(s)
2026-07-14T14:33:54Z [pre ] FIRED  c:\dev\abd-context-driven-delivery\action\agent_with_actions.py  — 5 manifest line(s)
2026-07-14T14:33:55Z [post] FIRED  c:\dev\abd-context-driven-delivery\action\agent_with_actions.py  — 5 manifest line(s)
2026-07-14T14:33:57Z [post] FIRED  c:\dev\abd-context-driven-delivery\action\agent_with_actions.py  — 5 manifest line(s)
2026-07-14T14:34:14Z [pre ] FIRED  c:\dev\abd-context-driven-delivery\action\agent_with_actions.py  — 5 manifest line(s)
2026-07-14T14:34:15Z [post] FIRED  c:\dev\abd-context-driven-delivery\action\agent_with_actions.py  — 5 manifest line(s)
2026-07-14T14:34:16Z [post] FIRED  c:\dev\abd-context-driven-delivery\action\agent_with_actions.py  — 5 manifest line(s)
2026-07-14T14:34:21Z [pre ] skip  c:\dev\abd-context-driven-delivery\generator\examples\car_chronicle\car_chronicle.py  — manifest ran but produced no output
2026-07-14T14:34:22Z [read] skip  c:\dev\abd-context-driven-delivery\generator\examples\car_chronicle\car_chronicle.py  — manifest ran but produced no output
2026-07-14T14:34:22Z [post] skip  c:\dev\abd-context-driven-delivery\generator\examples\car_chronicle\car_chronicle.py  — manifest ran but produced no output
2026-07-14T14:34:23Z [pre ] skip  c:\dev\abd-context-driven-delivery\generator\examples\car_chronicle\car_chronicle.py  — manifest ran but produced no output
2026-07-14T14:34:24Z [post] FIRED  c:\dev\abd-context-driven-delivery\generator\examples\car_chronicle\car_chronicle.py  — 2 manifest line(s)
2026-07-14T14:34:25Z [post] FIRED  c:\dev\abd-context-driven-delivery\generator\examples\car_chronicle\car_chronicle.py  — 2 manifest line(s)
2026-07-14T14:34:29Z [pre ] skip  c:\dev\abd-context-driven-delivery\generator\examples\car_chronicle\chronicle_with_output.py  — manifest ran but produced no output
2026-07-14T14:34:29Z [read] skip  c:\dev\abd-context-driven-delivery\generator\examples\car_chronicle\chronicle_with_output.py  — manifest ran but produced no output
2026-07-14T14:34:30Z [post] skip  c:\dev\abd-context-driven-delivery\generator\examples\car_chronicle\chronicle_with_output.py  — manifest ran but produced no output
2026-07-14T14:34:32Z [pre ] skip  c:\dev\abd-context-driven-delivery\generator\templates\domain-toolset.py  — manifest ran but produced no output
2026-07-14T14:34:32Z [read] skip  c:\dev\abd-context-driven-delivery\generator\templates\domain-toolset.py  — manifest ran but produced no output
2026-07-14T14:34:33Z [post] skip  c:\dev\abd-context-driven-delivery\generator\templates\domain-toolset.py  — manifest ran but produced no output
2026-07-14T14:34:34Z [pre ] skip  c:\dev\abd-context-driven-delivery\generator\templates\domain-toolset.py  — manifest ran but produced no output
2026-07-14T14:34:35Z [post] skip  c:\dev\abd-context-driven-delivery\generator\templates\domain-toolset.py  — manifest ran but produced no output
2026-07-14T14:34:35Z [post] skip  c:\dev\abd-context-driven-delivery\generator\templates\domain-toolset.py  — manifest ran but produced no output
2026-07-14T14:34:39Z [pre ] skip  c:\dev\abd-context-driven-delivery\generator\examples\car_chronicle\chronicle_with_output.py  — manifest ran but produced no output
2026-07-14T14:34:40Z [read] skip  c:\dev\abd-context-driven-delivery\generator\examples\car_chronicle\chronicle_with_output.py  — manifest ran but produced no output
2026-07-14T14:34:41Z [post] skip  c:\dev\abd-context-driven-delivery\generator\examples\car_chronicle\chronicle_with_output.py  — manifest ran but produced no output
2026-07-14T14:34:45Z [pre ] skip  c:\dev\abd-context-driven-delivery\generator\examples\car_chronicle\chronicle_with_output.py  — manifest ran but produced no output
2026-07-14T14:34:45Z [read] skip  c:\dev\abd-context-driven-delivery\generator\examples\car_chronicle\chronicle_with_output.py  — manifest ran but produced no output
2026-07-14T14:34:46Z [post] skip  c:\dev\abd-context-driven-delivery\generator\examples\car_chronicle\chronicle_with_output.py  — manifest ran but produced no output
2026-07-14T14:34:47Z [pre ] skip  c:\dev\abd-context-driven-delivery\generator\examples\car_chronicle\chronicle_with_output.py  — manifest ran but produced no output
2026-07-14T14:34:47Z [post] skip  c:\dev\abd-context-driven-delivery\generator\examples\car_chronicle\chronicle_with_output.py  — manifest ran but produced no output
2026-07-14T14:34:48Z [post] skip  c:\dev\abd-context-driven-delivery\generator\examples\car_chronicle\chronicle_with_output.py  — manifest ran but produced no output
2026-07-14T14:34:52Z [pre ] skip  c:\dev\abd-context-driven-delivery\generator\examples\car_chronicle\chronicle_with_output.py  — manifest ran but produced no output
2026-07-14T14:34:52Z [post] FIRED  c:\dev\abd-context-driven-delivery\generator\examples\car_chronicle\chronicle_with_output.py  — 2 manifest line(s)
2026-07-14T14:34:53Z [post] FIRED  c:\dev\abd-context-driven-delivery\generator\examples\car_chronicle\chronicle_with_output.py  — 2 manifest line(s)
2026-07-14T14:34:59Z [pre ] FIRED  c:\dev\abd-context-driven-delivery\action\action.py  — 5 manifest line(s)
2026-07-14T14:35:01Z [post] FIRED  c:\dev\abd-context-driven-delivery\action\action.py  — 5 manifest line(s)
2026-07-14T14:35:02Z [post] FIRED  c:\dev\abd-context-driven-delivery\action\action.py  — 5 manifest line(s)
2026-07-14T14:35:12Z [pre ] skip  c:\dev\abd-context-driven-delivery\generator\generator.md
2026-07-14T14:35:12Z [post] skip  c:\dev\abd-context-driven-delivery\generator\generator.md
2026-07-14T14:35:13Z [post] skip  c:\dev\abd-context-driven-delivery\generator\generator.md
2026-07-14T14:35:28Z [pre ] skip  c:\dev\abd-context-driven-delivery\generator\.context\generator-paths-sketch.md
2026-07-14T14:35:28Z [read] skip  c:\dev\abd-context-driven-delivery\generator\.context\generator-paths-sketch.md
2026-07-14T14:35:28Z [post] skip  c:\dev\abd-context-driven-delivery\generator\.context\generator-paths-sketch.md
2026-07-14T14:35:29Z [pre ] skip  c:\dev\abd-context-driven-delivery\generator\.context\generator-paths-sketch.md
2026-07-14T14:35:30Z [post] skip  c:\dev\abd-context-driven-delivery\generator\.context\generator-paths-sketch.md
2026-07-14T14:35:30Z [post] skip  c:\dev\abd-context-driven-delivery\generator\.context\generator-paths-sketch.md
2026-07-14T14:35:35Z [pre ] skip  c:\dev\abd-context-driven-delivery\generator\.context\generator-paths-sketch.md
2026-07-14T14:35:36Z [post] skip  c:\dev\abd-context-driven-delivery\generator\.context\generator-paths-sketch.md
2026-07-14T14:35:36Z [post] skip  c:\dev\abd-context-driven-delivery\generator\.context\generator-paths-sketch.md
2026-07-14T14:35:40Z [pre ] skip  c:\dev\abd-context-driven-delivery\generator\.context\generator-paths-sketch.md
2026-07-14T14:35:40Z [post] skip  c:\dev\abd-context-driven-delivery\generator\.context\generator-paths-sketch.md
2026-07-14T14:35:41Z [post] skip  c:\dev\abd-context-driven-delivery\generator\.context\generator-paths-sketch.md
2026-07-14T14:35:45Z [pre ] skip  c:\dev\abd-context-driven-delivery\primitives\domain-model.md
2026-07-14T14:35:46Z [read] skip  c:\dev\abd-context-driven-delivery\primitives\domain-model.md
2026-07-14T14:35:46Z [post] skip  c:\dev\abd-context-driven-delivery\primitives\domain-model.md
2026-07-14T14:35:47Z [pre ] skip  c:\dev\abd-context-driven-delivery\primitives\domain-model.md
2026-07-14T14:35:47Z [post] skip  c:\dev\abd-context-driven-delivery\primitives\domain-model.md
2026-07-14T14:35:48Z [post] skip  c:\dev\abd-context-driven-delivery\primitives\domain-model.md
2026-07-14T14:35:53Z [pre ] skip  c:\dev\abd-context-driven-delivery\.cursor\skills\generator\SKILL.md
2026-07-14T14:35:53Z [read] skip  c:\dev\abd-context-driven-delivery\.cursor\skills\generator\SKILL.md
2026-07-14T14:35:54Z [post] skip  c:\dev\abd-context-driven-delivery\.cursor\skills\generator\SKILL.md
2026-07-14T14:35:54Z [pre ] skip  c:\dev\abd-context-driven-delivery\.cursor\skills\generator\SKILL.md
2026-07-14T14:35:55Z [post] skip  c:\dev\abd-context-driven-delivery\.cursor\skills\generator\SKILL.md
2026-07-14T14:35:55Z [post] skip  c:\dev\abd-context-driven-delivery\.cursor\skills\generator\SKILL.md
2026-07-14T14:36:02Z [pre ] skip  c:\dev\abd-context-driven-delivery\.context\conventions\focused-examples.md
2026-07-14T14:36:02Z [read] skip  c:\dev\abd-context-driven-delivery\.context\conventions\focused-examples.md
2026-07-14T14:36:03Z [post] skip  c:\dev\abd-context-driven-delivery\.context\conventions\focused-examples.md
2026-07-14T14:36:03Z [pre ] skip  c:\dev\abd-context-driven-delivery\.context\conventions\focused-examples.md
2026-07-14T14:36:04Z [post] skip  c:\dev\abd-context-driven-delivery\.context\conventions\focused-examples.md
2026-07-14T14:36:04Z [post] skip  c:\dev\abd-context-driven-delivery\.context\conventions\focused-examples.md
2026-07-14T14:36:11Z [pre ] skip  c:\dev\abd-context-driven-delivery\generator\.context\domain-model.md
2026-07-14T14:36:12Z [post] skip  c:\dev\abd-context-driven-delivery\generator\.context\domain-model.md
2026-07-14T14:36:12Z [post] skip  c:\dev\abd-context-driven-delivery\generator\.context\domain-model.md
2026-07-14T14:36:19Z [pre ] skip  c:\dev\abd-context-driven-delivery\generator\.context\domain-model.md
2026-07-14T14:36:20Z [post] skip  c:\dev\abd-context-driven-delivery\generator\.context\domain-model.md
2026-07-14T14:36:20Z [post] skip  c:\dev\abd-context-driven-delivery\generator\.context\domain-model.md
2026-07-14T14:36:27Z [pre ] skip  c:\dev\abd-context-driven-delivery\generator\.context\domain-model.md
2026-07-14T14:36:28Z [post] skip  c:\dev\abd-context-driven-delivery\generator\.context\domain-model.md
2026-07-14T14:36:28Z [post] skip  c:\dev\abd-context-driven-delivery\generator\.context\domain-model.md
2026-07-14T14:36:32Z [pre ] skip  c:\dev\abd-context-driven-delivery\generator\.context\domain-model.md
2026-07-14T14:36:33Z [post] skip  c:\dev\abd-context-driven-delivery\generator\.context\domain-model.md
2026-07-14T14:36:33Z [post] skip  c:\dev\abd-context-driven-delivery\generator\.context\domain-model.md
2026-07-14T14:36:42Z [pre ] skip  c:\dev\abd-context-driven-delivery\generator\.context\domain-model.md
2026-07-14T14:36:42Z [post] skip  c:\dev\abd-context-driven-delivery\generator\.context\domain-model.md
2026-07-14T14:36:43Z [post] skip  c:\dev\abd-context-driven-delivery\generator\.context\domain-model.md
2026-07-14T14:36:47Z [pre ] skip  c:\dev\abd-context-driven-delivery\generator\generator.md
2026-07-14T14:36:47Z [post] skip  c:\dev\abd-context-driven-delivery\generator\generator.md
2026-07-14T14:36:48Z [post] skip  c:\dev\abd-context-driven-delivery\generator\generator.md
2026-07-14T14:36:56Z [pre ] skip  c:\dev\abd-context-driven-delivery\generator\generator.md
2026-07-14T14:36:56Z [post] skip  c:\dev\abd-context-driven-delivery\generator\generator.md
2026-07-14T14:36:57Z [post] skip  c:\dev\abd-context-driven-delivery\generator\generator.md
2026-07-14T14:37:16Z [pre ] FIRED  c:\dev\abd-context-driven-delivery\generator\generator.py  — 1 manifest line(s)
2026-07-14T14:37:17Z [post] FIRED  c:\dev\abd-context-driven-delivery\generator\generator.py  — 1 manifest line(s)
2026-07-14T14:37:18Z [post] FIRED  c:\dev\abd-context-driven-delivery\generator\generator.py  — 1 manifest line(s)
2026-07-14T14:37:30Z [pre ] FIRED  c:\dev\abd-context-driven-delivery\generator\examples\car_chronicle\car_chronicle.py  — 2 manifest line(s)
2026-07-14T14:37:31Z [post] FIRED  c:\dev\abd-context-driven-delivery\generator\examples\car_chronicle\car_chronicle.py  — 2 manifest line(s)
2026-07-14T14:37:32Z [post] FIRED  c:\dev\abd-context-driven-delivery\generator\examples\car_chronicle\car_chronicle.py  — 2 manifest line(s)
2026-07-14T14:37:46Z [pre ] skip  c:\dev\abd-context-driven-delivery\generator\generator_spec.py
2026-07-14T14:37:47Z [post] skip  c:\dev\abd-context-driven-delivery\generator\generator_spec.py
2026-07-14T14:37:48Z [post] skip  c:\dev\abd-context-driven-delivery\generator\generator_spec.py
2026-07-14T15:19:33Z [pre ] skip  C:\dev\abd-context-driven-delivery\clean_code\clean-code.md
2026-07-14T15:19:33Z [read] skip  C:\dev\abd-context-driven-delivery\clean_code\clean-code.md
2026-07-14T15:19:34Z [post] skip  C:\dev\abd-context-driven-delivery\clean_code\clean-code.md
2026-07-14T15:19:55Z [post] skip  C:\dev\abd-context-driven-delivery\_explore_ooad.yaml
2026-07-14T15:19:56Z [post] skip  C:\dev\abd-context-driven-delivery\_explore_ooad.yaml
2026-07-14T15:19:57Z [post] skip  C:\dev\abd-context-driven-delivery\_explore_clean_code.yaml
2026-07-14T15:19:58Z [post] skip  C:\dev\abd-context-driven-delivery\_explore_clean_code.yaml
2026-07-14T15:20:10Z [pre ] skip  C:\dev\abd-context-driven-delivery\_explore_ooad.yaml
2026-07-14T15:20:11Z [post] skip  C:\dev\abd-context-driven-delivery\_explore_ooad.yaml
2026-07-14T15:20:11Z [pre ] skip  C:\dev\abd-context-driven-delivery\_explore_clean_code.yaml
2026-07-14T15:20:11Z [post] skip  C:\dev\abd-context-driven-delivery\_explore_ooad.yaml
2026-07-14T15:20:11Z [post] skip  C:\dev\abd-context-driven-delivery\_explore_clean_code.yaml
2026-07-14T15:20:12Z [post] skip  C:\dev\abd-context-driven-delivery\_explore_clean_code.yaml
2026-07-14T15:20:24Z [pre ] skip  C:\dev\abd-context-driven-delivery\_explore_ooad.yaml
2026-07-14T15:20:24Z [pre ] skip  C:\dev\abd-context-driven-delivery\_explore_clean_code.yaml
2026-07-14T15:20:25Z [post] skip  C:\dev\abd-context-driven-delivery\_explore_ooad.yaml
2026-07-14T15:20:25Z [post] skip  C:\dev\abd-context-driven-delivery\_explore_clean_code.yaml
2026-07-14T15:20:25Z [post] skip  C:\dev\abd-context-driven-delivery\_explore_ooad.yaml
2026-07-14T15:20:25Z [post] skip  C:\dev\abd-context-driven-delivery\_explore_clean_code.yaml
2026-07-14T15:20:38Z [pre ] skip  C:\dev\abd-context-driven-delivery\_generate_request.yaml
2026-07-14T15:20:38Z [read] skip  C:\dev\abd-context-driven-delivery\_generate_request.yaml
2026-07-14T15:20:39Z [post] skip  C:\dev\abd-context-driven-delivery\_generate_request.yaml
2026-07-14T15:20:42Z [pre ] skip  C:\dev\abd-context-driven-delivery\_explore_ooad.yaml
2026-07-14T15:20:43Z [post] skip  C:\dev\abd-context-driven-delivery\_explore_ooad.yaml
2026-07-14T15:20:43Z [post] skip  C:\dev\abd-context-driven-delivery\_explore_ooad.yaml
2026-07-14T15:20:44Z [pre ] skip  C:\dev\abd-context-driven-delivery\_explore_clean_code.yaml
2026-07-14T15:20:44Z [post] skip  C:\dev\abd-context-driven-delivery\_explore_clean_code.yaml
2026-07-14T15:20:45Z [post] skip  C:\dev\abd-context-driven-delivery\_explore_clean_code.yaml
2026-07-14T15:20:57Z [pre ] skip  C:\dev\abd-context-driven-delivery\ooad\.context\grill-answers.md
2026-07-14T15:20:57Z [pre ] skip  C:\dev\abd-context-driven-delivery\ooad\.context\ooad-model.md
2026-07-14T15:20:57Z [read] skip  C:\dev\abd-context-driven-delivery\ooad\.context\grill-answers.md
2026-07-14T15:20:58Z [pre ] skip  C:\dev\abd-context-driven-delivery\ooad\.context\rethinking-fidelity-and-process.md
2026-07-14T15:20:58Z [read] skip  C:\dev\abd-context-driven-delivery\ooad\.context\ooad-model.md
2026-07-14T15:20:58Z [post] skip  C:\dev\abd-context-driven-delivery\ooad\.context\grill-answers.md
2026-07-14T15:20:58Z [read] skip  C:\dev\abd-context-driven-delivery\ooad\.context\rethinking-fidelity-and-process.md
2026-07-14T15:20:58Z [post] skip  C:\dev\abd-context-driven-delivery\ooad\.context\ooad-model.md
2026-07-14T15:20:59Z [post] skip  C:\dev\abd-context-driven-delivery\ooad\.context\rethinking-fidelity-and-process.md
2026-07-14T15:21:51Z [post] skip  C:\dev\abd-context-driven-delivery\_grill_write.yaml
2026-07-14T15:21:52Z [post] skip  C:\dev\abd-context-driven-delivery\_grill_write.yaml
2026-07-14T15:22:09Z [post] skip  C:\dev\abd-context-driven-delivery\_sketch_find.yaml
2026-07-14T15:22:09Z [post] skip  C:\dev\abd-context-driven-delivery\_sketch_find.yaml
2026-07-14T15:23:03Z [post] skip  C:\dev\abd-context-driven-delivery\_sketch_save.yaml
2026-07-14T15:23:03Z [post] skip  C:\dev\abd-context-driven-delivery\_sketch_save.yaml
2026-07-14T15:25:06Z [pre ] skip  c:\dev\abd-context-driven-delivery\.cursor\skills\grill_context\SKILL.md
2026-07-14T15:25:07Z [read] skip  c:\dev\abd-context-driven-delivery\.cursor\skills\grill_context\SKILL.md
2026-07-14T15:25:07Z [post] skip  c:\dev\abd-context-driven-delivery\.cursor\skills\grill_context\SKILL.md
2026-07-14T15:25:16Z [post] skip  C:\dev\abd-context-driven-delivery
2026-07-14T15:25:16Z [post] skip  C:\dev\abd-context-driven-delivery\grill_context
2026-07-14T15:25:19Z [pre ] FIRED  C:\dev\abd-context-driven-delivery\grill_context\grill_context.py  — 1 manifest line(s)
2026-07-14T15:25:19Z [read] FIRED  C:\dev\abd-context-driven-delivery\grill_context\grill_context.py  — 1 manifest line(s)
2026-07-14T15:25:20Z [post] FIRED  C:\dev\abd-context-driven-delivery\grill_context\grill_context.py  — 1 manifest line(s)
2026-07-14T15:25:32Z [pre ] FIRED  C:\dev\abd-context-driven-delivery\grill_context\grill_context.py  — 1 manifest line(s)
2026-07-14T15:25:32Z [read] FIRED  C:\dev\abd-context-driven-delivery\grill_context\grill_context.py  — 1 manifest line(s)
2026-07-14T15:25:33Z [post] FIRED  C:\dev\abd-context-driven-delivery\grill_context\grill_context.py  — 1 manifest line(s)
2026-07-14T15:25:34Z [pre ] FIRED  C:\dev\abd-context-driven-delivery\grill_context\grill_context.py  — 1 manifest line(s)
2026-07-14T15:25:35Z [post] FIRED  C:\dev\abd-context-driven-delivery\grill_context\grill_context.py  — 1 manifest line(s)
2026-07-14T15:25:35Z [post] FIRED  C:\dev\abd-context-driven-delivery\grill_context\grill_context.py  — 1 manifest line(s)
2026-07-14T15:26:08Z [pre ] FIRED  C:\dev\abd-context-driven-delivery\grill_context\grill_context.py  — 1 manifest line(s)
2026-07-14T15:26:09Z [post] FIRED  C:\dev\abd-context-driven-delivery\grill_context\grill_context.py  — 1 manifest line(s)
2026-07-14T15:26:10Z [post] FIRED  C:\dev\abd-context-driven-delivery\grill_context\grill_context.py  — 1 manifest line(s)
2026-07-14T15:27:17Z [post] skip  C:\dev\abd-context-driven-delivery\_grill_write2.yaml
2026-07-14T15:27:17Z [post] skip  C:\dev\abd-context-driven-delivery\_grill_write2.yaml
2026-07-14T15:28:35Z [post] skip  C:\dev\abd-context-driven-delivery\_grill_write3.yaml
2026-07-14T15:28:36Z [post] skip  C:\dev\abd-context-driven-delivery\_grill_write3.yaml
2026-07-14T15:29:31Z [pre ] skip  C:\dev\abd-context-driven-delivery\_grill_write3.yaml
2026-07-14T15:29:31Z [post] skip  C:\dev\abd-context-driven-delivery\_grill_write3.yaml
2026-07-14T15:29:32Z [post] skip  C:\dev\abd-context-driven-delivery\_grill_write3.yaml
2026-07-14T15:30:02Z [pre ] skip  C:\dev\abd-context-driven-delivery\_sketch_save.yaml
2026-07-14T15:30:03Z [post] skip  C:\dev\abd-context-driven-delivery\_sketch_save.yaml
2026-07-14T15:30:03Z [post] skip  C:\dev\abd-context-driven-delivery\_sketch_save.yaml
2026-07-14T15:38:18Z [post] skip  C:\dev\abd-context-driven-delivery\_grill_write4.yaml
2026-07-14T15:38:19Z [post] skip  C:\dev\abd-context-driven-delivery\_grill_write4.yaml
2026-07-14T15:39:22Z [post] skip  C:\dev\abd-context-driven-delivery\_grill_write5.yaml
2026-07-14T15:39:23Z [post] skip  C:\dev\abd-context-driven-delivery\_grill_write5.yaml
2026-07-14T15:39:57Z [pre ] skip  C:\dev\abd-context-driven-delivery\_sketch_save.yaml
2026-07-14T15:39:57Z [post] skip  C:\dev\abd-context-driven-delivery\_sketch_save.yaml
2026-07-14T15:39:58Z [post] skip  C:\dev\abd-context-driven-delivery\_sketch_save.yaml
2026-07-14T15:41:49Z [post] skip  C:\dev\abd-context-driven-delivery\_grill_write6.yaml
2026-07-14T15:41:50Z [post] skip  C:\dev\abd-context-driven-delivery\_grill_write6.yaml
2026-07-14T15:42:23Z [pre ] skip  C:\dev\abd-context-driven-delivery\_sketch_save.yaml
2026-07-14T15:42:24Z [post] skip  C:\dev\abd-context-driven-delivery\_sketch_save.yaml
2026-07-14T15:42:24Z [post] skip  C:\dev\abd-context-driven-delivery\_sketch_save.yaml
2026-07-14T15:43:11Z [post] skip  C:\dev\abd-context-driven-delivery
2026-07-14T15:43:14Z [pre ] skip  C:\dev\abd-context-driven-delivery\ooad\fidelities\specification.md
2026-07-14T15:43:14Z [pre ] skip  C:\dev\abd-context-driven-delivery\ooad\fidelities\language.md
2026-07-14T15:43:14Z [read] skip  C:\dev\abd-context-driven-delivery\ooad\fidelities\specification.md
2026-07-14T15:43:14Z [read] skip  C:\dev\abd-context-driven-delivery\ooad\fidelities\language.md
2026-07-14T15:43:15Z [post] skip  C:\dev\abd-context-driven-delivery\ooad\fidelities\specification.md
2026-07-14T15:43:15Z [post] skip  C:\dev\abd-context-driven-delivery\ooad\fidelities\language.md
2026-07-14T15:44:16Z [pre ] FIRED  C:\dev\abd-context-driven-delivery\ooad\ooad.py  — 5 manifest line(s)
2026-07-14T15:44:17Z [post] FIRED  C:\dev\abd-context-driven-delivery\ooad\ooad.py  — 5 manifest line(s)
2026-07-14T15:44:18Z [post] FIRED  C:\dev\abd-context-driven-delivery\ooad\ooad.py  — 5 manifest line(s)
2026-07-14T15:44:49Z [post] skip  C:\dev\abd-context-driven-delivery\ooad\fidelities\engineering.md
2026-07-14T15:44:49Z [post] skip  C:\dev\abd-context-driven-delivery\ooad\fidelities\engineering.md
2026-07-14T15:45:11Z [pre ] FIRED  C:\dev\abd-context-driven-delivery\clean_code\clean_code.py  — 5 manifest line(s)
2026-07-14T15:45:12Z [post] FIRED  C:\dev\abd-context-driven-delivery\clean_code\clean_code.py  — 5 manifest line(s)
2026-07-14T15:45:13Z [post] FIRED  C:\dev\abd-context-driven-delivery\clean_code\clean_code.py  — 5 manifest line(s)
2026-07-14T15:51:54Z [pre ] skip  C:\dev\abd-context-driven-delivery\clean_code\clean-code.md
2026-07-14T15:51:55Z [read] skip  C:\dev\abd-context-driven-delivery\clean_code\clean-code.md
2026-07-14T15:51:55Z [post] skip  C:\dev\abd-context-driven-delivery\clean_code\clean-code.md
2026-07-14T15:51:56Z [pre ] skip  C:\dev\abd-context-driven-delivery\clean_code\clean-code.md
2026-07-14T15:51:57Z [post] skip  C:\dev\abd-context-driven-delivery\clean_code\clean-code.md
2026-07-14T15:51:57Z [post] skip  C:\dev\abd-context-driven-delivery\clean_code\clean-code.md
2026-07-14T15:52:20Z [pre ] skip  C:\dev\abd-context-driven-delivery\primitives\instruction.py
2026-07-14T15:52:20Z [post] skip  C:\dev\abd-context-driven-delivery\primitives\instruction.py
2026-07-14T15:52:35Z [post] skip  C:\dev\abd-context-driven-delivery
2026-07-14T15:52:46Z [post] skip  C:\dev\abd-context-driven-delivery
2026-07-14T15:52:46Z [post] skip  C:\dev\abd-context-driven-delivery\primitives
2026-07-14T15:53:02Z [pre ] FIRED  C:\dev\abd-context-driven-delivery\ooad\ooad.py  — 5 manifest line(s)
2026-07-14T15:53:03Z [post] FIRED  C:\dev\abd-context-driven-delivery\ooad\ooad.py  — 5 manifest line(s)
2026-07-14T15:53:04Z [post] FIRED  C:\dev\abd-context-driven-delivery\ooad\ooad.py  — 5 manifest line(s)
2026-07-14T16:11:10Z [post] skip  C:\dev\abd-context-driven-delivery\_grill_write7.yaml
2026-07-14T16:11:10Z [post] skip  C:\dev\abd-context-driven-delivery\_grill_write7.yaml
2026-07-14T16:11:31Z [pre ] skip  C:\dev\abd-context-driven-delivery\ooad\ooad.md
2026-07-14T16:11:31Z [read] skip  C:\dev\abd-context-driven-delivery\ooad\ooad.md
2026-07-14T16:11:32Z [post] skip  C:\dev\abd-context-driven-delivery\ooad\ooad.md
2026-07-14T16:11:33Z [pre ] skip  C:\dev\abd-context-driven-delivery\ooad\ooad.md
2026-07-14T16:11:33Z [post] skip  C:\dev\abd-context-driven-delivery\ooad\ooad.md
2026-07-14T16:11:34Z [post] skip  C:\dev\abd-context-driven-delivery\ooad\ooad.md
2026-07-14T16:11:44Z [pre ] skip  C:\dev\abd-context-driven-delivery\ooad\ooad.md
2026-07-14T16:11:44Z [post] skip  C:\dev\abd-context-driven-delivery\ooad\ooad.md
2026-07-14T16:11:45Z [post] skip  C:\dev\abd-context-driven-delivery\ooad\ooad.md
2026-07-14T16:12:01Z [pre ] skip  C:\dev\abd-context-driven-delivery\ooad\fidelities\engineering.md
2026-07-14T16:12:01Z [post] skip  C:\dev\abd-context-driven-delivery\ooad\fidelities\engineering.md
2026-07-14T16:12:02Z [post] skip  C:\dev\abd-context-driven-delivery\ooad\fidelities\engineering.md
2026-07-14T16:12:11Z [pre ] skip  C:\dev\abd-context-driven-delivery\ooad\fidelities\engineering.md
2026-07-14T16:12:12Z [post] skip  C:\dev\abd-context-driven-delivery\ooad\fidelities\engineering.md
2026-07-14T16:12:12Z [post] skip  C:\dev\abd-context-driven-delivery\ooad\fidelities\engineering.md
2026-07-14T16:17:38Z [pre ] skip  C:\dev\abd-context-driven-delivery\ooad\fidelities\model.md
2026-07-14T16:17:39Z [post] skip  C:\dev\abd-context-driven-delivery\ooad\fidelities\model.md
2026-07-14T16:17:39Z [post] skip  C:\dev\abd-context-driven-delivery\ooad\fidelities\model.md
2026-07-14T16:23:00Z [pre ] skip  C:\dev\abd-skills\practices\domain-driven-design\skills\abd-domain-language\templates\domain-language-template.md
2026-07-14T16:23:01Z [read] skip  C:\dev\abd-skills\practices\domain-driven-design\skills\abd-domain-language\templates\domain-language-template.md
2026-07-14T16:23:02Z [post] skip  C:\dev\abd-skills\practices\domain-driven-design\skills\abd-domain-language\templates\domain-language-template.md
2026-07-14T16:23:34Z [pre ] skip  C:\dev\abd-context-driven-delivery\ooad\fidelities\language.md
2026-07-14T16:23:35Z [read] skip  C:\dev\abd-context-driven-delivery\ooad\fidelities\language.md
2026-07-14T16:23:35Z [post] skip  C:\dev\abd-context-driven-delivery\ooad\fidelities\language.md
2026-07-14T16:23:36Z [pre ] skip  C:\dev\abd-context-driven-delivery\ooad\fidelities\language.md
2026-07-14T16:23:37Z [post] skip  C:\dev\abd-context-driven-delivery\ooad\fidelities\language.md
2026-07-14T16:23:37Z [post] skip  C:\dev\abd-context-driven-delivery\ooad\fidelities\language.md
2026-07-14T16:24:07Z [pre ] skip  C:\dev\abd-context-driven-delivery\ooad\fidelities\model.md
2026-07-14T16:24:07Z [post] skip  C:\dev\abd-context-driven-delivery\ooad\fidelities\model.md
2026-07-14T16:24:08Z [post] skip  C:\dev\abd-context-driven-delivery\ooad\fidelities\model.md
2026-07-14T16:24:11Z [pre ] skip  C:\dev\abd-context-driven-delivery\ooad\fidelities\specification.md
2026-07-14T16:24:12Z [read] skip  C:\dev\abd-context-driven-delivery\ooad\fidelities\specification.md
2026-07-14T16:24:12Z [post] skip  C:\dev\abd-context-driven-delivery\ooad\fidelities\specification.md
2026-07-14T16:24:13Z [pre ] skip  C:\dev\abd-context-driven-delivery\ooad\fidelities\specification.md
2026-07-14T16:24:14Z [post] skip  C:\dev\abd-context-driven-delivery\ooad\fidelities\specification.md
2026-07-14T16:24:14Z [post] skip  C:\dev\abd-context-driven-delivery\ooad\fidelities\specification.md
2026-07-14T16:24:23Z [pre ] skip  C:\dev\abd-context-driven-delivery\ooad\fidelities\engineering.md
2026-07-14T16:24:23Z [read] skip  C:\dev\abd-context-driven-delivery\ooad\fidelities\engineering.md
2026-07-14T16:24:23Z [post] skip  C:\dev\abd-context-driven-delivery\ooad\fidelities\engineering.md
2026-07-14T16:24:24Z [pre ] skip  C:\dev\abd-context-driven-delivery\ooad\fidelities\engineering.md
2026-07-14T16:24:25Z [post] skip  C:\dev\abd-context-driven-delivery\ooad\fidelities\engineering.md
2026-07-14T16:24:25Z [post] skip  C:\dev\abd-context-driven-delivery\ooad\fidelities\engineering.md
2026-07-14T16:25:08Z [pre ] skip  C:\dev\abd-context-driven-delivery\ooad\fidelities\language.md
2026-07-14T16:25:08Z [post] skip  C:\dev\abd-context-driven-delivery\ooad\fidelities\language.md
2026-07-14T16:25:09Z [post] skip  C:\dev\abd-context-driven-delivery\ooad\fidelities\language.md
2026-07-14T16:25:20Z [pre ] skip  C:\dev\abd-context-driven-delivery\ooad\fidelities\model.md
2026-07-14T16:25:20Z [post] skip  C:\dev\abd-context-driven-delivery\ooad\fidelities\model.md
2026-07-14T16:25:21Z [post] skip  C:\dev\abd-context-driven-delivery\ooad\fidelities\model.md
2026-07-14T16:25:27Z [pre ] skip  C:\dev\abd-context-driven-delivery\ooad\fidelities\specification.md
2026-07-14T16:25:28Z [post] skip  C:\dev\abd-context-driven-delivery\ooad\fidelities\specification.md
2026-07-14T16:25:28Z [post] skip  C:\dev\abd-context-driven-delivery\ooad\fidelities\specification.md
2026-07-14T16:36:03Z [post] skip  C:\dev\abd-context-driven-delivery
2026-07-14T16:37:33Z [post] skip  C:\dev\abd-context-driven-delivery
2026-07-14T16:37:37Z [pre ] FIRED  C:\dev\abd-context-driven-delivery\ooad\formats\python\ooad-examples.py  — 3 manifest line(s)
2026-07-14T16:37:37Z [read] FIRED  C:\dev\abd-context-driven-delivery\ooad\formats\python\ooad-examples.py  — 3 manifest line(s)
2026-07-14T16:37:38Z [post] FIRED  C:\dev\abd-context-driven-delivery\ooad\formats\python\ooad-examples.py  — 3 manifest line(s)
2026-07-14T16:41:48Z [post] skip  C:\dev\abd-context-driven-delivery\_grill_write8.yaml
2026-07-14T16:41:49Z [post] skip  C:\dev\abd-context-driven-delivery\_grill_write8.yaml
2026-07-14T16:42:03Z [pre ] FIRED  C:\dev\abd-context-driven-delivery\ooad\formats\python\ooad-template.py  — 3 manifest line(s)
2026-07-14T16:42:04Z [read] FIRED  C:\dev\abd-context-driven-delivery\ooad\formats\python\ooad-template.py  — 3 manifest line(s)
2026-07-14T16:42:04Z [post] FIRED  C:\dev\abd-context-driven-delivery\ooad\formats\python\ooad-template.py  — 3 manifest line(s)
2026-07-14T16:42:40Z [pre ] FIRED  C:\dev\abd-context-driven-delivery\ooad\formats\python\ooad-template.py  — 3 manifest line(s)
2026-07-14T16:42:40Z [read] FIRED  C:\dev\abd-context-driven-delivery\ooad\formats\python\ooad-template.py  — 3 manifest line(s)
2026-07-14T16:42:41Z [post] FIRED  C:\dev\abd-context-driven-delivery\ooad\formats\python\ooad-template.py  — 3 manifest line(s)
2026-07-14T16:42:42Z [pre ] FIRED  C:\dev\abd-context-driven-delivery\ooad\formats\python\ooad-template.py  — 3 manifest line(s)
2026-07-14T16:42:43Z [post] FIRED  C:\dev\abd-context-driven-delivery\ooad\formats\python\ooad-template.py  — 3 manifest line(s)
2026-07-14T16:42:43Z [post] FIRED  C:\dev\abd-context-driven-delivery\ooad\formats\python\ooad-template.py  — 3 manifest line(s)
2026-07-14T16:43:42Z [post] skip  C:\dev\abd-context-driven-delivery
2026-07-14T19:11:57Z [pre ] skip  C:\dev\abd-context-driven-delivery\.cursor\skills\clean_code\SKILL.md
2026-07-14T19:11:57Z [pre ] skip  C:\dev\abd-context-driven-delivery\.cursor\skills\clean-code\SKILL.md
2026-07-14T19:11:57Z [read] skip  C:\dev\abd-context-driven-delivery\.cursor\skills\clean-code\SKILL.md
2026-07-14T19:11:57Z [post] skip  C:\dev\abd-context-driven-delivery\.cursor\skills\clean_code\SKILL.md
2026-07-14T19:11:57Z [post] skip  C:\dev\abd-context-driven-delivery\.cursor\skills\clean-code\SKILL.md
2026-07-14T19:12:03Z [pre ] skip  C:\dev\abd-context-driven-delivery\.cursor\skills\clean_code\SKILL.md
2026-07-14T19:12:04Z [read] skip  C:\dev\abd-context-driven-delivery\.cursor\skills\clean_code\SKILL.md
2026-07-14T19:12:04Z [post] skip  C:\dev\abd-context-driven-delivery\.cursor\skills\clean_code\SKILL.md
2026-07-14T19:12:05Z [pre ] skip  C:\dev\abd-context-driven-delivery\.cursor\skills\clean-code\SKILL.md
2026-07-14T19:12:05Z [pre ] skip  C:\dev\abd-context-driven-delivery\.cursor\skills\clean_code\SKILL.md
2026-07-14T19:12:05Z [read] skip  C:\dev\abd-context-driven-delivery\.cursor\skills\clean-code\SKILL.md
2026-07-14T19:12:06Z [post] skip  C:\dev\abd-context-driven-delivery\.cursor\skills\clean_code\SKILL.md
2026-07-14T19:12:06Z [post] skip  C:\dev\abd-context-driven-delivery\.cursor\skills\clean-code\SKILL.md
2026-07-14T19:12:06Z [post] skip  C:\dev\abd-context-driven-delivery\.cursor\skills\clean_code\SKILL.md
2026-07-14T19:12:07Z [pre ] skip  C:\dev\abd-context-driven-delivery\.cursor\skills\clean-code\SKILL.md
2026-07-14T19:12:07Z [post] skip  C:\dev\abd-context-driven-delivery\.cursor\skills\clean-code\SKILL.md
2026-07-14T19:12:08Z [post] skip  C:\dev\abd-context-driven-delivery\.cursor\skills\clean-code\SKILL.md
2026-07-14T19:23:41Z [post] skip  C:\dev\abd-context-driven-delivery
2026-07-14T19:23:42Z [post] skip  C:\dev\abd-context-driven-delivery
2026-07-14T19:24:12Z [post] skip  C:\dev\abd-context-driven-delivery
2026-07-14T19:24:50Z [post] skip  C:\dev\abd-context-driven-delivery
2026-07-14T20:56:00Z [pre ] FIRED  C:\dev\abd-context-driven-delivery\ooad\formats\python\ooad-examples.py  — 3 manifest line(s)
2026-07-14T20:56:02Z [post] FIRED  C:\dev\abd-context-driven-delivery\ooad\formats\python\ooad-examples.py  — 3 manifest line(s)
2026-07-14T20:56:02Z [post] FIRED  C:\dev\abd-context-driven-delivery\ooad\formats\python\ooad-examples.py  — 3 manifest line(s)
2026-07-14T20:56:15Z [pre ] skip  C:\dev\abd-context-driven-delivery\ooad\fidelities\language.md
2026-07-14T20:56:16Z [read] skip  C:\dev\abd-context-driven-delivery\ooad\fidelities\language.md
2026-07-14T20:56:16Z [post] skip  C:\dev\abd-context-driven-delivery\ooad\fidelities\language.md
2026-07-14T20:56:17Z [pre ] skip  C:\dev\abd-context-driven-delivery\ooad\fidelities\language.md
2026-07-14T20:56:18Z [post] skip  C:\dev\abd-context-driven-delivery\ooad\fidelities\language.md
2026-07-14T20:56:18Z [post] skip  C:\dev\abd-context-driven-delivery\ooad\fidelities\language.md
2026-07-14T20:56:31Z [pre ] FIRED  C:\dev\abd-context-driven-delivery\ooad\formats\python\ooad-template.py  — 3 manifest line(s)
2026-07-14T20:56:31Z [post] FIRED  C:\dev\abd-context-driven-delivery\ooad\formats\python\ooad-template.py  — 3 manifest line(s)
2026-07-14T20:56:32Z [post] FIRED  C:\dev\abd-context-driven-delivery\ooad\formats\python\ooad-template.py  — 3 manifest line(s)
2026-07-14T20:57:11Z [pre ] FIRED  C:\dev\abd-context-driven-delivery\ooad\formats\python\ooad-examples.py  — 3 manifest line(s)
2026-07-14T20:57:12Z [post] FIRED  C:\dev\abd-context-driven-delivery\ooad\formats\python\ooad-examples.py  — 3 manifest line(s)
2026-07-14T20:57:13Z [post] FIRED  C:\dev\abd-context-driven-delivery\ooad\formats\python\ooad-examples.py  — 3 manifest line(s)
2026-07-14T20:57:23Z [pre ] FIRED  C:\dev\abd-context-driven-delivery\ooad\formats\python\ooad-examples.py  — 3 manifest line(s)
2026-07-14T20:57:24Z [post] FIRED  C:\dev\abd-context-driven-delivery\ooad\formats\python\ooad-examples.py  — 3 manifest line(s)
2026-07-14T20:57:24Z [post] FIRED  C:\dev\abd-context-driven-delivery\ooad\formats\python\ooad-examples.py  — 3 manifest line(s)
2026-07-14T21:00:22Z [pre ] skip  C:\dev\abd-context-driven-delivery\ooad\formats\java\ooad-template.java
2026-07-14T21:00:23Z [pre ] skip  C:\dev\abd-context-driven-delivery\ooad\formats\java\ooad-examples.java
2026-07-14T21:00:23Z [read] skip  C:\dev\abd-context-driven-delivery\ooad\formats\java\ooad-template.java
2026-07-14T21:00:23Z [read] skip  C:\dev\abd-context-driven-delivery\ooad\formats\java\ooad-examples.java
2026-07-14T21:00:23Z [post] skip  C:\dev\abd-context-driven-delivery\ooad\formats\java\ooad-template.java
2026-07-14T21:00:24Z [post] skip  C:\dev\abd-context-driven-delivery\ooad\formats\java\ooad-examples.java
2026-07-14T21:04:10Z [pre ] skip  C:\dev\abd-context-driven-delivery\ooad\formats\javascript\ooad-template.js
2026-07-14T21:04:10Z [pre ] skip  C:\dev\abd-context-driven-delivery\ooad\formats\typescript\ooad-template.ts
2026-07-14T21:04:10Z [read] skip  C:\dev\abd-context-driven-delivery\ooad\formats\typescript\ooad-template.ts
2026-07-14T21:04:10Z [read] skip  C:\dev\abd-context-driven-delivery\ooad\formats\javascript\ooad-template.js
2026-07-14T21:04:11Z [post] skip  C:\dev\abd-context-driven-delivery\ooad\formats\javascript\ooad-template.js
2026-07-14T21:04:11Z [post] skip  C:\dev\abd-context-driven-delivery\ooad\formats\typescript\ooad-template.ts
2026-07-14T21:04:35Z [pre ] skip  C:\dev\abd-context-driven-delivery\ooad\formats\java\ooad-template.java
2026-07-14T21:04:35Z [read] skip  C:\dev\abd-context-driven-delivery\ooad\formats\java\ooad-template.java
2026-07-14T21:04:36Z [post] skip  C:\dev\abd-context-driven-delivery\ooad\formats\java\ooad-template.java
2026-07-14T21:04:37Z [pre ] skip  C:\dev\abd-context-driven-delivery\ooad\formats\java\ooad-template.java
2026-07-14T21:04:38Z [post] skip  C:\dev\abd-context-driven-delivery\ooad\formats\java\ooad-template.java
2026-07-14T21:04:38Z [post] skip  C:\dev\abd-context-driven-delivery\ooad\formats\java\ooad-template.java
2026-07-14T21:04:42Z [pre ] skip  C:\dev\abd-context-driven-delivery\ooad\formats\java\ooad-examples.java
2026-07-14T21:04:42Z [pre ] skip  C:\dev\abd-context-driven-delivery\ooad\formats\typescript\ooad-examples.ts
2026-07-14T21:04:43Z [read] skip  C:\dev\abd-context-driven-delivery\ooad\formats\typescript\ooad-examples.ts
2026-07-14T21:04:43Z [read] skip  C:\dev\abd-context-driven-delivery\ooad\formats\java\ooad-examples.java
2026-07-14T21:04:43Z [post] skip  C:\dev\abd-context-driven-delivery\ooad\formats\java\ooad-examples.java
2026-07-14T21:04:43Z [post] skip  C:\dev\abd-context-driven-delivery\ooad\formats\typescript\ooad-examples.ts
2026-07-14T21:04:47Z [post] skip  C:\dev\abd-context-driven-delivery
2026-07-14T21:05:29Z [pre ] skip  C:\dev\abd-context-driven-delivery\ooad\formats\java\ooad-examples.java
2026-07-14T21:05:29Z [read] skip  C:\dev\abd-context-driven-delivery\ooad\formats\java\ooad-examples.java
2026-07-14T21:05:30Z [post] skip  C:\dev\abd-context-driven-delivery\ooad\formats\java\ooad-examples.java
2026-07-14T21:05:31Z [pre ] skip  C:\dev\abd-context-driven-delivery\ooad\formats\java\ooad-examples.java
2026-07-14T21:05:31Z [post] skip  C:\dev\abd-context-driven-delivery\ooad\formats\java\ooad-examples.java
2026-07-14T21:05:32Z [post] skip  C:\dev\abd-context-driven-delivery\ooad\formats\java\ooad-examples.java
2026-07-14T21:05:52Z [pre ] skip  C:\dev\abd-context-driven-delivery\ooad\formats\typescript\ooad-template.ts
2026-07-14T21:05:52Z [read] skip  C:\dev\abd-context-driven-delivery\ooad\formats\typescript\ooad-template.ts
2026-07-14T21:05:53Z [post] skip  C:\dev\abd-context-driven-delivery\ooad\formats\typescript\ooad-template.ts
2026-07-14T21:05:53Z [pre ] skip  C:\dev\abd-context-driven-delivery\ooad\formats\typescript\ooad-template.ts
2026-07-14T21:05:54Z [post] skip  C:\dev\abd-context-driven-delivery\ooad\formats\typescript\ooad-template.ts
2026-07-14T21:05:54Z [post] skip  C:\dev\abd-context-driven-delivery\ooad\formats\typescript\ooad-template.ts
2026-07-14T21:06:21Z [pre ] skip  C:\dev\abd-context-driven-delivery\ooad\formats\typescript\ooad-examples.ts
2026-07-14T21:06:21Z [read] skip  C:\dev\abd-context-driven-delivery\ooad\formats\typescript\ooad-examples.ts
2026-07-14T21:06:22Z [post] skip  C:\dev\abd-context-driven-delivery\ooad\formats\typescript\ooad-examples.ts
2026-07-14T21:06:22Z [pre ] skip  C:\dev\abd-context-driven-delivery\ooad\formats\typescript\ooad-examples.ts
2026-07-14T21:06:23Z [post] skip  C:\dev\abd-context-driven-delivery\ooad\formats\typescript\ooad-examples.ts
2026-07-14T21:06:23Z [post] skip  C:\dev\abd-context-driven-delivery\ooad\formats\typescript\ooad-examples.ts
2026-07-14T21:06:26Z [pre ] skip  C:\dev\abd-context-driven-delivery\ooad\formats\javascript\ooad-examples.js
2026-07-14T21:06:26Z [read] skip  C:\dev\abd-context-driven-delivery\ooad\formats\javascript\ooad-examples.js
2026-07-14T21:06:26Z [post] skip  C:\dev\abd-context-driven-delivery\ooad\formats\javascript\ooad-examples.js
2026-07-14T21:06:47Z [pre ] skip  C:\dev\abd-context-driven-delivery\ooad\formats\javascript\ooad-template.js
2026-07-14T21:06:48Z [read] skip  C:\dev\abd-context-driven-delivery\ooad\formats\javascript\ooad-template.js
2026-07-14T21:06:48Z [post] skip  C:\dev\abd-context-driven-delivery\ooad\formats\javascript\ooad-template.js
2026-07-14T21:06:49Z [pre ] skip  C:\dev\abd-context-driven-delivery\ooad\formats\javascript\ooad-template.js
2026-07-14T21:06:49Z [post] skip  C:\dev\abd-context-driven-delivery\ooad\formats\javascript\ooad-template.js
2026-07-14T21:06:50Z [post] skip  C:\dev\abd-context-driven-delivery\ooad\formats\javascript\ooad-template.js
2026-07-14T21:07:19Z [pre ] skip  C:\dev\abd-context-driven-delivery\ooad\formats\javascript\ooad-examples.js
2026-07-14T21:07:19Z [read] skip  C:\dev\abd-context-driven-delivery\ooad\formats\javascript\ooad-examples.js
2026-07-14T21:07:20Z [post] skip  C:\dev\abd-context-driven-delivery\ooad\formats\javascript\ooad-examples.js
2026-07-14T21:07:21Z [pre ] skip  C:\dev\abd-context-driven-delivery\ooad\formats\javascript\ooad-examples.js
2026-07-14T21:07:21Z [post] skip  C:\dev\abd-context-driven-delivery\ooad\formats\javascript\ooad-examples.js
2026-07-14T21:07:22Z [post] skip  C:\dev\abd-context-driven-delivery\ooad\formats\javascript\ooad-examples.js
2026-07-14T21:07:44Z [pre ] skip  C:\dev\abd-context-driven-delivery\ooad\formats\markdown\ooad-examples.md
2026-07-14T21:07:45Z [read] skip  C:\dev\abd-context-driven-delivery\ooad\formats\markdown\ooad-examples.md
2026-07-14T21:07:45Z [pre ] skip  C:\dev\abd-context-driven-delivery\ooad\formats\json\ooad-template.json
2026-07-14T21:07:45Z [pre ] skip  C:\dev\abd-context-driven-delivery\ooad\formats\drawio\ooad-template.drawio
2026-07-14T21:07:45Z [post] skip  C:\dev\abd-context-driven-delivery\ooad\formats\markdown\ooad-examples.md
2026-07-14T21:07:46Z [read] skip  C:\dev\abd-context-driven-delivery\ooad\formats\json\ooad-template.json
2026-07-14T21:07:46Z [read] skip  C:\dev\abd-context-driven-delivery\ooad\formats\drawio\ooad-template.drawio
2026-07-14T21:07:46Z [post] skip  C:\dev\abd-context-driven-delivery\ooad\formats\json\ooad-template.json
2026-07-14T21:07:46Z [post] skip  C:\dev\abd-context-driven-delivery\ooad\formats\drawio\ooad-template.drawio
2026-07-14T21:12:45Z [pre ] skip  C:\dev\abd-context-driven-delivery\ooad\formats\java\ooad-examples.java
2026-07-14T21:12:47Z [post] skip  C:\dev\abd-context-driven-delivery\ooad\formats\java\ooad-examples.java
2026-07-14T21:12:47Z [post] skip  C:\dev\abd-context-driven-delivery\ooad\formats\java\ooad-examples.java
2026-07-14T21:13:01Z [pre ] skip  C:\dev\abd-context-driven-delivery\ooad\formats\java\ooad-template.java
2026-07-14T21:13:01Z [post] skip  C:\dev\abd-context-driven-delivery\ooad\formats\java\ooad-template.java
2026-07-14T21:13:02Z [post] skip  C:\dev\abd-context-driven-delivery\ooad\formats\java\ooad-template.java
2026-07-14T21:13:07Z [pre ] skip  C:\dev\abd-context-driven-delivery\ooad\formats\java\ooad-template.java
2026-07-14T21:13:08Z [post] skip  C:\dev\abd-context-driven-delivery\ooad\formats\java\ooad-template.java
2026-07-14T21:13:08Z [post] skip  C:\dev\abd-context-driven-delivery\ooad\formats\java\ooad-template.java
2026-07-14T21:13:13Z [pre ] skip  C:\dev\abd-context-driven-delivery\ooad\formats\java\ooad-template.java
2026-07-14T21:13:13Z [post] skip  C:\dev\abd-context-driven-delivery\ooad\formats\java\ooad-template.java
2026-07-14T21:13:14Z [post] skip  C:\dev\abd-context-driven-delivery\ooad\formats\java\ooad-template.java
2026-07-14T21:13:18Z [pre ] skip  C:\dev\abd-context-driven-delivery\ooad\formats\typescript\ooad-template.ts
2026-07-14T21:13:18Z [post] skip  C:\dev\abd-context-driven-delivery\ooad\formats\typescript\ooad-template.ts
2026-07-14T21:13:19Z [post] skip  C:\dev\abd-context-driven-delivery\ooad\formats\typescript\ooad-template.ts
2026-07-14T21:13:23Z [pre ] skip  C:\dev\abd-context-driven-delivery\ooad\formats\typescript\ooad-template.ts
2026-07-14T21:13:24Z [post] skip  C:\dev\abd-context-driven-delivery\ooad\formats\typescript\ooad-template.ts
2026-07-14T21:13:24Z [post] skip  C:\dev\abd-context-driven-delivery\ooad\formats\typescript\ooad-template.ts
2026-07-14T21:13:29Z [pre ] skip  C:\dev\abd-context-driven-delivery\ooad\formats\typescript\ooad-template.ts
2026-07-14T21:13:30Z [post] skip  C:\dev\abd-context-driven-delivery\ooad\formats\typescript\ooad-template.ts
2026-07-14T21:13:30Z [post] skip  C:\dev\abd-context-driven-delivery\ooad\formats\typescript\ooad-template.ts
2026-07-14T21:13:34Z [pre ] skip  C:\dev\abd-context-driven-delivery\ooad\formats\javascript\ooad-template.js
2026-07-14T21:13:35Z [post] skip  C:\dev\abd-context-driven-delivery\ooad\formats\javascript\ooad-template.js
2026-07-14T21:13:35Z [post] skip  C:\dev\abd-context-driven-delivery\ooad\formats\javascript\ooad-template.js
2026-07-14T21:13:39Z [pre ] skip  C:\dev\abd-context-driven-delivery\ooad\formats\javascript\ooad-template.js
2026-07-14T21:13:40Z [post] skip  C:\dev\abd-context-driven-delivery\ooad\formats\javascript\ooad-template.js
2026-07-14T21:13:40Z [post] skip  C:\dev\abd-context-driven-delivery\ooad\formats\javascript\ooad-template.js
2026-07-14T21:13:45Z [pre ] skip  C:\dev\abd-context-driven-delivery\ooad\formats\javascript\ooad-template.js
2026-07-14T21:13:45Z [post] skip  C:\dev\abd-context-driven-delivery\ooad\formats\javascript\ooad-template.js
2026-07-14T21:13:46Z [post] skip  C:\dev\abd-context-driven-delivery\ooad\formats\javascript\ooad-template.js
2026-07-14T21:13:53Z [pre ] skip  C:\dev\abd-context-driven-delivery\ooad\formats\typescript\ooad-examples.ts
2026-07-14T21:13:53Z [post] skip  C:\dev\abd-context-driven-delivery\ooad\formats\typescript\ooad-examples.ts
2026-07-14T21:13:54Z [post] skip  C:\dev\abd-context-driven-delivery\ooad\formats\typescript\ooad-examples.ts
2026-07-14T21:14:06Z [pre ] skip  C:\dev\abd-context-driven-delivery\ooad\formats\typescript\ooad-examples.ts
2026-07-14T21:14:07Z [post] skip  C:\dev\abd-context-driven-delivery\ooad\formats\typescript\ooad-examples.ts
2026-07-14T21:14:07Z [post] skip  C:\dev\abd-context-driven-delivery\ooad\formats\typescript\ooad-examples.ts
2026-07-14T21:17:38Z [pre ] skip  C:\dev\abd-context-driven-delivery\ooad\formats\javascript\ooad-examples.js
2026-07-14T21:17:38Z [post] skip  C:\dev\abd-context-driven-delivery\ooad\formats\javascript\ooad-examples.js
2026-07-14T21:17:39Z [post] skip  C:\dev\abd-context-driven-delivery\ooad\formats\javascript\ooad-examples.js
2026-07-14T21:19:42Z [pre ] FIRED  C:\dev\abd-context-driven-delivery\ooad\formats\python\ooad-template.py  — 3 manifest line(s)
2026-07-14T21:19:46Z [post] FIRED  C:\dev\abd-context-driven-delivery\ooad\formats\python\ooad-template.py  — 3 manifest line(s)
2026-07-14T21:19:46Z [post] FIRED  C:\dev\abd-context-driven-delivery\ooad\formats\python\ooad-template.py  — 3 manifest line(s)
2026-07-14T21:20:01Z [pre ] FIRED  C:\dev\abd-context-driven-delivery\ooad\formats\python\ooad-examples.py  — 3 manifest line(s)
2026-07-14T21:20:01Z [post] FIRED  C:\dev\abd-context-driven-delivery\ooad\formats\python\ooad-examples.py  — 3 manifest line(s)
2026-07-14T21:20:02Z [post] FIRED  C:\dev\abd-context-driven-delivery\ooad\formats\python\ooad-examples.py  — 3 manifest line(s)
2026-07-14T21:20:07Z [pre ] FIRED  C:\dev\abd-context-driven-delivery\ooad\formats\python\ooad-examples.py  — 3 manifest line(s)
2026-07-14T21:20:08Z [post] FIRED  C:\dev\abd-context-driven-delivery\ooad\formats\python\ooad-examples.py  — 3 manifest line(s)
2026-07-14T21:20:09Z [post] FIRED  C:\dev\abd-context-driven-delivery\ooad\formats\python\ooad-examples.py  — 3 manifest line(s)
2026-07-14T21:20:16Z [pre ] FIRED  C:\dev\abd-context-driven-delivery\ooad\formats\python\ooad-examples.py  — 3 manifest line(s)
2026-07-14T21:20:16Z [post] FIRED  C:\dev\abd-context-driven-delivery\ooad\formats\python\ooad-examples.py  — 3 manifest line(s)
2026-07-14T21:20:17Z [post] FIRED  C:\dev\abd-context-driven-delivery\ooad\formats\python\ooad-examples.py  — 3 manifest line(s)
2026-07-14T21:20:21Z [pre ] skip  C:\dev\abd-context-driven-delivery\ooad\formats\java\ooad-template.java
2026-07-14T21:20:21Z [read] skip  C:\dev\abd-context-driven-delivery\ooad\formats\java\ooad-template.java
2026-07-14T21:20:22Z [post] skip  C:\dev\abd-context-driven-delivery\ooad\formats\java\ooad-template.java
2026-07-14T21:20:28Z [pre ] skip  C:\dev\abd-context-driven-delivery\ooad\formats\java\ooad-template.java
2026-07-14T21:20:28Z [read] skip  C:\dev\abd-context-driven-delivery\ooad\formats\java\ooad-template.java
2026-07-14T21:20:29Z [post] skip  C:\dev\abd-context-driven-delivery\ooad\formats\java\ooad-template.java
2026-07-14T21:20:29Z [pre ] skip  C:\dev\abd-context-driven-delivery\ooad\formats\java\ooad-template.java
2026-07-14T21:20:30Z [post] skip  C:\dev\abd-context-driven-delivery\ooad\formats\java\ooad-template.java
2026-07-14T21:20:30Z [post] skip  C:\dev\abd-context-driven-delivery\ooad\formats\java\ooad-template.java
2026-07-14T21:20:34Z [pre ] skip  C:\dev\abd-context-driven-delivery\ooad\formats\java\ooad-template.java
2026-07-14T21:20:35Z [post] skip  C:\dev\abd-context-driven-delivery\ooad\formats\java\ooad-template.java
2026-07-14T21:20:35Z [post] skip  C:\dev\abd-context-driven-delivery\ooad\formats\java\ooad-template.java
2026-07-14T21:20:40Z [pre ] skip  C:\dev\abd-context-driven-delivery\ooad\formats\java\ooad-template.java
2026-07-14T21:20:41Z [post] skip  C:\dev\abd-context-driven-delivery\ooad\formats\java\ooad-template.java
2026-07-14T21:20:41Z [post] skip  C:\dev\abd-context-driven-delivery\ooad\formats\java\ooad-template.java
2026-07-14T21:20:47Z [pre ] skip  C:\dev\abd-context-driven-delivery\ooad\formats\java\ooad-examples.java
2026-07-14T21:20:48Z [post] skip  C:\dev\abd-context-driven-delivery\ooad\formats\java\ooad-examples.java
2026-07-14T21:20:48Z [post] skip  C:\dev\abd-context-driven-delivery\ooad\formats\java\ooad-examples.java
2026-07-14T21:20:59Z [pre ] skip  C:\dev\abd-context-driven-delivery\ooad\formats\java\ooad-examples.java
2026-07-14T21:20:59Z [post] skip  C:\dev\abd-context-driven-delivery\ooad\formats\java\ooad-examples.java
2026-07-14T21:21:00Z [post] skip  C:\dev\abd-context-driven-delivery\ooad\formats\java\ooad-examples.java
2026-07-14T21:21:07Z [pre ] skip  C:\dev\abd-context-driven-delivery\ooad\formats\java\ooad-examples.java
2026-07-14T21:21:07Z [post] skip  C:\dev\abd-context-driven-delivery\ooad\formats\java\ooad-examples.java
2026-07-14T21:21:08Z [post] skip  C:\dev\abd-context-driven-delivery\ooad\formats\java\ooad-examples.java
2026-07-14T21:21:14Z [pre ] skip  C:\dev\abd-context-driven-delivery\ooad\formats\java\ooad-examples.java
2026-07-14T21:21:14Z [post] skip  C:\dev\abd-context-driven-delivery\ooad\formats\java\ooad-examples.java
2026-07-14T21:21:15Z [post] skip  C:\dev\abd-context-driven-delivery\ooad\formats\java\ooad-examples.java
2026-07-14T21:21:19Z [pre ] skip  C:\dev\abd-context-driven-delivery\ooad\formats\java\ooad-examples.java
2026-07-14T21:21:20Z [post] skip  C:\dev\abd-context-driven-delivery\ooad\formats\java\ooad-examples.java
2026-07-14T21:21:20Z [post] skip  C:\dev\abd-context-driven-delivery\ooad\formats\java\ooad-examples.java
2026-07-14T21:21:25Z [pre ] skip  C:\dev\abd-context-driven-delivery\ooad\formats\java\ooad-examples.java
2026-07-14T21:21:26Z [post] skip  C:\dev\abd-context-driven-delivery\ooad\formats\java\ooad-examples.java
2026-07-14T21:21:26Z [post] skip  C:\dev\abd-context-driven-delivery\ooad\formats\java\ooad-examples.java
2026-07-14T21:21:31Z [pre ] skip  C:\dev\abd-context-driven-delivery\ooad\formats\typescript\ooad-examples.ts
2026-07-14T21:21:32Z [post] skip  C:\dev\abd-context-driven-delivery\ooad\formats\typescript\ooad-examples.ts
2026-07-14T21:21:32Z [post] skip  C:\dev\abd-context-driven-delivery\ooad\formats\typescript\ooad-examples.ts
2026-07-14T21:21:43Z [pre ] skip  C:\dev\abd-context-driven-delivery\ooad\formats\typescript\ooad-examples.ts
2026-07-14T21:21:43Z [post] skip  C:\dev\abd-context-driven-delivery\ooad\formats\typescript\ooad-examples.ts
2026-07-14T21:21:44Z [post] skip  C:\dev\abd-context-driven-delivery\ooad\formats\typescript\ooad-examples.ts
2026-07-14T21:21:51Z [pre ] skip  C:\dev\abd-context-driven-delivery\ooad\formats\typescript\ooad-examples.ts
2026-07-14T21:21:51Z [post] skip  C:\dev\abd-context-driven-delivery\ooad\formats\typescript\ooad-examples.ts
2026-07-14T21:21:52Z [post] skip  C:\dev\abd-context-driven-delivery\ooad\formats\typescript\ooad-examples.ts
2026-07-14T21:21:57Z [pre ] skip  C:\dev\abd-context-driven-delivery\ooad\formats\typescript\ooad-template.ts
2026-07-14T21:21:58Z [post] skip  C:\dev\abd-context-driven-delivery\ooad\formats\typescript\ooad-template.ts
2026-07-14T21:21:58Z [post] skip  C:\dev\abd-context-driven-delivery\ooad\formats\typescript\ooad-template.ts
2026-07-14T21:22:06Z [pre ] skip  C:\dev\abd-context-driven-delivery\ooad\formats\typescript\ooad-template.ts
2026-07-14T21:22:07Z [post] skip  C:\dev\abd-context-driven-delivery\ooad\formats\typescript\ooad-template.ts
2026-07-14T21:22:07Z [post] skip  C:\dev\abd-context-driven-delivery\ooad\formats\typescript\ooad-template.ts
2026-07-14T21:22:14Z [pre ] skip  C:\dev\abd-context-driven-delivery\ooad\formats\typescript\ooad-template.ts
2026-07-14T21:22:14Z [post] skip  C:\dev\abd-context-driven-delivery\ooad\formats\typescript\ooad-template.ts
2026-07-14T21:22:15Z [post] skip  C:\dev\abd-context-driven-delivery\ooad\formats\typescript\ooad-template.ts
2026-07-14T21:22:20Z [pre ] skip  C:\dev\abd-context-driven-delivery\ooad\formats\javascript\ooad-template.js
2026-07-14T21:22:21Z [post] skip  C:\dev\abd-context-driven-delivery\ooad\formats\javascript\ooad-template.js
2026-07-14T21:22:21Z [post] skip  C:\dev\abd-context-driven-delivery\ooad\formats\javascript\ooad-template.js
2026-07-14T21:22:26Z [pre ] skip  C:\dev\abd-context-driven-delivery\ooad\formats\javascript\ooad-template.js
2026-07-14T21:22:26Z [post] skip  C:\dev\abd-context-driven-delivery\ooad\formats\javascript\ooad-template.js
2026-07-14T21:22:27Z [post] skip  C:\dev\abd-context-driven-delivery\ooad\formats\javascript\ooad-template.js
2026-07-14T21:22:30Z [pre ] skip  C:\dev\abd-context-driven-delivery\ooad\formats\javascript\ooad-template.js
2026-07-14T21:22:31Z [post] skip  C:\dev\abd-context-driven-delivery\ooad\formats\javascript\ooad-template.js
2026-07-14T21:22:31Z [post] skip  C:\dev\abd-context-driven-delivery\ooad\formats\javascript\ooad-template.js
2026-07-14T21:22:37Z [pre ] skip  C:\dev\abd-context-driven-delivery\ooad\formats\javascript\ooad-examples.js
2026-07-14T21:22:37Z [post] skip  C:\dev\abd-context-driven-delivery\ooad\formats\javascript\ooad-examples.js
2026-07-14T21:22:38Z [post] skip  C:\dev\abd-context-driven-delivery\ooad\formats\javascript\ooad-examples.js
2026-07-14T21:22:52Z [pre ] skip  C:\dev\abd-context-driven-delivery\ooad\formats\javascript\ooad-examples.js
2026-07-14T21:22:52Z [post] skip  C:\dev\abd-context-driven-delivery\ooad\formats\javascript\ooad-examples.js
2026-07-14T21:22:53Z [post] skip  C:\dev\abd-context-driven-delivery\ooad\formats\javascript\ooad-examples.js
2026-07-14T21:23:11Z [pre ] skip  C:\dev\abd-context-driven-delivery\ooad\formats\markdown\ooad-template.md
2026-07-14T21:23:11Z [read] skip  C:\dev\abd-context-driven-delivery\ooad\formats\markdown\ooad-template.md
2026-07-14T21:23:11Z [post] skip  C:\dev\abd-context-driven-delivery\ooad\formats\markdown\ooad-template.md
2026-07-14T21:23:46Z [pre ] skip  C:\dev\abd-context-driven-delivery\ooad\formats\markdown\ooad-template.md
2026-07-14T21:23:47Z [read] skip  C:\dev\abd-context-driven-delivery\ooad\formats\markdown\ooad-template.md
2026-07-14T21:23:47Z [post] skip  C:\dev\abd-context-driven-delivery\ooad\formats\markdown\ooad-template.md
2026-07-14T21:23:48Z [pre ] skip  C:\dev\abd-context-driven-delivery\ooad\formats\markdown\ooad-template.md
2026-07-14T21:23:48Z [post] skip  C:\dev\abd-context-driven-delivery\ooad\formats\markdown\ooad-template.md
2026-07-14T21:23:49Z [post] skip  C:\dev\abd-context-driven-delivery\ooad\formats\markdown\ooad-template.md
2026-07-14T21:24:14Z [pre ] skip  C:\dev\abd-context-driven-delivery\ooad\formats\markdown\ooad-examples.md
2026-07-14T21:24:15Z [post] skip  C:\dev\abd-context-driven-delivery\ooad\formats\markdown\ooad-examples.md
2026-07-14T21:24:16Z [post] skip  C:\dev\abd-context-driven-delivery\ooad\formats\markdown\ooad-examples.md
2026-07-14T21:28:59Z [post] skip  C:\dev\abd-context-driven-delivery
2026-07-14T21:29:07Z [pre ] FIRED  C:\dev\abd-context-driven-delivery\ooad\ooad.py  — 5 manifest line(s)
2026-07-14T21:29:07Z [post] skip  C:\dev\abd-context-driven-delivery
2026-07-14T21:29:08Z [read] FIRED  C:\dev\abd-context-driven-delivery\ooad\ooad.py  — 5 manifest line(s)
2026-07-14T21:29:09Z [post] FIRED  C:\dev\abd-context-driven-delivery\ooad\ooad.py  — 5 manifest line(s)
2026-07-14T21:33:26Z [pre ] skip  C:\dev\abd-context-driven-delivery\ooad\evals\engineering\examples.md
2026-07-14T21:33:26Z [read] skip  C:\dev\abd-context-driven-delivery\ooad\evals\engineering\examples.md
2026-07-14T21:33:27Z [post] skip  C:\dev\abd-context-driven-delivery\ooad\evals\engineering\examples.md
2026-07-15T00:03:46Z [pre ] skip  C:\dev\abd-context-driven-delivery\ooad\ooad.md
2026-07-15T00:03:47Z [post] skip  C:\dev\abd-context-driven-delivery\ooad\ooad.md
2026-07-15T00:03:48Z [post] skip  C:\dev\abd-context-driven-delivery\ooad\ooad.md
2026-07-15T00:04:07Z [pre ] skip  C:\dev\abd-context-driven-delivery\ooad\fidelities\language.md
2026-07-15T00:04:07Z [post] skip  C:\dev\abd-context-driven-delivery\ooad\fidelities\language.md
2026-07-15T00:04:08Z [post] skip  C:\dev\abd-context-driven-delivery\ooad\fidelities\language.md
2026-07-15T00:10:41Z [pre ] skip  C:\dev\abd-context-driven-delivery\ooad\fidelities\language.md
2026-07-15T00:10:42Z [post] skip  C:\dev\abd-context-driven-delivery\ooad\fidelities\language.md
2026-07-15T00:10:43Z [post] skip  C:\dev\abd-context-driven-delivery\ooad\fidelities\language.md
2026-07-15T00:10:47Z [pre ] skip  C:\dev\abd-context-driven-delivery\ooad\ooad.md
2026-07-15T00:10:48Z [post] skip  C:\dev\abd-context-driven-delivery\ooad\ooad.md
2026-07-15T00:10:48Z [post] skip  C:\dev\abd-context-driven-delivery\ooad\ooad.md
2026-07-15T00:26:39Z [pre ] skip  C:\dev\abd-context-driven-delivery\ooad\fidelities\language.md
2026-07-15T00:26:40Z [post] skip  C:\dev\abd-context-driven-delivery\ooad\fidelities\language.md
2026-07-15T00:26:40Z [post] skip  C:\dev\abd-context-driven-delivery\ooad\fidelities\language.md
2026-07-15T00:26:58Z [pre ] skip  C:\dev\abd-context-driven-delivery\ooad\ooad.md
2026-07-15T00:26:58Z [post] skip  C:\dev\abd-context-driven-delivery\ooad\ooad.md
2026-07-15T00:26:59Z [post] skip  C:\dev\abd-context-driven-delivery\ooad\ooad.md
2026-07-15T00:31:08Z [pre ] skip  C:\dev\abd-context-driven-delivery\ooad\fidelities\language.md
2026-07-15T00:31:09Z [post] skip  C:\dev\abd-context-driven-delivery\ooad\fidelities\language.md
2026-07-15T00:31:10Z [post] skip  C:\dev\abd-context-driven-delivery\ooad\fidelities\language.md
2026-07-15T00:33:46Z [pre ] skip  C:\dev\abd-context-driven-delivery\ooad\fidelities\language.md
2026-07-15T00:33:47Z [post] skip  C:\dev\abd-context-driven-delivery\ooad\fidelities\language.md
2026-07-15T00:33:48Z [post] skip  C:\dev\abd-context-driven-delivery\ooad\fidelities\language.md
2026-07-15T00:45:09Z [pre ] skip  C:\dev\abd-context-driven-delivery\ooad\fidelities\language.md
2026-07-15T00:45:10Z [post] skip  C:\dev\abd-context-driven-delivery\ooad\fidelities\language.md
2026-07-15T00:45:11Z [post] skip  C:\dev\abd-context-driven-delivery\ooad\fidelities\language.md
2026-07-15T12:40:10Z [post] skip  c:\dev\abd-skills\practices\architecture-centric-engineering
2026-07-15T12:40:15Z [post] skip  c:\dev\abd-skills\practices\architecture-centric-engineering
2026-07-15T12:40:16Z [post] skip  c:\dev\abd-skills\practices\architecture-centric-engineering
2026-07-15T12:40:19Z [pre ] skip  c:\dev\abd-skills\practices\architecture-centric-engineering\skills\abd-architecture-specification\templates\package-context.md
2026-07-15T12:40:20Z [pre ] skip  c:\dev\abd-skills\practices\architecture-centric-engineering\skills\abd-architecture-specification\rules\package-surface-is-cohesive.md
2026-07-15T12:40:20Z [read] skip  c:\dev\abd-skills\practices\architecture-centric-engineering\skills\abd-architecture-specification\templates\package-context.md
2026-07-15T12:40:20Z [pre ] skip  c:\dev\abd-skills\practices\architecture-centric-engineering\skills\abd-architecture-specification\rules\package-seam-is-minimal-and-named.md
2026-07-15T12:40:20Z [read] skip  c:\dev\abd-skills\practices\architecture-centric-engineering\skills\abd-architecture-specification\rules\package-surface-is-cohesive.md
2026-07-15T12:40:21Z [pre ] skip  c:\dev\abd-skills\practices\architecture-centric-engineering\skills\abd-architecture-specification\rules\package-context-file-stays-out-of-domain-details.md
2026-07-15T12:40:21Z [post] skip  c:\dev\abd-skills\practices\architecture-centric-engineering\skills\abd-architecture-specification\templates\package-context.md
2026-07-15T12:40:21Z [read] skip  c:\dev\abd-skills\practices\architecture-centric-engineering\skills\abd-architecture-specification\rules\package-seam-is-minimal-and-named.md
2026-07-15T12:40:21Z [post] skip  c:\dev\abd-skills\practices\architecture-centric-engineering\skills\abd-architecture-specification\rules\package-surface-is-cohesive.md
2026-07-15T12:40:22Z [read] skip  c:\dev\abd-skills\practices\architecture-centric-engineering\skills\abd-architecture-specification\rules\package-context-file-stays-out-of-domain-details.md
2026-07-15T12:40:22Z [post] skip  c:\dev\abd-skills\practices\architecture-centric-engineering\skills\abd-architecture-specification\rules\package-seam-is-minimal-and-named.md
2026-07-15T12:40:22Z [post] skip  c:\dev\abd-skills\practices\architecture-centric-engineering\skills\abd-architecture-specification\rules\package-context-file-stays-out-of-domain-details.md
2026-07-15T12:40:28Z [pre ] skip  c:\dev\abd-skills\practices\architecture-centric-engineering\skills\abd-architecture-outline\rules\packages-name-a-seam-and-a-constraint.md
2026-07-15T12:40:28Z [pre ] skip  c:\dev\abd-skills\practices\architecture-centric-engineering\skills\abd-architecture-blueprint\rules\packages-described-by-seam-and-constraint.md
2026-07-15T12:40:28Z [read] skip  c:\dev\abd-skills\practices\architecture-centric-engineering\skills\abd-architecture-outline\rules\packages-name-a-seam-and-a-constraint.md
2026-07-15T12:40:29Z [pre ] skip  c:\dev\abd-skills\practices\architecture-centric-engineering\skills\abd-architecture-blueprint\templates\scaffold\module-package-context-stub.md
2026-07-15T12:40:29Z [read] skip  c:\dev\abd-skills\practices\architecture-centric-engineering\skills\abd-architecture-blueprint\rules\packages-described-by-seam-and-constraint.md
2026-07-15T12:40:29Z [post] skip  c:\dev\abd-skills\practices\architecture-centric-engineering\skills\abd-architecture-outline\rules\packages-name-a-seam-and-a-constraint.md
2026-07-15T12:40:30Z [read] skip  c:\dev\abd-skills\practices\architecture-centric-engineering\skills\abd-architecture-blueprint\templates\scaffold\module-package-context-stub.md
2026-07-15T12:40:30Z [post] skip  c:\dev\abd-skills\practices\architecture-centric-engineering\skills\abd-architecture-blueprint\rules\packages-described-by-seam-and-constraint.md
2026-07-15T12:40:30Z [post] skip  c:\dev\abd-skills\practices\architecture-centric-engineering\skills\abd-architecture-blueprint\templates\scaffold\module-package-context-stub.md
2026-07-15T12:46:25Z [pre ] skip  c:\dev\abd-context-driven-delivery\ooad\fidelities\engineering.md
2026-07-15T12:46:26Z [read] skip  c:\dev\abd-context-driven-delivery\ooad\fidelities\engineering.md
2026-07-15T12:46:27Z [post] skip  c:\dev\abd-context-driven-delivery\ooad\fidelities\engineering.md
2026-07-15T12:58:02Z [pre ] skip  c:\dev\abd-context-driven-delivery\ooad\ooad.md
2026-07-15T12:58:04Z [post] skip  c:\dev\abd-context-driven-delivery\ooad\ooad.md
2026-07-15T12:58:05Z [post] skip  c:\dev\abd-context-driven-delivery\ooad\ooad.md
2026-07-15T12:58:16Z [pre ] skip  c:\dev\abd-context-driven-delivery\ooad\fidelities\language.md
2026-07-15T12:58:17Z [post] skip  c:\dev\abd-context-driven-delivery\ooad\fidelities\language.md
2026-07-15T12:58:18Z [post] skip  c:\dev\abd-context-driven-delivery\ooad\fidelities\language.md
2026-07-15T12:58:32Z [pre ] skip  c:\dev\abd-context-driven-delivery\ooad\fidelities\model.md
2026-07-15T12:58:33Z [post] skip  c:\dev\abd-context-driven-delivery\ooad\fidelities\model.md
2026-07-15T12:58:34Z [post] skip  c:\dev\abd-context-driven-delivery\ooad\fidelities\model.md
2026-07-15T12:58:49Z [pre ] skip  c:\dev\abd-context-driven-delivery\ooad\fidelities\specification.md
2026-07-15T12:58:50Z [post] skip  c:\dev\abd-context-driven-delivery\ooad\fidelities\specification.md
2026-07-15T12:58:51Z [post] skip  c:\dev\abd-context-driven-delivery\ooad\fidelities\specification.md
2026-07-15T12:59:02Z [pre ] skip  c:\dev\abd-context-driven-delivery\ooad\fidelities\engineering.md
2026-07-15T12:59:03Z [read] skip  c:\dev\abd-context-driven-delivery\ooad\fidelities\engineering.md
2026-07-15T12:59:05Z [post] skip  c:\dev\abd-context-driven-delivery\ooad\fidelities\engineering.md
2026-07-15T12:59:06Z [pre ] skip  c:\dev\abd-context-driven-delivery\ooad\fidelities\engineering.md
2026-07-15T12:59:07Z [post] skip  c:\dev\abd-context-driven-delivery\ooad\fidelities\engineering.md
2026-07-15T12:59:09Z [post] skip  c:\dev\abd-context-driven-delivery\ooad\fidelities\engineering.md
2026-07-15T12:59:30Z [post] skip  c:\dev\abd-context-driven-delivery\ooad
2026-07-15T12:59:35Z [pre ] skip  c:\dev\abd-context-driven-delivery\ooad\ooad.md
2026-07-15T12:59:36Z [post] skip  c:\dev\abd-context-driven-delivery\ooad\ooad.md
2026-07-15T12:59:37Z [post] skip  c:\dev\abd-context-driven-delivery\ooad\ooad.md
2026-07-15T12:59:41Z [pre ] skip  c:\dev\abd-context-driven-delivery\ooad\fidelities\language.md
2026-07-15T12:59:41Z [post] skip  c:\dev\abd-context-driven-delivery\ooad\fidelities\language.md
2026-07-15T12:59:42Z [post] skip  c:\dev\abd-context-driven-delivery\ooad\fidelities\language.md
2026-07-15T12:59:47Z [pre ] skip  c:\dev\abd-context-driven-delivery\ooad\fidelities\model.md
2026-07-15T12:59:48Z [post] skip  c:\dev\abd-context-driven-delivery\ooad\fidelities\model.md
2026-07-15T12:59:49Z [post] skip  c:\dev\abd-context-driven-delivery\ooad\fidelities\model.md
2026-07-15T12:59:54Z [pre ] skip  c:\dev\abd-context-driven-delivery\ooad\fidelities\specification.md
2026-07-15T12:59:55Z [post] skip  c:\dev\abd-context-driven-delivery\ooad\fidelities\specification.md
2026-07-15T12:59:56Z [post] skip  c:\dev\abd-context-driven-delivery\ooad\fidelities\specification.md
2026-07-15T13:00:58Z [pre ] skip  c:\dev\abd-context-driven-delivery\ooad\ooad.md
2026-07-15T13:00:59Z [post] skip  c:\dev\abd-context-driven-delivery\ooad\ooad.md
2026-07-15T13:01:00Z [post] skip  c:\dev\abd-context-driven-delivery\ooad\ooad.md
2026-07-15T13:03:43Z [post] skip  C:\Users\thoma\.cursor\projects\c-dev-abd-context-driven-delivery\agent-tools\f33a10cd-b8ed-4d16-a470-e0eb42db6741.txt
2026-07-15T13:03:44Z [post] skip  C:\Users\thoma\.cursor\projects\c-dev-abd-context-driven-delivery\agent-tools\f33a10cd-b8ed-4d16-a470-e0eb42db6741.txt
2026-07-15T13:03:47Z [post] skip  C:\Users\thoma\.cursor\projects\c-dev-abd-context-driven-delivery\agent-tools\e997445c-f805-4599-862e-2090b347b1bc.txt
2026-07-15T13:03:48Z [post] skip  C:\Users\thoma\.cursor\projects\c-dev-abd-context-driven-delivery\agent-tools\e997445c-f805-4599-862e-2090b347b1bc.txt
2026-07-15T13:03:50Z [post] skip  C:\Users\thoma\.cursor\projects\c-dev-abd-context-driven-delivery\agent-tools\67183a2f-069a-4eff-8de6-468195c33d0c.txt
2026-07-15T13:03:51Z [post] skip  C:\Users\thoma\.cursor\projects\c-dev-abd-context-driven-delivery\agent-tools\67183a2f-069a-4eff-8de6-468195c33d0c.txt
2026-07-15T13:04:37Z [pre ] skip  c:\dev\abd-context-driven-delivery\ooad\ooad.md
2026-07-15T13:04:42Z [post] skip  c:\dev\abd-context-driven-delivery\ooad\ooad.md
2026-07-15T13:04:43Z [post] skip  c:\dev\abd-context-driven-delivery\ooad\ooad.md
2026-07-15T13:14:52Z [pre ] skip  c:\dev\abd-context-driven-delivery\ooad\ooad.md
2026-07-15T13:14:54Z [post] skip  c:\dev\abd-context-driven-delivery\ooad\ooad.md
2026-07-15T13:14:55Z [post] skip  c:\dev\abd-context-driven-delivery\ooad\ooad.md
2026-07-15T13:15:32Z [pre ] skip  c:\dev\abd-context-driven-delivery\ooad\fidelities\language.md
2026-07-15T13:15:33Z [post] skip  c:\dev\abd-context-driven-delivery\ooad\fidelities\language.md
2026-07-15T13:15:34Z [post] skip  c:\dev\abd-context-driven-delivery\ooad\fidelities\language.md
2026-07-15T13:15:51Z [pre ] skip  c:\dev\abd-context-driven-delivery\ooad\fidelities\model.md
2026-07-15T13:15:52Z [post] skip  c:\dev\abd-context-driven-delivery\ooad\fidelities\model.md
2026-07-15T13:15:53Z [post] skip  c:\dev\abd-context-driven-delivery\ooad\fidelities\model.md
2026-07-15T13:16:06Z [pre ] skip  c:\dev\abd-context-driven-delivery\ooad\fidelities\specification.md
2026-07-15T13:16:07Z [post] skip  c:\dev\abd-context-driven-delivery\ooad\fidelities\specification.md
2026-07-15T13:16:08Z [post] skip  c:\dev\abd-context-driven-delivery\ooad\fidelities\specification.md
2026-07-15T13:16:25Z [pre ] skip  c:\dev\abd-context-driven-delivery\ooad\fidelities\engineering.md
2026-07-15T13:16:26Z [post] skip  c:\dev\abd-context-driven-delivery\ooad\fidelities\engineering.md
2026-07-15T13:16:27Z [post] skip  c:\dev\abd-context-driven-delivery\ooad\fidelities\engineering.md
2026-07-15T13:24:17Z [pre ] skip  c:\dev\abd-context-driven-delivery\ooad\ooad.md
2026-07-15T13:24:18Z [post] skip  c:\dev\abd-context-driven-delivery\ooad\ooad.md
2026-07-15T13:24:19Z [post] skip  c:\dev\abd-context-driven-delivery\ooad\ooad.md
2026-07-15T13:30:35Z [pre ] skip  c:\dev\abd-context-driven-delivery\ooad\fidelities\language.md
2026-07-15T13:30:36Z [post] skip  c:\dev\abd-context-driven-delivery\ooad\fidelities\language.md
2026-07-15T13:30:37Z [post] skip  c:\dev\abd-context-driven-delivery\ooad\fidelities\language.md
2026-07-15T13:31:46Z [pre ] skip  c:\dev\abd-context-driven-delivery\ooad\ooad.md
2026-07-15T13:31:47Z [post] skip  c:\dev\abd-context-driven-delivery\ooad\ooad.md
2026-07-15T13:31:48Z [post] skip  c:\dev\abd-context-driven-delivery\ooad\ooad.md
2026-07-15T13:32:10Z [pre ] skip  c:\dev\abd-context-driven-delivery\ooad\fidelities\language.md
2026-07-15T13:32:10Z [post] skip  c:\dev\abd-context-driven-delivery\ooad\fidelities\language.md
2026-07-15T13:32:11Z [post] skip  c:\dev\abd-context-driven-delivery\ooad\fidelities\language.md
2026-07-15T13:32:38Z [pre ] skip  c:\dev\abd-context-driven-delivery\ooad\fidelities\model.md
2026-07-15T13:32:39Z [post] skip  c:\dev\abd-context-driven-delivery\ooad\fidelities\model.md
2026-07-15T13:32:40Z [post] skip  c:\dev\abd-context-driven-delivery\ooad\fidelities\model.md
2026-07-15T13:33:13Z [pre ] skip  c:\dev\abd-context-driven-delivery\ooad\fidelities\specification.md
2026-07-15T13:33:14Z [post] skip  c:\dev\abd-context-driven-delivery\ooad\fidelities\specification.md
2026-07-15T13:33:15Z [post] skip  c:\dev\abd-context-driven-delivery\ooad\fidelities\specification.md
2026-07-15T13:33:52Z [pre ] skip  c:\dev\abd-context-driven-delivery\ooad\fidelities\engineering.md
2026-07-15T13:33:53Z [post] skip  c:\dev\abd-context-driven-delivery\ooad\fidelities\engineering.md
2026-07-15T13:33:54Z [post] skip  c:\dev\abd-context-driven-delivery\ooad\fidelities\engineering.md
2026-07-15T13:34:46Z [pre ] skip  c:\dev\abd-context-driven-delivery\ooad\ooad.md
2026-07-15T13:34:47Z [post] skip  c:\dev\abd-context-driven-delivery\ooad\ooad.md
2026-07-15T13:34:48Z [post] skip  c:\dev\abd-context-driven-delivery\ooad\ooad.md
2026-07-15T13:34:56Z [post] skip  c:\dev\abd-context-driven-delivery\ooad\fidelities
2026-07-15T13:35:08Z [post] skip  c:\dev\abd-context-driven-delivery\ooad\fidelities
2026-07-15T13:36:01Z [post] skip  c:\dev\abd-context-driven-delivery\ooad\fidelities
2026-07-15T13:37:10Z [post] skip  c:\dev\abd-context-driven-delivery\ooad
2026-07-15T13:37:29Z [pre ] skip  c:\dev\abd-context-driven-delivery\ooad\ooad.md
2026-07-15T13:37:30Z [post] skip  c:\dev\abd-context-driven-delivery\ooad\ooad.md
2026-07-15T13:37:31Z [post] skip  c:\dev\abd-context-driven-delivery\ooad\ooad.md
2026-07-15T13:37:42Z [pre ] skip  c:\dev\abd-context-driven-delivery\ooad\fidelities\engineering.md
2026-07-15T13:37:43Z [post] skip  c:\dev\abd-context-driven-delivery\ooad\fidelities\engineering.md
2026-07-15T13:37:44Z [post] skip  c:\dev\abd-context-driven-delivery\ooad\fidelities\engineering.md
2026-07-15T13:37:51Z [pre ] skip  c:\dev\abd-context-driven-delivery\ooad\fidelities\language.md
2026-07-15T13:37:52Z [post] skip  c:\dev\abd-context-driven-delivery\ooad\fidelities\language.md
2026-07-15T13:37:53Z [post] skip  c:\dev\abd-context-driven-delivery\ooad\fidelities\language.md
2026-07-15T13:40:08Z [post] skip  c:\dev\abd-context-driven-delivery
2026-07-15T13:40:08Z [post] skip  c:\dev\abd-skills
2026-07-15T13:41:41Z [pre ] skip  C:\Users\thoma\.cursor\projects\c-dev-abd-context-driven-delivery/terminals/460570.txt
2026-07-15T13:41:42Z [read] skip  C:\Users\thoma\.cursor\projects\c-dev-abd-context-driven-delivery/terminals/460570.txt
2026-07-15T13:41:43Z [post] skip  C:\Users\thoma\.cursor\projects\c-dev-abd-context-driven-delivery/terminals/460570.txt
2026-07-15T13:41:44Z [pre ] skip  C:\Users\thoma\.cursor\projects\c-dev-abd-context-driven-delivery/terminals/460570.txt
2026-07-15T13:41:45Z [read] skip  C:\Users\thoma\.cursor\projects\c-dev-abd-context-driven-delivery/terminals/460570.txt
2026-07-15T13:41:46Z [post] skip  C:\Users\thoma\.cursor\projects\c-dev-abd-context-driven-delivery/terminals/460570.txt
2026-07-15T13:42:20Z [pre ] skip  C:\dev\you-tube-scraper\requirements.txt
2026-07-15T13:42:21Z [read] skip  C:\dev\you-tube-scraper\requirements.txt
2026-07-15T13:42:22Z [post] skip  C:\dev\you-tube-scraper\requirements.txt
2026-07-15T13:42:23Z [pre ] skip  C:\dev\you-tube-scraper\requirements.txt
2026-07-15T13:42:25Z [post] skip  C:\dev\you-tube-scraper\requirements.txt
2026-07-15T13:42:26Z [post] skip  C:\dev\you-tube-scraper\requirements.txt
2026-07-15T13:43:03Z [pre ] skip  C:\dev\you-tube-scraper\README.md
2026-07-15T13:43:04Z [read] skip  C:\dev\you-tube-scraper\README.md
2026-07-15T13:43:05Z [post] skip  C:\dev\you-tube-scraper\README.md
2026-07-15T13:43:07Z [post] skip  C:\dev\you-tube-scraper\.gitignore
2026-07-15T13:43:07Z [post] skip  C:\dev\you-tube-scraper\scrape.py
2026-07-15T13:43:08Z [post] skip  C:\dev\you-tube-scraper\scrape.py
2026-07-15T13:43:08Z [post] skip  C:\dev\you-tube-scraper\.gitignore
2026-07-15T13:43:08Z [pre ] skip  C:\dev\you-tube-scraper\README.md
2026-07-15T13:43:09Z [post] skip  C:\dev\you-tube-scraper\README.md
2026-07-15T13:43:10Z [post] skip  C:\dev\you-tube-scraper\README.md
2026-07-15T13:44:17Z [pre ] skip  C:\Users\thoma\.cursor\projects\c-dev-abd-context-driven-delivery/terminals/460571.txt
2026-07-15T13:44:18Z [read] skip  C:\Users\thoma\.cursor\projects\c-dev-abd-context-driven-delivery/terminals/460571.txt
2026-07-15T13:44:19Z [post] skip  C:\Users\thoma\.cursor\projects\c-dev-abd-context-driven-delivery/terminals/460571.txt
2026-07-15T13:44:23Z [pre ] skip  C:\Users\thoma\.cursor\projects\c-dev-abd-context-driven-delivery/terminals/460571.txt
2026-07-15T13:44:24Z [read] skip  C:\Users\thoma\.cursor\projects\c-dev-abd-context-driven-delivery/terminals/460571.txt
2026-07-15T13:44:25Z [post] skip  C:\Users\thoma\.cursor\projects\c-dev-abd-context-driven-delivery/terminals/460571.txt
2026-07-15T13:44:31Z [pre ] skip  C:\Users\thoma\.cursor\projects\c-dev-abd-context-driven-delivery/terminals/460571.txt
2026-07-15T13:44:32Z [read] skip  C:\Users\thoma\.cursor\projects\c-dev-abd-context-driven-delivery/terminals/460571.txt
2026-07-15T13:44:33Z [post] skip  C:\Users\thoma\.cursor\projects\c-dev-abd-context-driven-delivery/terminals/460571.txt
2026-07-15T13:44:36Z [pre ] skip  C:\Users\thoma\.cursor\projects\c-dev-abd-context-driven-delivery/terminals/460571.txt
2026-07-15T13:44:37Z [read] skip  C:\Users\thoma\.cursor\projects\c-dev-abd-context-driven-delivery/terminals/460571.txt
2026-07-15T13:44:38Z [post] skip  C:\Users\thoma\.cursor\projects\c-dev-abd-context-driven-delivery/terminals/460571.txt
2026-07-15T13:44:42Z [pre ] skip  C:\Users\thoma\.cursor\projects\c-dev-abd-context-driven-delivery/terminals/460571.txt
2026-07-15T13:44:43Z [read] skip  C:\Users\thoma\.cursor\projects\c-dev-abd-context-driven-delivery/terminals/460571.txt
2026-07-15T13:44:44Z [post] skip  C:\Users\thoma\.cursor\projects\c-dev-abd-context-driven-delivery/terminals/460571.txt
2026-07-15T13:44:51Z [pre ] skip  C:\Users\thoma\.cursor\projects\c-dev-abd-context-driven-delivery\terminals\460571.txt
2026-07-15T13:44:52Z [read] skip  C:\Users\thoma\.cursor\projects\c-dev-abd-context-driven-delivery\terminals\460571.txt
2026-07-15T13:44:53Z [post] skip  C:\Users\thoma\.cursor\projects\c-dev-abd-context-driven-delivery\terminals\460571.txt
2026-07-15T13:48:27Z [post] skip  C:\Users\thoma\.cursor\projects\c-dev-abd-context-driven-delivery\agent-tools\db287a81-4122-403a-8d11-ecbcb1be4bea.txt
2026-07-15T13:48:27Z [post] skip  C:\Users\thoma\.cursor\projects\c-dev-abd-context-driven-delivery\agent-tools\fe9a332a-a368-469b-a501-d552480d6ab6.txt
2026-07-15T13:48:28Z [post] skip  C:\Users\thoma\.cursor\projects\c-dev-abd-context-driven-delivery\agent-tools\db287a81-4122-403a-8d11-ecbcb1be4bea.txt
2026-07-15T13:48:28Z [post] skip  C:\Users\thoma\.cursor\projects\c-dev-abd-context-driven-delivery\agent-tools\fe9a332a-a368-469b-a501-d552480d6ab6.txt
2026-07-15T13:48:30Z [post] skip  C:\Users\thoma\.cursor\projects\c-dev-abd-context-driven-delivery\agent-tools\b0630e5c-d139-4552-ae14-8ec776b2bad5.txt
2026-07-15T13:48:31Z [post] skip  C:\Users\thoma\.cursor\projects\c-dev-abd-context-driven-delivery\agent-tools\b0630e5c-d139-4552-ae14-8ec776b2bad5.txt
2026-07-15T13:48:33Z [post] skip  C:\Users\thoma\.cursor\projects\c-dev-abd-context-driven-delivery\agent-tools\804275c0-9920-4e1f-b887-dd956cae02e9.txt
2026-07-15T13:48:34Z [post] skip  C:\Users\thoma\.cursor\projects\c-dev-abd-context-driven-delivery\agent-tools\804275c0-9920-4e1f-b887-dd956cae02e9.txt
2026-07-15T13:57:54Z [pre ] skip  c:\dev\abd-context-driven-delivery\scanners\scanner_spec.py
2026-07-15T13:57:54Z [pre ] skip  c:\dev\abd-context-driven-delivery\scanners\scanner.py
2026-07-15T13:57:55Z [pre ] skip  c:\dev\abd-context-driven-delivery\scanners\scanner_runner.py
2026-07-15T13:57:55Z [pre ] skip  c:\dev\abd-context-driven-delivery\ooad\formats\python\scanners\scanners_spec.py
2026-07-15T13:57:56Z [pre ] skip  c:\dev\abd-context-driven-delivery\scanners\scanner_collection.py
2026-07-15T13:57:56Z [read] skip  c:\dev\abd-context-driven-delivery\scanners\scanner_runner.py
2026-07-15T13:57:56Z [pre ] skip  c:\dev\abd-context-driven-delivery\scanners\scanner_paths.py
2026-07-15T13:57:56Z [read] skip  c:\dev\abd-context-driven-delivery\scanners\scanner.py
2026-07-15T13:57:56Z [read] skip  c:\dev\abd-context-driven-delivery\scanners\scanner_spec.py
2026-07-15T13:57:57Z [read] skip  c:\dev\abd-context-driven-delivery\ooad\formats\python\scanners\scanners_spec.py
2026-07-15T13:57:57Z [read] skip  c:\dev\abd-context-driven-delivery\scanners\scanner_collection.py
2026-07-15T13:57:57Z [post] skip  c:\dev\abd-context-driven-delivery\scanners\scanner_runner.py
2026-07-15T13:57:57Z [read] skip  c:\dev\abd-context-driven-delivery\scanners\scanner_paths.py
2026-07-15T13:57:57Z [post] skip  c:\dev\abd-context-driven-delivery\scanners\scanner.py
2026-07-15T13:57:58Z [post] skip  c:\dev\abd-context-driven-delivery\scanners\scanner_spec.py
2026-07-15T13:57:58Z [post] skip  c:\dev\abd-context-driven-delivery\ooad\formats\python\scanners\scanners_spec.py
2026-07-15T13:57:58Z [post] skip  c:\dev\abd-context-driven-delivery\scanners\scanner_collection.py
2026-07-15T13:57:58Z [post] skip  c:\dev\abd-context-driven-delivery\scanners\scanner_paths.py
2026-07-15T13:58:06Z [post] skip  c:\dev\abd-context-driven-delivery
2026-07-15T13:58:07Z [post] skip  c:\dev\abd-context-driven-delivery\ooad
2026-07-15T13:58:14Z [pre ] skip  c:\dev\abd-context-driven-delivery\ooad\formats\python\scanners\single_responsibility_scanner.py
2026-07-15T13:58:14Z [pre ] skip  c:\dev\abd-context-driven-delivery\ooad\formats\python\scanners\code_scanner.py
2026-07-15T13:58:15Z [read] skip  c:\dev\abd-context-driven-delivery\ooad\formats\python\scanners\single_responsibility_scanner.py
2026-07-15T13:58:15Z [read] skip  c:\dev\abd-context-driven-delivery\ooad\formats\python\scanners\code_scanner.py
2026-07-15T13:58:16Z [post] skip  c:\dev\abd-context-driven-delivery\ooad\formats\python\scanners\single_responsibility_scanner.py
2026-07-15T13:58:16Z [post] skip  c:\dev\abd-context-driven-delivery\ooad\formats\python\scanners\code_scanner.py
2026-07-15T13:59:00Z [pre ] FIRED  c:\dev\abd-context-driven-delivery\ooad\formats\python\ooad-examples.py  — 3 manifest line(s)
2026-07-15T13:59:03Z [read] FIRED  c:\dev\abd-context-driven-delivery\ooad\formats\python\ooad-examples.py  — 3 manifest line(s)
2026-07-15T13:59:03Z [post] skip  c:\dev\abd-context-driven-delivery
2026-07-15T13:59:05Z [post] FIRED  c:\dev\abd-context-driven-delivery\ooad\formats\python\ooad-examples.py  — 3 manifest line(s)
2026-07-15T14:00:11Z [post] skip  c:\dev\abd-context-driven-delivery\ooad\formats\python\scanners\module_scanner.py
2026-07-15T14:00:12Z [post] skip  c:\dev\abd-context-driven-delivery\ooad\formats\python\scanners\module_scanner.py
2026-07-15T14:00:29Z [post] skip  c:\dev\abd-context-driven-delivery\ooad\formats\python\scanners\physical_folder_scanner.py
2026-07-15T14:00:30Z [post] skip  c:\dev\abd-context-driven-delivery\ooad\formats\python\scanners\physical_folder_scanner.py
2026-07-15T14:01:19Z [pre ] skip  c:\dev\abd-context-driven-delivery\ooad\formats\python\scanners\physical_folder_scanner.py
2026-07-15T14:01:20Z [post] skip  c:\dev\abd-context-driven-delivery\ooad\formats\python\scanners\physical_folder_scanner.py
2026-07-15T14:01:21Z [post] skip  c:\dev\abd-context-driven-delivery\ooad\formats\python\scanners\physical_folder_scanner.py
2026-07-15T14:01:54Z [post] skip  c:\dev\abd-context-driven-delivery\ooad\formats\python\scanners\named_seam_and_constraint_scanner.py
2026-07-15T14:01:55Z [post] skip  c:\dev\abd-context-driven-delivery\ooad\formats\python\scanners\named_seam_and_constraint_scanner.py
2026-07-15T14:02:19Z [post] skip  c:\dev\abd-context-driven-delivery\ooad\formats\python\scanners\deep_module_scanner.py
2026-07-15T14:02:20Z [post] skip  c:\dev\abd-context-driven-delivery\ooad\formats\python\scanners\deep_module_scanner.py
2026-07-15T14:02:49Z [post] skip  c:\dev\abd-context-driven-delivery\ooad\formats\python\scanners\low_coupling_scanner.py
2026-07-15T14:02:50Z [post] skip  c:\dev\abd-context-driven-delivery\ooad\formats\python\scanners\low_coupling_scanner.py
2026-07-15T14:03:22Z [post] skip  c:\dev\abd-context-driven-delivery\ooad\formats\python\scanners\complexity_absorption_scanner.py
2026-07-15T14:03:23Z [post] skip  c:\dev\abd-context-driven-delivery\ooad\formats\python\scanners\complexity_absorption_scanner.py
2026-07-15T14:04:00Z [post] skip  c:\dev\abd-context-driven-delivery\ooad\formats\python\scanners\information_hiding_scanner.py
2026-07-15T14:04:03Z [post] skip  c:\dev\abd-context-driven-delivery\ooad\formats\python\scanners\information_hiding_scanner.py
2026-07-15T14:05:06Z [post] skip  c:\dev\abd-context-driven-delivery\ooad\formats\python\scanners\module_scanners_spec.py
2026-07-15T14:05:07Z [post] skip  c:\dev\abd-context-driven-delivery\ooad\formats\python\scanners\module_scanners_spec.py
2026-07-15T14:06:43Z [pre ] skip  c:\dev\abd-context-driven-delivery\ooad\formats\python\scanners\module_scanners_spec.py
2026-07-15T14:06:44Z [post] skip  c:\dev\abd-context-driven-delivery\ooad\formats\python\scanners\module_scanners_spec.py
2026-07-15T14:06:45Z [post] skip  c:\dev\abd-context-driven-delivery\ooad\formats\python\scanners\module_scanners_spec.py
2026-07-15T14:19:03Z [pre ] skip  c:\dev\abd-context-driven-delivery\ooad\formats\python\scanners\module_scanner.py
2026-07-15T14:19:05Z [post] skip  c:\dev\abd-context-driven-delivery\ooad\formats\python\scanners\module_scanner.py
2026-07-15T14:19:06Z [post] skip  c:\dev\abd-context-driven-delivery\ooad\formats\python\scanners\module_scanner.py
2026-07-15T14:58:44Z [post] skip  c:\dev\abd-context-driven-delivery\ooad
2026-07-15T14:58:44Z [pre ] skip  c:\dev\abd-context-driven-delivery\ooad\fidelities\engineering.md
2026-07-15T14:58:45Z [read] skip  c:\dev\abd-context-driven-delivery\ooad\fidelities\engineering.md
2026-07-15T14:58:46Z [post] skip  c:\dev\abd-context-driven-delivery\ooad\fidelities\engineering.md
2026-07-15T15:00:00Z [pre ] skip  c:\dev\abd-context-driven-delivery\ooad\ooad.md
2026-07-15T15:00:01Z [post] skip  c:\dev\abd-context-driven-delivery\ooad\ooad.md
2026-07-15T15:00:02Z [post] skip  c:\dev\abd-context-driven-delivery\ooad\ooad.md
2026-07-15T15:00:15Z [pre ] skip  c:\dev\abd-context-driven-delivery\ooad\ooad.md
2026-07-15T15:00:16Z [post] skip  c:\dev\abd-context-driven-delivery\ooad\ooad.md
2026-07-15T15:00:17Z [post] skip  c:\dev\abd-context-driven-delivery\ooad\ooad.md
2026-07-15T15:01:13Z [pre ] skip  c:\dev\abd-context-driven-delivery\ooad\fidelities\modules.md
2026-07-15T15:01:14Z [read] skip  c:\dev\abd-context-driven-delivery\ooad\fidelities\modules.md
2026-07-15T15:01:15Z [post] skip  c:\dev\abd-context-driven-delivery\ooad\fidelities\modules.md
2026-07-15T15:01:22Z [pre ] skip  c:\dev\abd-context-driven-delivery\ooad\fidelities\modules.md
2026-07-15T15:01:23Z [post] skip  c:\dev\abd-context-driven-delivery\ooad\fidelities\modules.md
2026-07-15T15:01:24Z [post] skip  c:\dev\abd-context-driven-delivery\ooad\fidelities\modules.md
2026-07-15T15:02:11Z [pre ] skip  c:\dev\abd-context-driven-delivery\ooad\fidelities\specification.md
2026-07-15T15:02:11Z [post] skip  c:\dev\abd-context-driven-delivery\ooad\fidelities\specification.md
2026-07-15T15:02:12Z [post] skip  c:\dev\abd-context-driven-delivery\ooad\fidelities\specification.md
2026-07-15T15:02:22Z [pre ] skip  c:\dev\abd-context-driven-delivery\ooad\fidelities\code.md
2026-07-15T15:02:23Z [read] skip  c:\dev\abd-context-driven-delivery\ooad\fidelities\code.md
2026-07-15T15:02:24Z [post] skip  c:\dev\abd-context-driven-delivery\ooad\fidelities\code.md
2026-07-15T15:02:26Z [pre ] skip  c:\dev\abd-context-driven-delivery\ooad\fidelities\code.md
2026-07-15T15:02:27Z [post] skip  c:\dev\abd-context-driven-delivery\ooad\fidelities\code.md
2026-07-15T15:02:28Z [post] skip  c:\dev\abd-context-driven-delivery\ooad\fidelities\code.md
2026-07-15T15:03:37Z [post] skip  c:\dev\abd-context-driven-delivery
2026-07-15T15:03:37Z [post] skip  c:\dev\abd-context-driven-delivery
2026-07-15T15:09:20Z [post] skip  c:\dev\abd-context-driven-delivery
2026-07-15T15:10:33Z [post] skip  c:\dev\abd-context-driven-delivery
2026-07-15T15:10:33Z [post] skip  c:\dev\abd-context-driven-delivery
2026-07-15T15:10:43Z [post] skip  c:\dev\abd-context-driven-delivery
2026-07-15T15:10:43Z [post] skip  c:\dev\abd-context-driven-delivery
2026-07-15T15:10:52Z [pre ] skip  c:\dev\abd-context-driven-delivery\hooks\manifest_gate_spec.py
2026-07-15T15:10:53Z [pre ] skip  c:\dev\abd-context-driven-delivery\.cursor\skills\ooad\SKILL.md
2026-07-15T15:10:53Z [read] skip  c:\dev\abd-context-driven-delivery\hooks\manifest_gate_spec.py
2026-07-15T15:10:53Z [read] skip  c:\dev\abd-context-driven-delivery\.cursor\skills\ooad\SKILL.md
2026-07-15T15:10:54Z [post] skip  c:\dev\abd-context-driven-delivery\hooks\manifest_gate_spec.py
2026-07-15T15:10:54Z [post] skip  c:\dev\abd-context-driven-delivery\.cursor\skills\ooad\SKILL.md
2026-07-15T15:18:24Z [post] skip  c:\dev\abd-context-driven-delivery
2026-07-15T15:18:25Z [post] skip  c:\dev\abd-context-driven-delivery
2026-07-15T15:18:28Z [pre ] FIRED  c:\dev\abd-context-driven-delivery\sketch\sketch.py  — 1 manifest line(s)
2026-07-15T15:18:30Z [read] FIRED  c:\dev\abd-context-driven-delivery\sketch\sketch.py  — 1 manifest line(s)
2026-07-15T15:18:31Z [post] FIRED  c:\dev\abd-context-driven-delivery\sketch\sketch.py  — 1 manifest line(s)
2026-07-15T15:18:37Z [post] skip  c:\dev\abd-context-driven-delivery
2026-07-15T15:18:41Z [pre ] skip  c:\dev\abd-context-driven-delivery\primitives\instruction_slot.py
2026-07-15T15:18:42Z [read] skip  c:\dev\abd-context-driven-delivery\primitives\instruction_slot.py
2026-07-15T15:18:42Z [post] skip  c:\dev\abd-context-driven-delivery
2026-07-15T15:18:43Z [post] skip  c:\dev\abd-context-driven-delivery\primitives\instruction_slot.py
2026-07-15T15:18:47Z [pre ] FIRED  c:\dev\abd-context-driven-delivery\grill_context\grill_context.py  — 1 manifest line(s)
2026-07-15T15:18:48Z [read] FIRED  c:\dev\abd-context-driven-delivery\grill_context\grill_context.py  — 1 manifest line(s)
2026-07-15T15:18:48Z [post] skip  c:\dev\abd-context-driven-delivery\sketch
2026-07-15T15:18:49Z [post] FIRED  c:\dev\abd-context-driven-delivery\grill_context\grill_context.py  — 1 manifest line(s)
2026-07-15T15:18:54Z [pre ] skip  c:\dev\abd-context-driven-delivery\sketch\__init__.py
2026-07-15T15:18:55Z [read] skip  c:\dev\abd-context-driven-delivery\sketch\__init__.py
2026-07-15T15:18:55Z [post] skip  c:\dev\abd-context-driven-delivery\grill_context
2026-07-15T15:18:56Z [post] skip  c:\dev\abd-context-driven-delivery\sketch\__init__.py
2026-07-15T15:19:00Z [pre ] skip  c:\dev\abd-context-driven-delivery\grill_context\__init__.py
2026-07-15T15:19:00Z [read] skip  c:\dev\abd-context-driven-delivery\grill_context\__init__.py
2026-07-15T15:19:01Z [post] skip  c:\dev\abd-context-driven-delivery\sketch
2026-07-15T15:19:01Z [post] skip  c:\dev\abd-context-driven-delivery\grill_context\__init__.py
2026-07-15T15:19:07Z [pre ] skip  c:\dev\abd-context-driven-delivery\sketch\_decorator.py
2026-07-15T15:19:07Z [read] skip  c:\dev\abd-context-driven-delivery\sketch\_decorator.py
2026-07-15T15:19:08Z [post] skip  c:\dev\abd-context-driven-delivery\grill_context
2026-07-15T15:19:08Z [post] skip  c:\dev\abd-context-driven-delivery\sketch\_decorator.py
2026-07-15T15:19:12Z [pre ] skip  c:\dev\abd-context-driven-delivery\grill_context\_decorator.py
2026-07-15T15:19:13Z [read] skip  c:\dev\abd-context-driven-delivery\grill_context\_decorator.py
2026-07-15T15:19:13Z [post] skip  c:\dev\abd-context-driven-delivery\action
2026-07-15T15:19:14Z [post] skip  c:\dev\abd-context-driven-delivery\grill_context\_decorator.py
2026-07-15T15:19:19Z [pre ] FIRED  c:\dev\abd-context-driven-delivery\action\action.py  — 5 manifest line(s)
2026-07-15T15:19:19Z [post] skip  c:\dev\abd-context-driven-delivery\generator
2026-07-15T15:19:20Z [read] FIRED  c:\dev\abd-context-driven-delivery\action\action.py  — 5 manifest line(s)
2026-07-15T15:19:21Z [post] FIRED  c:\dev\abd-context-driven-delivery\action\action.py  — 5 manifest line(s)
2026-07-15T15:21:47Z [post] skip  c:\dev\abd-context-driven-delivery\generator
2026-07-15T15:21:47Z [post] skip  c:\dev\abd-context-driven-delivery\ooad
2026-07-15T15:21:52Z [pre ] skip  c:\dev\abd-context-driven-delivery\generator\base-generator\generate.md
2026-07-15T15:21:53Z [read] skip  c:\dev\abd-context-driven-delivery\generator\base-generator\generate.md
2026-07-15T15:21:54Z [post] skip  c:\dev\abd-context-driven-delivery\focus
2026-07-15T15:21:54Z [post] skip  c:\dev\abd-context-driven-delivery\generator\base-generator\generate.md
2026-07-15T15:22:29Z [post] skip  c:\dev\abd-context-driven-delivery\primitives
2026-07-15T15:22:29Z [post] skip  c:\dev\abd-context-driven-delivery\primitives
2026-07-15T15:22:33Z [pre ] skip  c:\dev\abd-context-driven-delivery\primitives\instruction.py
2026-07-15T15:22:33Z [pre ] skip  c:\dev\abd-context-driven-delivery\primitives\asset_location.py
2026-07-15T15:22:37Z [read] skip  c:\dev\abd-context-driven-delivery\primitives\instruction.py
2026-07-15T15:22:37Z [read] skip  c:\dev\abd-context-driven-delivery\primitives\asset_location.py
2026-07-15T15:22:38Z [post] skip  c:\dev\abd-context-driven-delivery\primitives\asset_location.py
2026-07-15T15:22:38Z [post] skip  c:\dev\abd-context-driven-delivery\primitives\instruction.py
2026-07-15T15:22:59Z [post] skip  c:\dev\abd-context-driven-delivery\primitives
2026-07-15T15:23:22Z [pre ] skip  c:\dev\abd-context-driven-delivery\primitives\instruction_routing.py
2026-07-15T15:23:23Z [read] skip  c:\dev\abd-context-driven-delivery\primitives\instruction_routing.py
2026-07-15T15:23:24Z [post] skip  c:\dev\abd-context-driven-delivery\primitives\instruction_routing.py
2026-07-15T15:28:43Z [pre ] FIRED  c:\dev\abd-context-driven-delivery\generator\generator.py  — 1 manifest line(s)
2026-07-15T15:28:50Z [read] FIRED  c:\dev\abd-context-driven-delivery\generator\generator.py  — 1 manifest line(s)
2026-07-15T15:28:52Z [post] FIRED  c:\dev\abd-context-driven-delivery\generator\generator.py  — 1 manifest line(s)
2026-07-15T15:31:14Z [pre ] skip  c:\dev\abd-context-driven-delivery\.cursor\skills\echo\SKILL.md
2026-07-15T15:31:14Z [pre ] skip  c:\dev\abd-context-driven-delivery\.cursor\skills\bdd\SKILL.md
2026-07-15T15:31:15Z [read] skip  c:\dev\abd-context-driven-delivery\.cursor\skills\bdd\SKILL.md
2026-07-15T15:31:15Z [read] skip  c:\dev\abd-context-driven-delivery\.cursor\skills\echo\SKILL.md
2026-07-15T15:31:16Z [post] skip  c:\dev\abd-context-driven-delivery\.cursor\skills\echo\SKILL.md
2026-07-15T15:31:16Z [post] skip  c:\dev\abd-context-driven-delivery\.cursor\skills\bdd\SKILL.md
2026-07-15T15:31:29Z [post] skip  c:\dev\abd-context-driven-delivery\.cursor\skills
2026-07-15T15:31:33Z [pre ] skip  c:\dev\abd-context-driven-delivery\.cursor\skills\ooad\SKILL.md
2026-07-15T15:31:34Z [read] skip  c:\dev\abd-context-driven-delivery\.cursor\skills\ooad\SKILL.md
2026-07-15T15:31:34Z [post] skip  c:\dev\abd-context-driven-delivery\.cursor\skills\ooad\SKILL.md
2026-07-15T15:31:46Z [pre ] skip  c:\dev\abd-context-driven-delivery\_generate_request.yaml
2026-07-15T15:31:47Z [read] skip  c:\dev\abd-context-driven-delivery\_generate_request.yaml
2026-07-15T15:31:47Z [post] skip  c:\dev\abd-context-driven-delivery\_generate_request.yaml
2026-07-15T15:31:55Z [pre ] skip  c:\dev\abd-context-driven-delivery\.cursor\skills\clean-code\SKILL.md
2026-07-15T15:31:56Z [read] skip  c:\dev\abd-context-driven-delivery\.cursor\skills\clean-code\SKILL.md
2026-07-15T15:31:57Z [post] skip  c:\dev\abd-context-driven-delivery\.cursor\skills\clean-code\SKILL.md
2026-07-15T15:33:45Z [post] skip  c:\dev\abd-context-driven-delivery\focus\_decorator.py
2026-07-15T15:33:45Z [post] skip  c:\dev\abd-context-driven-delivery\focus\_decorator.py
2026-07-15T15:33:54Z [post] skip  c:\dev\abd-context-driven-delivery\focus\__init__.py
2026-07-15T15:33:54Z [post] skip  c:\dev\abd-context-driven-delivery\focus\__init__.py
2026-07-15T15:34:20Z [pre ] FIRED  c:\dev\abd-context-driven-delivery\action\action.py  — 5 manifest line(s)
2026-07-15T15:34:21Z [read] FIRED  c:\dev\abd-context-driven-delivery\action\action.py  — 5 manifest line(s)
2026-07-15T15:34:22Z [post] FIRED  c:\dev\abd-context-driven-delivery\action\action.py  — 5 manifest line(s)
2026-07-15T15:34:24Z [pre ] FIRED  c:\dev\abd-context-driven-delivery\action\action.py  — 5 manifest line(s)
2026-07-15T15:34:26Z [post] FIRED  c:\dev\abd-context-driven-delivery\action\action.py  — 5 manifest line(s)
2026-07-15T15:34:27Z [post] FIRED  c:\dev\abd-context-driven-delivery\action\action.py  — 5 manifest line(s)
2026-07-15T15:34:39Z [pre ] FIRED  c:\dev\abd-context-driven-delivery\action\action.py  — 5 manifest line(s)
2026-07-15T15:34:40Z [post] FIRED  c:\dev\abd-context-driven-delivery\action\action.py  — 5 manifest line(s)
2026-07-15T15:34:42Z [post] FIRED  c:\dev\abd-context-driven-delivery\action\action.py  — 5 manifest line(s)
2026-07-15T15:34:57Z [pre ] FIRED  c:\dev\abd-context-driven-delivery\ooad\ooad.py  — 5 manifest line(s)
2026-07-15T15:34:59Z [post] FIRED  c:\dev\abd-context-driven-delivery\ooad\ooad.py  — 5 manifest line(s)
2026-07-15T15:35:00Z [post] FIRED  c:\dev\abd-context-driven-delivery\ooad\ooad.py  — 5 manifest line(s)
2026-07-15T15:35:07Z [pre ] FIRED  c:\dev\abd-context-driven-delivery\ooad\ooad.py  — 5 manifest line(s)
2026-07-15T15:35:09Z [post] FIRED  c:\dev\abd-context-driven-delivery\ooad\ooad.py  — 5 manifest line(s)
2026-07-15T15:35:10Z [post] FIRED  c:\dev\abd-context-driven-delivery\ooad\ooad.py  — 5 manifest line(s)
2026-07-15T15:35:17Z [pre ] FIRED  c:\dev\abd-context-driven-delivery\ooad\ooad.py  — 5 manifest line(s)
2026-07-15T15:35:18Z [post] FIRED  c:\dev\abd-context-driven-delivery\ooad\ooad.py  — 5 manifest line(s)
2026-07-15T15:35:19Z [post] FIRED  c:\dev\abd-context-driven-delivery\ooad\ooad.py  — 5 manifest line(s)
2026-07-15T15:35:36Z [pre ] FIRED  c:\dev\abd-context-driven-delivery\ooad\ooad.py  — 5 manifest line(s)
2026-07-15T15:35:38Z [post] FIRED  c:\dev\abd-context-driven-delivery\ooad\ooad.py  — 5 manifest line(s)
2026-07-15T15:35:39Z [post] FIRED  c:\dev\abd-context-driven-delivery\ooad\ooad.py  — 5 manifest line(s)
2026-07-15T15:37:51Z [post] skip  c:\dev\abd-context-driven-delivery\.cursor\skills\clean-language\SKILL.md
2026-07-15T15:37:52Z [post] skip  c:\dev\abd-context-driven-delivery\.cursor\skills\clean-language\SKILL.md
2026-07-15T15:38:02Z [post] skip  c:\dev\abd-context-driven-delivery\.cursor\skills\clean-modules\SKILL.md
2026-07-15T15:38:03Z [post] skip  c:\dev\abd-context-driven-delivery\.cursor\skills\clean-modules\SKILL.md
2026-07-15T15:38:13Z [post] skip  c:\dev\abd-context-driven-delivery\.cursor\skills\clean-specification\SKILL.md
2026-07-15T15:38:14Z [post] skip  c:\dev\abd-context-driven-delivery\.cursor\skills\clean-specification\SKILL.md
2026-07-15T15:38:46Z [post] skip  c:\dev\abd-context-driven-delivery\_ooad_run.yaml
2026-07-15T15:38:47Z [post] skip  c:\dev\abd-context-driven-delivery\_ooad_run.yaml
2026-07-15T15:39:19Z [pre ] skip  c:\dev\abd-context-driven-delivery\_ooad_run.yaml
2026-07-15T15:39:20Z [post] skip  c:\dev\abd-context-driven-delivery\_ooad_run.yaml
2026-07-15T15:40:00Z [post] skip  c:\dev\abd-context-driven-delivery
2026-07-15T15:40:01Z [post] skip  c:\dev\abd-context-driven-delivery
2026-07-15T15:40:02Z [post] skip  c:\dev\abd-context-driven-delivery
2026-07-15T15:40:05Z [pre ] skip  c:\dev\abd-context-driven-delivery\hooks\manifest_gate_spec.py
2026-07-15T15:40:06Z [read] skip  c:\dev\abd-context-driven-delivery\hooks\manifest_gate_spec.py
2026-07-15T15:40:07Z [post] skip  c:\dev\abd-context-driven-delivery
2026-07-15T15:40:07Z [post] skip  c:\dev\abd-context-driven-delivery\hooks\manifest_gate_spec.py
2026-07-15T15:40:11Z [pre ] skip  c:\dev\abd-context-driven-delivery\hooks\manifest_gate_spec.py
2026-07-15T15:40:11Z [pre ] skip  c:\dev\abd-context-driven-delivery\_generate_request.yaml
2026-07-15T15:40:12Z [post] skip  c:\dev\abd-context-driven-delivery\hooks\manifest_gate_spec.py
2026-07-15T15:40:12Z [read] skip  c:\dev\abd-context-driven-delivery\_generate_request.yaml
2026-07-15T15:40:13Z [post] skip  c:\dev\abd-context-driven-delivery\_generate_request.yaml
2026-07-15T15:40:28Z [pre ] FIRED  c:\dev\abd-context-driven-delivery\sketch\sketch.py  — 1 manifest line(s)
2026-07-15T15:40:29Z [pre ] skip  c:\dev\abd-context-driven-delivery\_grill_request.yaml
2026-07-15T15:40:29Z [pre ] skip  c:\dev\abd-context-driven-delivery\grill_context\examples\demo.py
2026-07-15T15:40:30Z [post] FIRED  c:\dev\abd-context-driven-delivery\sketch\sketch.py  — 1 manifest line(s)
2026-07-15T15:40:30Z [read] skip  c:\dev\abd-context-driven-delivery\_grill_request.yaml
2026-07-15T15:40:30Z [post] skip  c:\dev\abd-context-driven-delivery\grill_context\examples\demo.py
2026-07-15T15:40:31Z [post] skip  c:\dev\abd-context-driven-delivery\_grill_request.yaml
2026-07-15T15:40:36Z [pre ] skip  c:\dev\abd-context-driven-delivery\_validate_request.yaml
2026-07-15T15:40:36Z [pre ] skip  c:\dev\abd-context-driven-delivery\_scan_request.yaml
2026-07-15T15:40:37Z [pre ] skip  c:\dev\abd-context-driven-delivery\_fence_call.yaml
2026-07-15T15:40:37Z [read] skip  c:\dev\abd-context-driven-delivery\_validate_request.yaml
2026-07-15T15:40:37Z [read] skip  c:\dev\abd-context-driven-delivery\_scan_request.yaml
2026-07-15T15:40:37Z [read] skip  c:\dev\abd-context-driven-delivery\_fence_call.yaml
2026-07-15T15:40:37Z [post] skip  c:\dev\abd-context-driven-delivery\_validate_request.yaml
2026-07-15T15:40:38Z [post] skip  c:\dev\abd-context-driven-delivery\_scan_request.yaml
2026-07-15T15:40:38Z [post] skip  c:\dev\abd-context-driven-delivery\_fence_call.yaml
2026-07-15T15:43:53Z [pre ] FIRED  c:\dev\abd-context-driven-delivery\clean_engineering\clean_engineering.py  — 5 manifest line(s)
2026-07-15T15:43:54Z [read] FIRED  c:\dev\abd-context-driven-delivery\clean_engineering\clean_engineering.py  — 5 manifest line(s)
2026-07-15T15:43:56Z [post] FIRED  c:\dev\abd-context-driven-delivery\clean_engineering\clean_engineering.py  — 5 manifest line(s)
2026-07-15T15:44:13Z [pre ] FIRED  c:\dev\abd-context-driven-delivery\clean_engineering\clean_engineering.py  — 5 manifest line(s)
2026-07-15T15:44:15Z [read] FIRED  c:\dev\abd-context-driven-delivery\clean_engineering\clean_engineering.py  — 5 manifest line(s)
2026-07-15T15:44:16Z [post] FIRED  c:\dev\abd-context-driven-delivery\clean_engineering\clean_engineering.py  — 5 manifest line(s)
2026-07-15T15:44:18Z [pre ] FIRED  c:\dev\abd-context-driven-delivery\clean_engineering\clean_engineering.py  — 5 manifest line(s)
2026-07-15T15:44:19Z [post] FIRED  c:\dev\abd-context-driven-delivery\clean_engineering\clean_engineering.py  — 5 manifest line(s)
2026-07-15T15:44:21Z [post] FIRED  c:\dev\abd-context-driven-delivery\clean_engineering\clean_engineering.py  — 5 manifest line(s)
2026-07-15T15:44:25Z [pre ] skip  c:\dev\abd-context-driven-delivery\clean_engineering\__init__.py
2026-07-15T15:44:25Z [pre ] skip  c:\dev\abd-context-driven-delivery\clean_engineering\formats\python\nodes.py
2026-07-15T15:44:26Z [read] skip  c:\dev\abd-context-driven-delivery\clean_engineering\__init__.py
2026-07-15T15:44:26Z [read] skip  c:\dev\abd-context-driven-delivery\clean_engineering\formats\python\nodes.py
2026-07-15T15:44:27Z [post] skip  c:\dev\abd-context-driven-delivery\clean_engineering\__init__.py
2026-07-15T15:44:27Z [post] skip  c:\dev\abd-context-driven-delivery\clean_engineering\formats\python\nodes.py
2026-07-15T15:44:34Z [post] skip  c:\dev\abd-context-driven-delivery\clean_engineering
2026-07-15T15:46:30Z [pre ] skip  c:\dev\abd-context-driven-delivery\.cursor\skills\clean-engineering\SKILL.md
2026-07-15T15:46:31Z [read] skip  c:\dev\abd-context-driven-delivery\.cursor\skills\clean-engineering\SKILL.md
2026-07-15T15:46:32Z [post] skip  c:\dev\abd-context-driven-delivery\.cursor\skills\clean-engineering\SKILL.md
2026-07-15T15:46:33Z [pre ] skip  c:\dev\abd-context-driven-delivery\.cursor\skills\clean-engineering\SKILL.md
2026-07-15T15:46:35Z [post] skip  c:\dev\abd-context-driven-delivery\.cursor\skills\clean-engineering\SKILL.md
2026-07-15T15:46:35Z [post] skip  c:\dev\you-tube-scraper
2026-07-15T15:46:35Z [post] skip  c:\dev\abd-context-driven-delivery\.cursor\skills\clean-engineering\SKILL.md
2026-07-15T15:46:37Z [post] skip  c:\dev\you-tube-scraper
2026-07-15T15:46:42Z [pre ] skip  c:\dev\abd-context-driven-delivery\.cursor\skills\clean-code\SKILL.md
2026-07-15T15:46:43Z [read] skip  c:\dev\abd-context-driven-delivery\.cursor\skills\clean-code\SKILL.md
2026-07-15T15:46:44Z [post] skip  c:\dev\abd-context-driven-delivery\.cursor\skills\clean-code\SKILL.md
2026-07-15T15:46:46Z [pre ] skip  c:\dev\abd-context-driven-delivery\.cursor\skills\clean-code\SKILL.md
2026-07-15T15:46:47Z [post] skip  c:\dev\abd-context-driven-delivery\.cursor\skills\clean-code\SKILL.md
2026-07-15T15:46:48Z [post] skip  c:\dev\abd-context-driven-delivery\.cursor\skills\clean-code\SKILL.md
2026-07-15T15:46:53Z [pre ] skip  c:\dev\abd-context-driven-delivery\.cursor\skills\clean-language\SKILL.md
2026-07-15T15:46:54Z [post] skip  c:\dev\abd-context-driven-delivery\.cursor\skills\clean-language\SKILL.md
2026-07-15T15:46:55Z [post] skip  c:\dev\abd-context-driven-delivery\.cursor\skills\clean-language\SKILL.md
2026-07-15T15:47:00Z [pre ] skip  c:\dev\abd-context-driven-delivery\.cursor\skills\clean-modules\SKILL.md
2026-07-15T15:47:01Z [post] skip  c:\dev\abd-context-driven-delivery\.cursor\skills\clean-modules\SKILL.md
2026-07-15T15:47:03Z [post] skip  c:\dev\abd-context-driven-delivery\.cursor\skills\clean-modules\SKILL.md
2026-07-15T15:47:08Z [pre ] skip  c:\dev\abd-context-driven-delivery\.cursor\skills\clean-specification\SKILL.md
2026-07-15T15:47:10Z [post] skip  c:\dev\abd-context-driven-delivery\.cursor\skills\clean-specification\SKILL.md
2026-07-15T15:47:10Z [post] skip  c:\dev\abd-context-driven-delivery\.cursor\skills\clean-specification\SKILL.md
2026-07-15T15:48:19Z [pre ] skip  c:\dev\abd-context-driven-delivery\tools\tool.py
2026-07-15T15:48:20Z [post] skip  c:\dev\abd-context-driven-delivery\tools\tool.py
2026-07-15T15:48:24Z [pre ] skip  c:\dev\abd-context-driven-delivery\tools\tool.py
2026-07-15T15:48:25Z [post] skip  c:\dev\abd-context-driven-delivery\tools\tool.py
2026-07-15T15:50:22Z [pre ] FIRED  c:\dev\abd-context-driven-delivery\clean_engineering\clean_engineering.py  — 5 manifest line(s)
2026-07-15T15:50:23Z [post] FIRED  c:\dev\abd-context-driven-delivery\clean_engineering\clean_engineering.py  — 5 manifest line(s)
2026-07-15T15:50:25Z [post] FIRED  c:\dev\abd-context-driven-delivery\clean_engineering\clean_engineering.py  — 5 manifest line(s)
2026-07-15T15:51:15Z [pre ] skip  c:\dev\abd-context-driven-delivery\clean_engineering\model\nodes.py
2026-07-15T15:51:16Z [read] skip  c:\dev\abd-context-driven-delivery\clean_engineering\model\nodes.py
2026-07-15T15:51:17Z [post] skip  c:\dev\abd-context-driven-delivery\clean_engineering\model\nodes.py
2026-07-15T15:51:24Z [pre ] skip  c:\dev\abd-context-driven-delivery\clean_engineering\model\nodes.py
2026-07-15T15:51:25Z [read] skip  c:\dev\abd-context-driven-delivery\clean_engineering\model\nodes.py
2026-07-15T15:51:26Z [post] skip  c:\dev\abd-context-driven-delivery\clean_engineering\model\nodes.py
2026-07-15T15:55:21Z [post] skip  c:\dev\abd-context-driven-delivery
2026-07-15T15:55:24Z [pre ] skip  c:\dev\abd-context-driven-delivery\agent_bdd\agent_bdd_generator_spec.py
2026-07-15T15:55:24Z [pre ] skip  c:\dev\abd-context-driven-delivery\primitives\asset_location.py
2026-07-15T15:55:25Z [read] skip  c:\dev\abd-context-driven-delivery\agent_bdd\agent_bdd_generator_spec.py
2026-07-15T15:55:25Z [read] skip  c:\dev\abd-context-driven-delivery\primitives\asset_location.py
2026-07-15T15:55:26Z [post] skip  c:\dev\abd-context-driven-delivery\agent_bdd\agent_bdd_generator_spec.py
2026-07-15T15:55:26Z [post] skip  c:\dev\abd-context-driven-delivery\primitives\asset_location.py
2026-07-15T15:55:39Z [pre ] skip  c:\dev\abd-context-driven-delivery\clean_engineering\model\node.py
2026-07-15T15:55:39Z [pre ] skip  c:\dev\abd-context-driven-delivery\clean_engineering\model\update_report.py
2026-07-15T15:55:40Z [read] skip  c:\dev\abd-context-driven-delivery\clean_engineering\model\update_report.py
2026-07-15T15:55:40Z [read] skip  c:\dev\abd-context-driven-delivery\clean_engineering\model\node.py
2026-07-15T15:55:41Z [post] skip  c:\dev\abd-context-driven-delivery\clean_engineering\model\update_report.py
2026-07-15T15:55:41Z [post] skip  c:\dev\abd-context-driven-delivery\clean_engineering\model\node.py
2026-07-15T15:55:41Z [post] skip  c:\dev\abd-context-driven-delivery
2026-07-15T15:55:45Z [pre ] skip  c:\dev\abd-context-driven-delivery\clean_engineering\formats\python\nodes.py
2026-07-15T15:55:45Z [pre ] skip  c:\dev\abd-context-driven-delivery\clean_engineering\formats\markdown\nodes.py
2026-07-15T15:55:46Z [read] skip  c:\dev\abd-context-driven-delivery\clean_engineering\formats\python\nodes.py
2026-07-15T15:55:46Z [read] skip  c:\dev\abd-context-driven-delivery\clean_engineering\formats\markdown\nodes.py
2026-07-15T15:55:47Z [post] skip  c:\dev\abd-context-driven-delivery\clean_engineering\formats\python\nodes.py
2026-07-15T15:55:47Z [post] skip  c:\dev\abd-context-driven-delivery\clean_engineering\formats\markdown\nodes.py
2026-07-15T15:55:54Z [pre ] FIRED  c:\dev\abd-context-driven-delivery\generator\generator.py  — 1 manifest line(s)
2026-07-15T15:55:56Z [read] FIRED  c:\dev\abd-context-driven-delivery\generator\generator.py  — 1 manifest line(s)
2026-07-15T15:55:57Z [post] FIRED  c:\dev\abd-context-driven-delivery\generator\generator.py  — 1 manifest line(s)
2026-07-15T15:55:58Z [pre ] FIRED  c:\dev\abd-context-driven-delivery\generator\generator.py  — 1 manifest line(s)
2026-07-15T15:55:59Z [post] skip  c:\dev\abd-context-driven-delivery\generator\generator.py  — manifest ran but produced no output
2026-07-15T15:56:00Z [post] skip  c:\dev\abd-context-driven-delivery\generator\generator.py  — manifest ran but produced no output
2026-07-15T15:56:04Z [pre ] skip  c:\dev\abd-context-driven-delivery\generator\generator.py  — manifest ran but produced no output
2026-07-15T15:56:06Z [post] FIRED  c:\dev\abd-context-driven-delivery\generator\generator.py  — 1 manifest line(s)
2026-07-15T15:56:07Z [post] FIRED  c:\dev\abd-context-driven-delivery\generator\generator.py  — 1 manifest line(s)
2026-07-15T15:56:14Z [pre ] skip  c:\dev\abd-context-driven-delivery\primitives\asset_location.py
2026-07-15T15:56:15Z [read] skip  c:\dev\abd-context-driven-delivery\primitives\asset_location.py
2026-07-15T15:56:15Z [post] skip  c:\dev\abd-context-driven-delivery\primitives\asset_location.py
2026-07-15T15:56:17Z [pre ] skip  c:\dev\abd-context-driven-delivery\primitives\asset_location.py
2026-07-15T15:56:18Z [post] skip  c:\dev\abd-context-driven-delivery\primitives\asset_location.py
2026-07-15T15:56:19Z [post] skip  c:\dev\abd-context-driven-delivery\primitives\asset_location.py
2026-07-15T15:56:23Z [pre ] skip  c:\dev\abd-context-driven-delivery\agent_bdd\agent_bdd_generator_spec.py
2026-07-15T15:56:24Z [read] skip  c:\dev\abd-context-driven-delivery\agent_bdd\agent_bdd_generator_spec.py
2026-07-15T15:56:25Z [post] skip  c:\dev\abd-context-driven-delivery\agent_bdd\agent_bdd_generator_spec.py
2026-07-15T15:56:26Z [pre ] skip  c:\dev\abd-context-driven-delivery\agent_bdd\agent_bdd_generator_spec.py
2026-07-15T15:56:27Z [post] skip  c:\dev\abd-context-driven-delivery\agent_bdd\agent_bdd_generator_spec.py
2026-07-15T15:56:27Z [pre ] skip  c:\dev\abd-context-driven-delivery\clean_engineering\formats\json\nodes.py
2026-07-15T15:56:28Z [post] skip  c:\dev\abd-context-driven-delivery\agent_bdd\agent_bdd_generator_spec.py
2026-07-15T15:56:28Z [read] skip  c:\dev\abd-context-driven-delivery\clean_engineering\formats\json\nodes.py
2026-07-15T15:56:29Z [post] skip  c:\dev\abd-context-driven-delivery\clean_engineering\formats\json\nodes.py
2026-07-15T15:56:37Z [pre ] FIRED  c:\dev\abd-context-driven-delivery\generator\generator.py  — 1 manifest line(s)
2026-07-15T15:56:38Z [post] FIRED  c:\dev\abd-context-driven-delivery\generator\generator.py  — 1 manifest line(s)
2026-07-15T15:56:39Z [post] FIRED  c:\dev\abd-context-driven-delivery\generator\generator.py  — 1 manifest line(s)
2026-07-15T15:56:45Z [pre ] FIRED  c:\dev\abd-context-driven-delivery\generator\generator.py  — 1 manifest line(s)
2026-07-15T15:56:46Z [post] FIRED  c:\dev\abd-context-driven-delivery\generator\generator.py  — 1 manifest line(s)
2026-07-15T15:56:48Z [post] FIRED  c:\dev\abd-context-driven-delivery\generator\generator.py  — 1 manifest line(s)
2026-07-15T15:56:54Z [pre ] skip  c:\dev\abd-context-driven-delivery\generator\base-generator\generate.md
2026-07-15T15:56:54Z [pre ] skip  c:\dev\abd-context-driven-delivery\generator\base-generator\validate.md
2026-07-15T15:56:54Z [read] skip  c:\dev\abd-context-driven-delivery\generator\base-generator\generate.md
2026-07-15T15:56:55Z [read] skip  c:\dev\abd-context-driven-delivery\generator\base-generator\validate.md
2026-07-15T15:56:55Z [post] skip  c:\dev\abd-context-driven-delivery\generator\base-generator\generate.md
2026-07-15T15:56:56Z [post] skip  c:\dev\abd-context-driven-delivery\generator\base-generator\validate.md
2026-07-15T15:57:06Z [post] skip  c:\dev\abd-context-driven-delivery\generator\base-generator\document.md
2026-07-15T15:57:07Z [post] skip  c:\dev\abd-context-driven-delivery\generator\base-generator\document.md
2026-07-15T15:57:07Z [pre ] skip  c:\dev\abd-context-driven-delivery\clean_engineering\model\nodes.py
2026-07-15T15:57:09Z [read] skip  c:\dev\abd-context-driven-delivery\clean_engineering\model\nodes.py
2026-07-15T15:57:10Z [post] skip  c:\dev\abd-context-driven-delivery\clean_engineering\model\nodes.py
2026-07-15T15:57:13Z [pre ] skip  c:\dev\abd-context-driven-delivery\clean_engineering\model\nodes.py
2026-07-15T15:57:13Z [post] skip  c:\dev\abd-context-driven-delivery\clean_engineering\model\nodes.py
2026-07-15T15:57:14Z [post] skip  c:\dev\abd-context-driven-delivery\clean_engineering\model\nodes.py
2026-07-15T15:57:57Z [pre ] skip  c:\dev\abd-context-driven-delivery\clean_engineering\formats\markdown\nodes.py
2026-07-15T15:57:58Z [read] skip  c:\dev\abd-context-driven-delivery\clean_engineering\formats\markdown\nodes.py
2026-07-15T15:57:59Z [post] skip  c:\dev\abd-context-driven-delivery\clean_engineering\formats\markdown\nodes.py
2026-07-15T15:58:00Z [pre ] skip  c:\dev\abd-context-driven-delivery\clean_engineering\formats\markdown\nodes.py
2026-07-15T15:58:01Z [post] skip  c:\dev\abd-context-driven-delivery\clean_engineering\formats\markdown\nodes.py
2026-07-15T15:58:02Z [post] skip  c:\dev\abd-context-driven-delivery\clean_engineering\formats\markdown\nodes.py
2026-07-15T15:58:31Z [pre ] skip  c:\dev\abd-context-driven-delivery\clean_engineering\formats\python\nodes.py
2026-07-15T15:58:32Z [read] skip  c:\dev\abd-context-driven-delivery\clean_engineering\formats\python\nodes.py
2026-07-15T15:58:33Z [post] skip  c:\dev\abd-context-driven-delivery\clean_engineering\formats\python\nodes.py
2026-07-15T15:58:34Z [pre ] skip  c:\dev\abd-context-driven-delivery\clean_engineering\formats\python\nodes.py
2026-07-15T15:58:35Z [post] skip  c:\dev\abd-context-driven-delivery\clean_engineering\formats\python\nodes.py
2026-07-15T15:58:36Z [post] skip  c:\dev\abd-context-driven-delivery\clean_engineering\formats\python\nodes.py
2026-07-15T15:58:41Z [pre ] skip  c:\dev\abd-context-driven-delivery\clean_engineering\formats\json\nodes.py
2026-07-15T15:58:42Z [read] skip  c:\dev\abd-context-driven-delivery\clean_engineering\formats\json\nodes.py
2026-07-15T15:58:43Z [post] skip  c:\dev\abd-context-driven-delivery\clean_engineering\formats\json\nodes.py
2026-07-15T15:58:58Z [pre ] skip  c:\dev\abd-context-driven-delivery\clean_engineering\formats\json\nodes.py
2026-07-15T15:58:59Z [read] skip  c:\dev\abd-context-driven-delivery\clean_engineering\formats\json\nodes.py
2026-07-15T15:58:59Z [post] skip  c:\dev\abd-context-driven-delivery\clean_engineering\formats\json\nodes.py
2026-07-15T15:59:00Z [pre ] skip  c:\dev\abd-context-driven-delivery\clean_engineering\formats\json\nodes.py
2026-07-15T15:59:01Z [post] skip  c:\dev\abd-context-driven-delivery\clean_engineering\formats\json\nodes.py
2026-07-15T15:59:02Z [post] skip  c:\dev\abd-context-driven-delivery\clean_engineering\formats\json\nodes.py
2026-07-15T15:59:18Z [pre ] skip  c:\dev\abd-context-driven-delivery\clean_engineering\formats\json\nodes.py
2026-07-15T15:59:18Z [post] skip  c:\dev\abd-context-driven-delivery\clean_engineering\formats\json\nodes.py
2026-07-15T15:59:19Z [post] skip  c:\dev\abd-context-driven-delivery\clean_engineering\formats\json\nodes.py
2026-07-15T16:13:52Z [pre ] skip  c:\dev\abd-context-driven-delivery\.cursor\skills\clean-engineering\SKILL.md
2026-07-15T16:13:52Z [pre ] skip  c:\dev\abd-context-driven-delivery\.cursor\skills\clean-code\SKILL.md
2026-07-15T16:13:55Z [read] skip  c:\dev\abd-context-driven-delivery\.cursor\skills\clean-engineering\SKILL.md
2026-07-15T16:13:55Z [read] skip  c:\dev\abd-context-driven-delivery\.cursor\skills\clean-code\SKILL.md
2026-07-15T16:13:56Z [post] skip  c:\dev\abd-context-driven-delivery\.cursor\skills\clean-engineering\SKILL.md
2026-07-15T16:13:56Z [post] skip  c:\dev\abd-context-driven-delivery\.cursor\skills\clean-code\SKILL.md
2026-07-15T16:14:11Z [pre ] skip  C:\Users\thoma\.cursor\skills-cursor\automate\SKILL.md
2026-07-15T16:14:12Z [read] skip  C:\Users\thoma\.cursor\skills-cursor\automate\SKILL.md
2026-07-15T16:14:13Z [post] skip  C:\Users\thoma\.cursor\skills-cursor\automate\SKILL.md
2026-07-15T16:14:26Z [pre ] skip  C:\Users\thoma\.cursor\skills-cursor\automate\SKILL.md
2026-07-15T16:14:27Z [read] skip  C:\Users\thoma\.cursor\skills-cursor\automate\SKILL.md
2026-07-15T16:14:28Z [post] skip  C:\Users\thoma\.cursor\skills-cursor\automate\SKILL.md
2026-07-15T16:17:15Z [pre ] skip  c:\dev\abd-context-driven-delivery\.cursor\skills\sketch\SKILL.md
2026-07-15T16:17:16Z [read] skip  c:\dev\abd-context-driven-delivery\.cursor\skills\sketch\SKILL.md
2026-07-15T16:17:17Z [post] skip  c:\dev\abd-context-driven-delivery\.cursor\skills\sketch\SKILL.md
2026-07-15T16:19:15Z [post] skip  c:\dev\abd-context-driven-delivery
2026-07-15T16:20:06Z [post] skip  C:\Users\thoma\.cursor\projects\c-dev-abd-context-driven-delivery\agent-tools\40a5de04-9003-459a-9ce2-0d8bd53ecc53.txt
2026-07-15T16:20:07Z [post] skip  C:\Users\thoma\.cursor\projects\c-dev-abd-context-driven-delivery\agent-tools\40a5de04-9003-459a-9ce2-0d8bd53ecc53.txt
2026-07-15T16:20:11Z [post] skip  C:\Users\thoma\.cursor\projects\c-dev-abd-context-driven-delivery\agent-tools\92ec70f9-8e97-4b3b-98b6-b42219bf82ca.txt
2026-07-15T16:20:12Z [post] skip  C:\Users\thoma\.cursor\projects\c-dev-abd-context-driven-delivery\agent-tools\92ec70f9-8e97-4b3b-98b6-b42219bf82ca.txt
2026-07-15T16:33:49Z [pre ] skip  c:\dev\abd-context-driven-delivery\.cursor\skills\clean-code\SKILL.md
2026-07-15T16:33:49Z [pre ] skip  c:\dev\abd-context-driven-delivery\.cursor\skills\clean-engineering\SKILL.md
2026-07-15T16:33:51Z [post] skip  c:\dev\abd-context-driven-delivery
2026-07-15T16:33:52Z [read] skip  c:\dev\abd-context-driven-delivery\.cursor\skills\clean-code\SKILL.md
2026-07-15T16:33:52Z [read] skip  c:\dev\abd-context-driven-delivery\.cursor\skills\clean-engineering\SKILL.md
2026-07-15T16:33:53Z [post] skip  c:\dev\abd-context-driven-delivery
2026-07-15T16:33:54Z [post] skip  c:\dev\abd-context-driven-delivery\.cursor\skills\clean-code\SKILL.md
2026-07-15T16:33:54Z [post] skip  c:\dev\abd-context-driven-delivery\.cursor\skills\clean-engineering\SKILL.md
2026-07-15T16:33:58Z [pre ] FIRED  c:\dev\abd-context-driven-delivery\clean_engineering\clean_engineering.py  — 5 manifest line(s)
2026-07-15T16:33:59Z [post] skip  c:\dev\abd-context-driven-delivery
2026-07-15T16:34:00Z [read] FIRED  c:\dev\abd-context-driven-delivery\clean_engineering\clean_engineering.py  — 5 manifest line(s)
2026-07-15T16:34:02Z [post] FIRED  c:\dev\abd-context-driven-delivery\clean_engineering\clean_engineering.py  — 5 manifest line(s)
2026-07-15T16:34:24Z [pre ] skip  c:\dev\abd-context-driven-delivery\tools\context.md
2026-07-15T16:34:24Z [pre ] skip  c:\dev\abd-context-driven-delivery\agent-skills\agent_skills_spec.py
2026-07-15T16:34:24Z [pre ] skip  c:\dev\abd-context-driven-delivery\agent-skills\agent_skills.py  — manifest ran but produced no output
2026-07-15T16:34:25Z [read] skip  c:\dev\abd-context-driven-delivery\tools\context.md
2026-07-15T16:34:25Z [read] skip  c:\dev\abd-context-driven-delivery\agent-skills\agent_skills_spec.py
2026-07-15T16:34:26Z [read] skip  c:\dev\abd-context-driven-delivery\agent-skills\agent_skills.py  — manifest ran but produced no output
2026-07-15T16:34:27Z [post] skip  c:\dev\abd-context-driven-delivery\tools\context.md
2026-07-15T16:34:27Z [post] skip  c:\dev\abd-context-driven-delivery\agent-skills\agent_skills_spec.py
2026-07-15T16:34:27Z [post] skip  c:\dev\abd-context-driven-delivery\agent-skills\agent_skills.py  — manifest ran but produced no output
2026-07-15T16:35:31Z [post] skip  c:\dev\abd-skills
2026-07-15T16:36:18Z [pre ] skip  c:\dev\abd-context-driven-delivery\agent-skills\agent_skills.py  — manifest ran but produced no output
2026-07-15T16:36:20Z [post] skip  c:\dev\abd-context-driven-delivery
2026-07-15T16:36:20Z [post] skip  c:\dev\abd-context-driven-delivery
2026-07-15T16:36:20Z [read] skip  c:\dev\abd-context-driven-delivery\agent-skills\agent_skills.py  — manifest ran but produced no output
2026-07-15T16:36:22Z [post] skip  c:\dev\abd-context-driven-delivery\agent-skills\agent_skills.py  — manifest ran but produced no output
2026-07-15T16:36:45Z [pre ] skip  c:\dev\abd-context-driven-delivery\.cursor\skills\agent-skills\SKILL.md
2026-07-15T16:36:47Z [read] skip  c:\dev\abd-context-driven-delivery\.cursor\skills\agent-skills\SKILL.md
2026-07-15T16:36:47Z [post] skip  c:\dev\abd-context-driven-delivery
2026-07-15T16:36:47Z [post] skip  c:\dev\abd-context-driven-delivery
2026-07-15T16:36:48Z [post] skip  c:\dev\abd-context-driven-delivery\.cursor\skills\agent-skills\SKILL.md
2026-07-15T16:37:15Z [post] skip  c:\dev\abd-context-driven-delivery
2026-07-15T16:37:16Z [post] skip  c:\dev\abd-skills
2026-07-15T16:37:54Z [pre ] skip  c:\dev\abd-context-driven-delivery\agent-skills\agent_skills.py  — manifest ran but produced no output
2026-07-15T16:37:55Z [read] skip  c:\dev\abd-context-driven-delivery\agent-skills\agent_skills.py  — manifest ran but produced no output
2026-07-15T16:37:57Z [post] skip  c:\dev\abd-context-driven-delivery\agent-skills\agent_skills.py  — manifest ran but produced no output
2026-07-15T16:38:02Z [pre ] skip  c:\dev\abd-context-driven-delivery\agent-skills\agent_skills.py  — manifest ran but produced no output
2026-07-15T16:38:04Z [post] skip  c:\dev\abd-context-driven-delivery\agent-skills\agent_skills.py  — manifest ran but produced no output
2026-07-15T16:38:05Z [post] skip  c:\dev\abd-context-driven-delivery\agent-skills\agent_skills.py  — manifest ran but produced no output
2026-07-15T16:38:12Z [pre ] skip  c:\dev\abd-context-driven-delivery\focus\_decorator.py
2026-07-15T16:38:14Z [post] skip  c:\dev\abd-context-driven-delivery\focus\_decorator.py
2026-07-15T16:38:15Z [post] skip  c:\dev\abd-context-driven-delivery\focus\_decorator.py
2026-07-15T16:38:20Z [pre ] skip  c:\dev\abd-context-driven-delivery\agent-skills\agent_skills_spec.py
2026-07-15T16:38:21Z [read] skip  c:\dev\abd-context-driven-delivery\agent-skills\agent_skills_spec.py
2026-07-15T16:38:23Z [post] skip  c:\dev\abd-context-driven-delivery\agent-skills\agent_skills_spec.py
2026-07-15T16:38:25Z [pre ] skip  c:\dev\abd-context-driven-delivery\agent-skills\agent_skills_spec.py
2026-07-15T16:38:26Z [post] skip  c:\dev\abd-context-driven-delivery\agent-skills\agent_skills_spec.py
2026-07-15T16:38:27Z [post] skip  c:\dev\abd-context-driven-delivery\agent-skills\agent_skills_spec.py
2026-07-15T16:38:32Z [pre ] skip  c:\dev\abd-context-driven-delivery\agent-skills\.deploy-state.json
2026-07-15T16:38:33Z [read] skip  c:\dev\abd-context-driven-delivery\agent-skills\.deploy-state.json
2026-07-15T16:38:35Z [post] skip  c:\dev\abd-context-driven-delivery\agent-skills\.deploy-state.json
2026-07-15T16:39:05Z [post] skip  c:\dev\abd-context-driven-delivery
2026-07-15T18:30:51Z [post] skip  c:\dev\abd-context-driven-delivery
2026-07-15T18:30:51Z [post] skip  c:\dev\abd-context-driven-delivery\tools
2026-07-15T21:17:45Z [pre ] skip  c:\dev\abd-context-driven-delivery\.cursor\skills\clean-engineering\SKILL.md
2026-07-15T21:17:46Z [pre ] FIRED  c:\dev\abd-context-driven-delivery\clean_engineering\clean_engineering.py  — 5 manifest line(s)
2026-07-15T21:17:48Z [read] skip  c:\dev\abd-context-driven-delivery\.cursor\skills\clean-engineering\SKILL.md
2026-07-15T21:17:49Z [post] skip  c:\dev\abd-context-driven-delivery\clean_engineering
2026-07-15T21:17:53Z [read] FIRED  c:\dev\abd-context-driven-delivery\clean_engineering\clean_engineering.py  — 5 manifest line(s)
2026-07-15T21:17:53Z [post] skip  c:\dev\abd-context-driven-delivery\.cursor\skills\clean-engineering\SKILL.md
2026-07-15T21:17:57Z [post] FIRED  c:\dev\abd-context-driven-delivery\clean_engineering\clean_engineering.py  — 5 manifest line(s)
2026-07-15T21:18:03Z [pre ] skip  c:\dev\abd-context-driven-delivery\.cursor\skills\clean-specification\SKILL.md
2026-07-15T21:18:04Z [pre ] skip  c:\dev\abd-context-driven-delivery\.cursor\skills\clean-language\SKILL.md
2026-07-15T21:18:07Z [read] skip  c:\dev\abd-context-driven-delivery\.cursor\skills\clean-specification\SKILL.md
2026-07-15T21:18:07Z [read] skip  c:\dev\abd-context-driven-delivery\.cursor\skills\clean-language\SKILL.md
2026-07-15T21:18:10Z [post] skip  c:\dev\abd-context-driven-delivery\.cursor\skills\clean-specification\SKILL.md
2026-07-15T21:18:10Z [post] skip  c:\dev\abd-context-driven-delivery\.cursor\skills\clean-language\SKILL.md
2026-07-15T21:18:17Z [pre ] skip  c:\dev\abd-context-driven-delivery\.cursor\skills\clean-engineering\SKILL.md
2026-07-15T21:18:19Z [read] skip  c:\dev\abd-context-driven-delivery\.cursor\skills\clean-engineering\SKILL.md
2026-07-15T21:18:20Z [post] skip  c:\dev\abd-context-driven-delivery\.cursor\skills\clean-engineering\SKILL.md
2026-07-15T21:18:24Z [pre ] skip  c:\dev\abd-context-driven-delivery\.cursor\skills\clean-engineering\SKILL.md
2026-07-15T21:18:27Z [post] skip  c:\dev\abd-context-driven-delivery\.cursor\skills\clean-engineering\SKILL.md
2026-07-15T21:18:29Z [post] skip  c:\dev\abd-context-driven-delivery\.cursor\skills\clean-engineering\SKILL.md
2026-07-15T22:31:55Z [pre ] skip  c:\Users\thoma\.cursor\projects\c-dev-abd-context-driven-delivery\terminals\3.txt
2026-07-15T22:31:57Z [post] skip  C:\dev\you-tube-scraper\summary
2026-07-15T22:31:57Z [read] skip  c:\Users\thoma\.cursor\projects\c-dev-abd-context-driven-delivery\terminals\3.txt
2026-07-15T22:31:57Z [post] skip  C:\dev\you-tube-scraper\transcripts
2026-07-15T22:31:59Z [post] skip  c:\Users\thoma\.cursor\projects\c-dev-abd-context-driven-delivery\terminals\3.txt
2026-07-15T22:32:27Z [post] skip  C:\dev\you-tube-scraper
2026-07-15T22:32:36Z [post] skip  C:\dev\you-tube-scraper
2026-07-15T22:32:45Z [pre ] skip  C:\dev\you-tube-scraper\README.md
2026-07-15T22:32:47Z [read] skip  C:\dev\you-tube-scraper\README.md
2026-07-15T22:32:48Z [post] skip  C:\dev\you-tube-scraper\README.md
2026-07-15T22:33:01Z [pre ] skip  C:\dev\you-tube-scraper\README.md
2026-07-15T22:33:03Z [read] skip  C:\dev\you-tube-scraper\README.md
2026-07-15T22:33:05Z [post] skip  C:\dev\you-tube-scraper\README.md
2026-07-15T22:33:17Z [pre ] skip  C:\Users\thoma\.agents\skills\find-skills\SKILL.md
2026-07-15T22:33:19Z [read] skip  C:\Users\thoma\.agents\skills\find-skills\SKILL.md
2026-07-15T22:33:21Z [post] skip  C:\Users\thoma\.agents\skills\find-skills\SKILL.md
2026-07-15T22:33:42Z [post] skip  C:\dev\you-tube-scraper\transcripts
2026-07-15T22:33:42Z [post] skip  C:\dev\you-tube-scraper\transcripts
2026-07-15T22:33:42Z [post] skip  C:\dev\you-tube-scraper\transcripts
2026-07-15T22:33:42Z [post] skip  C:\dev\you-tube-scraper\transcripts
2026-07-15T22:33:42Z [post] skip  C:\dev\you-tube-scraper\transcripts
2026-07-15T22:33:42Z [post] skip  C:\dev\you-tube-scraper\transcripts
2026-07-15T22:33:42Z [post] skip  C:\dev\you-tube-scraper\transcripts
2026-07-15T22:33:42Z [post] skip  C:\dev\you-tube-scraper\transcripts
2026-07-15T22:33:42Z [post] skip  C:\dev\you-tube-scraper\transcripts
2026-07-15T22:33:43Z [post] skip  C:\dev\you-tube-scraper\transcripts
2026-07-15T22:33:43Z [post] skip  C:\dev\you-tube-scraper\transcripts
2026-07-15T22:33:43Z [post] skip  C:\dev\you-tube-scraper\transcripts
2026-07-15T22:33:43Z [post] skip  C:\dev\you-tube-scraper\transcripts
2026-07-15T22:33:43Z [post] skip  C:\dev\you-tube-scraper\transcripts
2026-07-15T22:33:43Z [post] skip  C:\dev\you-tube-scraper\transcripts
2026-07-15T22:33:43Z [post] skip  C:\dev\you-tube-scraper\transcripts
2026-07-15T22:33:44Z [pre ] skip  C:\dev\you-tube-scraper\transcripts\UzMNBN6xLLA__9-things-people-get-wrong-with-my-grill--skills.txt
2026-07-15T22:33:48Z [read] skip  C:\dev\you-tube-scraper\transcripts\UzMNBN6xLLA__9-things-people-get-wrong-with-my-grill--skills.txt
2026-07-15T22:33:49Z [pre ] skip  C:\dev\you-tube-scraper\transcripts\A8mokin_YOs__new-skills-v1.1-brings-wayfinder-research-implement-to-spec-.txt
2026-07-15T22:33:49Z [pre ] skip  C:\dev\you-tube-scraper\transcripts\s5T5oQJcJ6U__learn-anything-with-the-teach-skill.txt
2026-07-15T22:33:49Z [pre ] skip  C:\dev\you-tube-scraper\transcripts\dtAJ2dOd3ko__handoff-is-my-new-favourite-skill.txt
2026-07-15T22:33:54Z [pre ] skip  C:\dev\you-tube-scraper\transcripts\mh5XZ-L5SFQ__can-cursor-s-hardcore-review-skill-stop-the-slop.txt
2026-07-15T22:33:54Z [pre ] skip  C:\dev\you-tube-scraper\transcripts\UzMNBN6xLLA__9-things-people-get-wrong-with-my-grill--skills.txt
2026-07-15T22:33:56Z [post] skip  C:\dev\you-tube-scraper\transcripts\UzMNBN6xLLA__9-things-people-get-wrong-with-my-grill--skills.txt
2026-07-15T22:33:57Z [read] skip  C:\dev\you-tube-scraper\transcripts\A8mokin_YOs__new-skills-v1.1-brings-wayfinder-research-implement-to-spec-.txt
2026-07-15T22:33:58Z [read] skip  C:\dev\you-tube-scraper\transcripts\s5T5oQJcJ6U__learn-anything-with-the-teach-skill.txt
2026-07-15T22:34:00Z [read] skip  C:\dev\you-tube-scraper\transcripts\dtAJ2dOd3ko__handoff-is-my-new-favourite-skill.txt
2026-07-15T22:34:04Z [read] skip  C:\dev\you-tube-scraper\transcripts\mh5XZ-L5SFQ__can-cursor-s-hardcore-review-skill-stop-the-slop.txt
2026-07-15T22:34:04Z [read] skip  C:\dev\you-tube-scraper\transcripts\UzMNBN6xLLA__9-things-people-get-wrong-with-my-grill--skills.txt
2026-07-15T22:34:08Z [post] skip  C:\dev\you-tube-scraper\transcripts\s5T5oQJcJ6U__learn-anything-with-the-teach-skill.txt
2026-07-15T22:34:09Z [post] skip  C:\dev\you-tube-scraper\transcripts\A8mokin_YOs__new-skills-v1.1-brings-wayfinder-research-implement-to-spec-.txt
2026-07-15T22:34:11Z [post] skip  C:\dev\you-tube-scraper\transcripts\dtAJ2dOd3ko__handoff-is-my-new-favourite-skill.txt
2026-07-15T22:34:15Z [post] skip  C:\dev\you-tube-scraper\transcripts\mh5XZ-L5SFQ__can-cursor-s-hardcore-review-skill-stop-the-slop.txt
2026-07-15T22:34:17Z [post] skip  C:\dev\you-tube-scraper\transcripts\UzMNBN6xLLA__9-things-people-get-wrong-with-my-grill--skills.txt
2026-07-15T22:34:54Z [pre ] skip  C:\Users\thoma\.cursor\projects\c-dev-abd-context-driven-delivery\terminals\703425.txt
2026-07-15T22:34:55Z [read] skip  C:\Users\thoma\.cursor\projects\c-dev-abd-context-driven-delivery\terminals\703425.txt
2026-07-15T22:34:57Z [post] skip  C:\Users\thoma\.cursor\projects\c-dev-abd-context-driven-delivery\terminals\703425.txt
2026-07-15T22:35:31Z [post] skip  C:\dev\you-tube-scraper\summary\key-points.md
2026-07-15T22:35:33Z [post] skip  C:\dev\you-tube-scraper\summary\key-points.md
2026-07-15T22:37:25Z [pre ] skip  c:\dev\abd-context-driven-delivery\.cursor\skills\clean-modules\SKILL.md
2026-07-15T22:37:27Z [read] skip  c:\dev\abd-context-driven-delivery\.cursor\skills\clean-modules\SKILL.md
2026-07-15T22:37:29Z [post] skip  c:\dev\abd-context-driven-delivery\.cursor\skills\clean-modules\SKILL.md
2026-07-15T22:37:56Z [post] skip  C:\dev\abd-context-driven-delivery
2026-07-15T22:37:56Z [post] skip  C:\dev\abd-context-driven-delivery
2026-07-15T22:37:56Z [post] skip  C:\dev\abd-context-driven-delivery
2026-07-15T22:38:01Z [pre ] skip  C:\dev\abd-context-driven-delivery\generator\base-generator\generate.md
2026-07-15T22:38:02Z [pre ] FIRED  C:\dev\abd-context-driven-delivery\clean_engineering\clean_engineering.py  — 5 manifest line(s)
2026-07-15T22:38:03Z [read] skip  C:\dev\abd-context-driven-delivery\generator\base-generator\generate.md
2026-07-15T22:38:04Z [post] skip  C:\dev\abd-context-driven-delivery
2026-07-15T22:38:05Z [read] FIRED  C:\dev\abd-context-driven-delivery\clean_engineering\clean_engineering.py  — 5 manifest line(s)
2026-07-15T22:38:05Z [post] skip  C:\dev\abd-context-driven-delivery\generator\base-generator\generate.md
2026-07-15T22:38:07Z [post] FIRED  C:\dev\abd-context-driven-delivery\clean_engineering\clean_engineering.py  — 5 manifest line(s)
2026-07-15T22:38:13Z [pre ] skip  C:\dev\abd-context-driven-delivery\clean_engineering\fidelities\modules.md
2026-07-15T22:38:13Z [pre ] skip  C:\dev\abd-context-driven-delivery\clean_engineering\sketch-template.md
2026-07-15T22:38:13Z [pre ] skip  C:\dev\abd-context-driven-delivery\sketch\sketch.md
2026-07-15T22:38:15Z [read] skip  C:\dev\abd-context-driven-delivery\clean_engineering\sketch-template.md
2026-07-15T22:38:16Z [read] skip  C:\dev\abd-context-driven-delivery\sketch\sketch.md
2026-07-15T22:38:16Z [read] skip  C:\dev\abd-context-driven-delivery\clean_engineering\fidelities\modules.md
2026-07-15T22:38:18Z [post] skip  C:\dev\abd-context-driven-delivery\sketch\sketch.md
2026-07-15T22:38:18Z [post] skip  C:\dev\abd-context-driven-delivery\clean_engineering\sketch-template.md
2026-07-15T22:38:18Z [post] skip  C:\dev\abd-context-driven-delivery\clean_engineering\fidelities\modules.md
2026-07-15T22:38:32Z [pre ] skip  C:\dev\abd-context-driven-delivery\sketch\_decorator.py
2026-07-15T22:38:32Z [pre ] skip  C:\dev\abd-context-driven-delivery\.cursor\skills\sketch\SKILL.md
2026-07-15T22:38:35Z [read] skip  C:\dev\abd-context-driven-delivery\sketch\_decorator.py
2026-07-15T22:38:35Z [read] skip  C:\dev\abd-context-driven-delivery\.cursor\skills\sketch\SKILL.md
2026-07-15T22:38:37Z [post] skip  C:\dev\abd-context-driven-delivery
2026-07-15T22:38:37Z [post] skip  C:\dev\abd-context-driven-delivery\.cursor\skills\sketch\SKILL.md
2026-07-15T22:38:37Z [post] skip  C:\dev\abd-context-driven-delivery\sketch\_decorator.py
2026-07-15T22:38:46Z [pre ] skip  C:\dev\abd-context-driven-delivery\.cursor\skills\grill-context\SKILL.md
2026-07-15T22:38:46Z [pre ] FIRED  C:\dev\abd-context-driven-delivery\sketch\sketch.py  — 1 manifest line(s)
2026-07-15T22:38:48Z [read] skip  C:\dev\abd-context-driven-delivery\.cursor\skills\grill-context\SKILL.md
2026-07-15T22:38:49Z [post] skip  C:\dev\abd-context-driven-delivery\action
2026-07-15T22:38:49Z [read] FIRED  C:\dev\abd-context-driven-delivery\sketch\sketch.py  — 1 manifest line(s)
2026-07-15T22:38:50Z [post] skip  C:\dev\abd-context-driven-delivery\.cursor\skills\grill-context\SKILL.md
2026-07-15T22:38:51Z [post] FIRED  C:\dev\abd-context-driven-delivery\sketch\sketch.py  — 1 manifest line(s)
2026-07-15T22:39:13Z [pre ] FIRED  C:\dev\abd-context-driven-delivery\clean_engineering\formats\python\ooad-examples.py  — 3 manifest line(s)
2026-07-15T22:39:21Z [post] skip  C:\dev\abd-context-driven-delivery
2026-07-15T22:39:22Z [read] FIRED  C:\dev\abd-context-driven-delivery\clean_engineering\formats\python\ooad-examples.py  — 3 manifest line(s)
2026-07-15T22:39:28Z [post] FIRED  C:\dev\abd-context-driven-delivery\clean_engineering\formats\python\ooad-examples.py  — 3 manifest line(s)
2026-07-15T22:43:37Z [pre ] skip  C:\dev\you-tube-scraper\summary\key-points.md
2026-07-15T22:43:38Z [post] skip  C:\dev\you-tube-scraper\summary\key-points.md
2026-07-15T22:43:40Z [post] skip  C:\dev\you-tube-scraper\summary\key-points.md
2026-07-15T22:45:51Z [pre ] skip  C:\dev\abd-context-driven-delivery\sandbox\.context\mm3e-core-mechanics-sketch.md
2026-07-15T22:45:54Z [post] skip  C:\dev\abd-context-driven-delivery\sandbox\.context\mm3e-core-mechanics-sketch.md
2026-07-15T22:48:47Z [pre ] skip  C:\dev\abd-context-driven-delivery\sandbox\.context\mm3e-resolution-sketch.md
2026-07-15T22:48:48Z [read] skip  C:\dev\abd-context-driven-delivery\sandbox\.context\mm3e-resolution-sketch.md
2026-07-15T22:48:50Z [post] skip  C:\dev\abd-context-driven-delivery\sandbox\.context\mm3e-resolution-sketch.md
2026-07-15T22:48:56Z [pre ] skip  C:\dev\abd-context-driven-delivery\sandbox\.context\mm3e-measurement-sketch.md
2026-07-15T22:48:56Z [pre ] skip  C:\dev\abd-context-driven-delivery\sandbox\.context\mm3e-resolution-sketch.md
2026-07-15T22:48:58Z [post] skip  C:\dev\abd-context-driven-delivery\sandbox\.context\mm3e-measurement-sketch.md
2026-07-15T22:48:59Z [post] skip  C:\dev\abd-context-driven-delivery\sandbox\.context\mm3e-resolution-sketch.md
2026-07-15T22:51:57Z [pre ] skip  C:\dev\abd-context-driven-delivery\sandbox\mm3e - core mechanics.md
2026-07-15T22:51:57Z [pre ] skip  C:\dev\mm3e-experiment\markdown\HeroesHandbook.md
2026-07-15T22:51:59Z [post] skip  C:\dev\abd-context-driven-delivery\sandbox\mm3e - core mechanics.md
2026-07-15T22:51:59Z [post] skip  C:\dev\mm3e-experiment\markdown\HeroesHandbook.md
2026-07-15T22:52:03Z [pre ] skip  C:\dev\mm3e-experiment\markdown\HeroesHandbook.md
2026-07-15T22:52:03Z [pre ] skip  C:\dev\mm3e-experiment\markdown\HeroesHandbook.md
2026-07-15T22:52:05Z [read] skip  C:\dev\mm3e-experiment\markdown\HeroesHandbook.md
2026-07-15T22:52:07Z [post] skip  C:\dev\mm3e-experiment\markdown\HeroesHandbook.md
2026-07-15T22:52:07Z [post] skip  C:\dev\mm3e-experiment\markdown\HeroesHandbook.md
2026-07-15T22:59:38Z [pre ] skip  C:\dev\abd-context-driven-delivery\sketch\sketch.md
2026-07-15T22:59:38Z [pre ] FIRED  C:\dev\abd-context-driven-delivery\sketch\sketch.py  — 1 manifest line(s)
2026-07-15T22:59:40Z [read] skip  C:\dev\abd-context-driven-delivery\sketch\sketch.md
2026-07-15T22:59:40Z [post] skip  C:\dev\abd-context-driven-delivery
2026-07-15T22:59:41Z [read] FIRED  C:\dev\abd-context-driven-delivery\sketch\sketch.py  — 1 manifest line(s)
2026-07-15T22:59:42Z [post] skip  C:\dev\abd-context-driven-delivery\sketch\sketch.md
2026-07-15T22:59:43Z [post] FIRED  C:\dev\abd-context-driven-delivery\sketch\sketch.py  — 1 manifest line(s)
2026-07-15T22:59:50Z [pre ] skip  C:\dev\abd-context-driven-delivery\.cursor\skills\grill-context\SKILL.md
2026-07-15T22:59:51Z [pre ] skip  C:\dev\abd-context-driven-delivery\sketch\.context\sketch-behavior.md
2026-07-15T22:59:53Z [read] skip  C:\dev\abd-context-driven-delivery\.cursor\skills\grill-context\SKILL.md
2026-07-15T22:59:53Z [read] skip  C:\dev\abd-context-driven-delivery\sketch\.context\sketch-behavior.md
2026-07-15T22:59:54Z [post] skip  C:\dev\abd-context-driven-delivery\grill_context
2026-07-15T22:59:54Z [post] skip  C:\dev\abd-context-driven-delivery
2026-07-15T22:59:55Z [post] skip  C:\dev\abd-context-driven-delivery\sketch
2026-07-15T22:59:55Z [post] skip  C:\dev\abd-context-driven-delivery\.cursor\skills\grill-context\SKILL.md
2026-07-15T22:59:56Z [post] skip  C:\dev\abd-context-driven-delivery\sketch\.context\sketch-behavior.md
2026-07-15T22:59:59Z [pre ] skip  C:\dev\abd-context-driven-delivery\sketch\sketch_spec.py
2026-07-15T22:59:59Z [pre ] skip  C:\dev\abd-context-driven-delivery\grill_context\grill_context_decorator_spec.py
2026-07-15T23:00:01Z [read] skip  C:\dev\abd-context-driven-delivery\sketch\sketch_spec.py
2026-07-15T23:00:01Z [read] skip  C:\dev\abd-context-driven-delivery\grill_context\grill_context_decorator_spec.py
2026-07-15T23:00:02Z [post] skip  C:\dev\abd-context-driven-delivery\sketch\sketch_spec.py
2026-07-15T23:00:02Z [post] skip  C:\dev\abd-context-driven-delivery\grill_context\grill_context_decorator_spec.py
2026-07-15T23:00:15Z [pre ] FIRED  C:\dev\abd-context-driven-delivery\grill_context\grill_context.py  — 1 manifest line(s)
2026-07-15T23:00:17Z [post] FIRED  C:\dev\abd-context-driven-delivery\grill_context\grill_context.py  — 1 manifest line(s)
2026-07-15T23:00:19Z [post] FIRED  C:\dev\abd-context-driven-delivery\grill_context\grill_context.py  — 1 manifest line(s)
2026-07-15T23:00:20Z [pre ] skip  C:\dev\abd-context-driven-delivery\sketch\sketch.md
2026-07-15T23:00:22Z [read] skip  C:\dev\abd-context-driven-delivery\sketch\sketch.md
2026-07-15T23:00:23Z [pre ] FIRED  C:\dev\abd-context-driven-delivery\sketch\sketch.py  — 1 manifest line(s)
2026-07-15T23:00:23Z [post] skip  C:\dev\abd-context-driven-delivery\sketch\sketch.md
2026-07-15T23:00:25Z [read] FIRED  C:\dev\abd-context-driven-delivery\sketch\sketch.py  — 1 manifest line(s)
2026-07-15T23:00:25Z [pre ] skip  C:\dev\abd-context-driven-delivery\sketch\sketch.md
2026-07-15T23:00:27Z [post] FIRED  C:\dev\abd-context-driven-delivery\sketch\sketch.py  — 1 manifest line(s)
2026-07-15T23:00:27Z [post] skip  C:\dev\abd-context-driven-delivery\sketch\sketch.md
2026-07-15T23:00:29Z [post] skip  C:\dev\abd-context-driven-delivery\sketch\sketch.md
2026-07-15T23:00:29Z [pre ] FIRED  C:\dev\abd-context-driven-delivery\sketch\sketch.py  — 1 manifest line(s)
2026-07-15T23:00:31Z [post] FIRED  C:\dev\abd-context-driven-delivery\sketch\sketch.py  — 1 manifest line(s)
2026-07-15T23:00:33Z [post] FIRED  C:\dev\abd-context-driven-delivery\sketch\sketch.py  — 1 manifest line(s)
2026-07-15T23:00:52Z [post] skip  C:\dev\abd-context-driven-delivery
2026-07-15T23:00:54Z [pre ] FIRED  C:\dev\abd-context-driven-delivery\grill_context\grill_context.py  — 1 manifest line(s)
2026-07-15T23:00:56Z [post] FIRED  C:\dev\abd-context-driven-delivery\grill_context\grill_context.py  — 1 manifest line(s)
2026-07-15T23:00:58Z [post] FIRED  C:\dev\abd-context-driven-delivery\grill_context\grill_context.py  — 1 manifest line(s)
2026-07-15T23:01:20Z [pre ] FIRED  C:\dev\abd-context-driven-delivery\grill_context\grill_context.py  — 1 manifest line(s)
2026-07-15T23:01:22Z [post] FIRED  C:\dev\abd-context-driven-delivery\grill_context\grill_context.py  — 1 manifest line(s)
2026-07-15T23:01:24Z [post] FIRED  C:\dev\abd-context-driven-delivery\grill_context\grill_context.py  — 1 manifest line(s)
2026-07-15T23:01:53Z [pre ] skip  C:\dev\abd-context-driven-delivery\clean_engineering\fidelities\modules.md
2026-07-15T23:01:55Z [read] skip  C:\dev\abd-context-driven-delivery\clean_engineering\fidelities\modules.md
2026-07-15T23:01:56Z [post] skip  C:\dev\abd-context-driven-delivery\clean_engineering\fidelities\modules.md
2026-07-15T23:13:48Z [pre ] skip  C:\dev\abd-context-driven-delivery\sandbox\.context\grill-answers.md
2026-07-15T23:13:49Z [read] skip  C:\dev\abd-context-driven-delivery\sandbox\.context\grill-answers.md
2026-07-15T23:13:50Z [post] skip  C:\dev\abd-context-driven-delivery\sandbox\.context\grill-answers.md
2026-07-15T23:17:20Z [pre ] skip  C:\dev\abd-context-driven-delivery\sandbox\.context\mm3e-core-mechanics-sketch.md
2026-07-15T23:17:21Z [post] skip  C:\dev\abd-context-driven-delivery\sandbox\.context\mm3e-core-mechanics-sketch.md
2026-07-15T23:17:23Z [post] skip  C:\dev\abd-context-driven-delivery\sandbox\.context\mm3e-core-mechanics-sketch.md
2026-07-15T23:19:22Z [pre ] skip  C:\dev\abd-context-driven-delivery\clean_engineering\sketch-template.md
2026-07-15T23:19:22Z [pre ] skip  C:\dev\abd-context-driven-delivery\sketch\sketch-template.md
2026-07-15T23:19:23Z [read] skip  C:\dev\abd-context-driven-delivery\sketch\sketch-template.md
2026-07-15T23:19:23Z [read] skip  C:\dev\abd-context-driven-delivery\clean_engineering\sketch-template.md
2026-07-15T23:19:25Z [post] skip  C:\dev\abd-context-driven-delivery\sketch\sketch-template.md
2026-07-15T23:19:25Z [post] skip  C:\dev\abd-context-driven-delivery\clean_engineering\sketch-template.md
2026-07-15T23:19:34Z [pre ] skip  C:\dev\abd-context-driven-delivery\sandbox\.context\mm3e-core-mechanics-sketch.md
2026-07-15T23:19:35Z [post] skip  C:\dev\abd-context-driven-delivery\sandbox\.context\mm3e-core-mechanics-sketch.md
2026-07-15T23:19:36Z [post] skip  C:\dev\abd-context-driven-delivery\sandbox\.context\mm3e-core-mechanics-sketch.md
2026-07-15T23:19:41Z [pre ] skip  C:\dev\abd-context-driven-delivery\clean_engineering\sketch-template.md
2026-07-15T23:19:42Z [read] skip  C:\dev\abd-context-driven-delivery\clean_engineering\sketch-template.md
2026-07-15T23:19:43Z [post] skip  C:\dev\abd-context-driven-delivery\clean_engineering\sketch-template.md
2026-07-15T23:19:44Z [pre ] skip  C:\dev\abd-context-driven-delivery\clean_engineering\sketch-template.md
2026-07-15T23:19:45Z [post] skip  C:\dev\abd-context-driven-delivery\clean_engineering\sketch-template.md
2026-07-15T23:19:46Z [post] skip  C:\dev\abd-context-driven-delivery\clean_engineering\sketch-template.md
2026-07-15T23:19:52Z [pre ] skip  C:\dev\abd-context-driven-delivery\sandbox\.context\mm3e-core-mechanics-sketch.md
2026-07-15T23:19:53Z [post] skip  C:\dev\abd-context-driven-delivery\sandbox\.context\mm3e-core-mechanics-sketch.md
2026-07-15T23:19:54Z [post] skip  C:\dev\abd-context-driven-delivery\sandbox\.context\mm3e-core-mechanics-sketch.md
2026-07-15T23:23:48Z [pre ] skip  C:\dev\abd-context-driven-delivery\sandbox\.context\mm3e-core-mechanics-sketch.md
2026-07-15T23:23:50Z [post] skip  C:\dev\abd-context-driven-delivery\sandbox\.context\mm3e-core-mechanics-sketch.md
2026-07-15T23:23:51Z [post] skip  C:\dev\abd-context-driven-delivery\sandbox\.context\mm3e-core-mechanics-sketch.md
2026-07-15T23:27:13Z [pre ] skip  C:\dev\abd-context-driven-delivery\sandbox\.context\mm3e-core-mechanics-sketch.md
2026-07-15T23:27:15Z [post] skip  C:\dev\abd-context-driven-delivery\sandbox\.context\mm3e-core-mechanics-sketch.md
2026-07-15T23:27:16Z [post] skip  C:\dev\abd-context-driven-delivery\sandbox\.context\mm3e-core-mechanics-sketch.md
2026-07-15T23:28:15Z [pre ] skip  C:\dev\abd-context-driven-delivery\sandbox\.context\mm3e-core-mechanics-sketch.md
2026-07-15T23:28:17Z [post] skip  C:\dev\abd-context-driven-delivery\sandbox\.context\mm3e-core-mechanics-sketch.md
2026-07-15T23:28:18Z [post] skip  C:\dev\abd-context-driven-delivery\sandbox\.context\mm3e-core-mechanics-sketch.md
2026-07-15T23:28:26Z [pre ] skip  C:\dev\abd-context-driven-delivery\sandbox\.context\mm3e-core-mechanics-sketch.md
2026-07-15T23:28:27Z [post] skip  C:\dev\abd-context-driven-delivery\sandbox\.context\mm3e-core-mechanics-sketch.md
2026-07-15T23:28:28Z [post] skip  C:\dev\abd-context-driven-delivery\sandbox\.context\mm3e-core-mechanics-sketch.md
2026-07-15T23:29:00Z [pre ] skip  C:\dev\abd-context-driven-delivery\sandbox\.context\mm3e-core-mechanics-sketch.md
2026-07-15T23:29:02Z [post] skip  C:\dev\abd-context-driven-delivery\sandbox\.context\mm3e-core-mechanics-sketch.md
2026-07-15T23:29:03Z [post] skip  C:\dev\abd-context-driven-delivery\sandbox\.context\mm3e-core-mechanics-sketch.md
2026-07-15T23:32:07Z [pre ] skip  C:\dev\abd-context-driven-delivery\sandbox\.context\mm3e-core-mechanics-sketch.md
2026-07-15T23:32:08Z [post] skip  C:\dev\abd-context-driven-delivery\sandbox\.context\mm3e-core-mechanics-sketch.md
2026-07-15T23:32:09Z [post] skip  C:\dev\abd-context-driven-delivery\sandbox\.context\mm3e-core-mechanics-sketch.md
2026-07-15T23:35:40Z [pre ] skip  C:\dev\abd-context-driven-delivery\sandbox\.context\mm3e-core-mechanics-sketch.md
2026-07-15T23:35:42Z [post] skip  C:\dev\abd-context-driven-delivery\sandbox\.context\mm3e-core-mechanics-sketch.md
2026-07-15T23:35:43Z [post] skip  C:\dev\abd-context-driven-delivery\sandbox\.context\mm3e-core-mechanics-sketch.md
2026-07-15T23:45:46Z [pre ] FIRED  C:\dev\abd-context-driven-delivery\clean_engineering\formats\python\ooad-template.py  — 3 manifest line(s)
2026-07-15T23:45:48Z [read] FIRED  C:\dev\abd-context-driven-delivery\clean_engineering\formats\python\ooad-template.py  — 3 manifest line(s)
2026-07-15T23:45:48Z [post] skip  C:\dev\abd-context-driven-delivery\clean_engineering
2026-07-15T23:45:49Z [post] FIRED  C:\dev\abd-context-driven-delivery\clean_engineering\formats\python\ooad-template.py  — 3 manifest line(s)
2026-07-15T23:45:57Z [pre ] skip  C:\dev\abd-context-driven-delivery\clean_engineering\formats\python\scanners\named_seam_and_constraint_scanner.py
2026-07-15T23:45:58Z [pre ] skip  C:\dev\abd-context-driven-delivery\clean_engineering\fidelities\modules.md
2026-07-15T23:45:58Z [pre ] FIRED  C:\dev\abd-context-driven-delivery\clean_engineering\formats\python\ooad-examples.py  — 3 manifest line(s)
2026-07-15T23:45:59Z [read] skip  C:\dev\abd-context-driven-delivery\clean_engineering\formats\python\scanners\named_seam_and_constraint_scanner.py
2026-07-15T23:45:59Z [read] skip  C:\dev\abd-context-driven-delivery\clean_engineering\fidelities\modules.md
2026-07-15T23:46:00Z [read] FIRED  C:\dev\abd-context-driven-delivery\clean_engineering\formats\python\ooad-examples.py  — 3 manifest line(s)
2026-07-15T23:46:00Z [post] skip  C:\dev\abd-context-driven-delivery\clean_engineering\fidelities\modules.md
2026-07-15T23:46:01Z [post] skip  C:\dev\abd-context-driven-delivery\clean_engineering\formats\python\scanners\named_seam_and_constraint_scanner.py
2026-07-15T23:46:01Z [post] FIRED  C:\dev\abd-context-driven-delivery\clean_engineering\formats\python\ooad-examples.py  — 3 manifest line(s)
2026-07-15T23:46:15Z [pre ] skip  C:\dev\abd-context-driven-delivery\clean_engineering\formats\python\scanners\physical_folder_scanner.py
2026-07-15T23:46:15Z [pre ] skip  C:\dev\abd-context-driven-delivery\clean_engineering\formats\python\scanners\deep_module_scanner.py
2026-07-15T23:46:17Z [read] skip  C:\dev\abd-context-driven-delivery\clean_engineering\formats\python\scanners\deep_module_scanner.py
2026-07-15T23:46:17Z [read] skip  C:\dev\abd-context-driven-delivery\clean_engineering\formats\python\scanners\physical_folder_scanner.py
2026-07-15T23:46:18Z [post] skip  C:\dev\abd-context-driven-delivery\clean_engineering\formats\python\scanners\deep_module_scanner.py
2026-07-15T23:46:18Z [post] skip  C:\dev\abd-context-driven-delivery\clean_engineering\formats\python\scanners\physical_folder_scanner.py
2026-07-15T23:46:29Z [pre ] skip  C:\dev\abd-context-driven-delivery\clean_engineering\formats\python\scanners\complexity_absorption_scanner.py
2026-07-15T23:46:30Z [read] skip  C:\dev\abd-context-driven-delivery\clean_engineering\formats\python\scanners\complexity_absorption_scanner.py
2026-07-15T23:46:30Z [post] skip  C:\dev\abd-context-driven-delivery
2026-07-15T23:46:31Z [post] skip  C:\dev\abd-context-driven-delivery\clean_engineering\formats\python\scanners\complexity_absorption_scanner.py
2026-07-15T23:46:45Z [post] skip  C:\dev\abd-context-driven-delivery\sandbox\core_mechanics\.context\module-context.md
2026-07-15T23:46:46Z [post] skip  C:\dev\abd-context-driven-delivery\sandbox\core_mechanics\.context\module-context.md
2026-07-15T23:46:54Z [post] FIRED  C:\dev\abd-context-driven-delivery\sandbox\core_mechanics\check.py  — 3 manifest line(s)
2026-07-15T23:46:56Z [post] FIRED  C:\dev\abd-context-driven-delivery\sandbox\core_mechanics\check.py  — 3 manifest line(s)
2026-07-15T23:47:03Z [post] FIRED  C:\dev\abd-context-driven-delivery\sandbox\core_mechanics\trait.py  — 3 manifest line(s)
2026-07-15T23:47:07Z [post] FIRED  C:\dev\abd-context-driven-delivery\sandbox\core_mechanics\trait.py  — 3 manifest line(s)
2026-07-15T23:47:07Z [post] FIRED  C:\dev\abd-context-driven-delivery\sandbox\core_mechanics\modifier.py  — 3 manifest line(s)
2026-07-15T23:47:09Z [post] FIRED  C:\dev\abd-context-driven-delivery\sandbox\core_mechanics\difficulty_class.py  — 3 manifest line(s)
2026-07-15T23:47:10Z [post] FIRED  C:\dev\abd-context-driven-delivery\sandbox\core_mechanics\modifier.py  — 3 manifest line(s)
2026-07-15T23:47:10Z [post] FIRED  C:\dev\abd-context-driven-delivery\sandbox\core_mechanics\measure.py  — 3 manifest line(s)
2026-07-15T23:47:11Z [post] FIRED  C:\dev\abd-context-driven-delivery\sandbox\core_mechanics\check_result.py  — 3 manifest line(s)
2026-07-15T23:47:11Z [post] FIRED  C:\dev\abd-context-driven-delivery\sandbox\core_mechanics\difficulty_class.py  — 3 manifest line(s)
2026-07-15T23:47:12Z [post] FIRED  C:\dev\abd-context-driven-delivery\sandbox\core_mechanics\measurements_table.py  — 3 manifest line(s)
2026-07-15T23:47:13Z [post] FIRED  C:\dev\abd-context-driven-delivery\sandbox\core_mechanics\measure.py  — 3 manifest line(s)
2026-07-15T23:47:13Z [post] FIRED  C:\dev\abd-context-driven-delivery\sandbox\core_mechanics\rank.py  — 3 manifest line(s)
ine(s)
2026-07-15T23:47:14Z [post] FIRED  C:\dev\abd-context-driven-delivery\sandbox\core_mechanics\measurements_table.py  — 3 manifest line(s)
2026-07-15T23:47:15Z [post] FIRED  C:\dev\abd-context-driven-delivery\sandbox\core_mechanics\rank.py  — 3 manifest line(s)
2026-07-15T23:47:21Z [pre ] FIRED  C:\dev\abd-context-driven-delivery\sandbox\core_mechanics\measurements_table.py  — 3 manifest line(s)
2026-07-15T23:47:22Z [post] FIRED  C:\dev\abd-context-driven-delivery\sandbox\core_mechanics\measurements_table.py  — 3 manifest line(s)
2026-07-15T23:47:24Z [post] FIRED  C:\dev\abd-context-driven-delivery\sandbox\core_mechanics\measurements_table.py  — 3 manifest line(s)
2026-07-16T00:01:17Z [pre ] skip  C:\dev\abd-context-driven-delivery\clean_engineering\fidelities\modules.md
2026-07-16T00:01:17Z [pre ] skip  C:\dev\abd-context-driven-delivery\clean_engineering\formats\python\scanners\named_seam_and_constraint_scanner.py
2026-07-16T00:01:19Z [read] skip  C:\dev\abd-context-driven-delivery\clean_engineering\formats\python\scanners\named_seam_and_constraint_scanner.py
2026-07-16T00:01:19Z [read] skip  C:\dev\abd-context-driven-delivery\clean_engineering\fidelities\modules.md
2026-07-16T00:01:19Z [post] skip  C:\dev\abd-context-driven-delivery\clean_engineering
2026-07-16T00:01:20Z [post] skip  C:\dev\abd-context-driven-delivery\clean_engineering\fidelities\modules.md
2026-07-16T00:01:20Z [post] skip  C:\dev\abd-context-driven-delivery\clean_engineering\formats\python\scanners\named_seam_and_constraint_scanner.py
2026-07-16T00:01:31Z [pre ] skip  C:\dev\abd-context-driven-delivery\clean_engineering\formats\python\scanners\module_scanners_spec.py
2026-07-16T00:01:31Z [pre ] skip  C:\dev\abd-context-driven-delivery\clean_engineering\fidelities\language.md
2026-07-16T00:01:32Z [read] skip  C:\dev\abd-context-driven-delivery\clean_engineering\formats\python\scanners\module_scanners_spec.py
2026-07-16T00:01:32Z [post] skip  C:\dev\abd-context-driven-delivery\clean_engineering
2026-07-16T00:01:32Z [read] skip  C:\dev\abd-context-driven-delivery\clean_engineering\fidelities\language.md
2026-07-16T00:01:33Z [post] skip  C:\dev\abd-context-driven-delivery\clean_engineering\formats\python\scanners\module_scanners_spec.py
2026-07-16T00:01:33Z [post] skip  C:\dev\abd-context-driven-delivery\clean_engineering\fidelities\language.md
2026-07-16T00:01:45Z [pre ] skip  C:\dev\abd-context-driven-delivery\clean_engineering\fidelities\modules.md
2026-07-16T00:01:46Z [read] skip  C:\dev\abd-context-driven-delivery\clean_engineering\fidelities\modules.md
2026-07-16T00:01:47Z [post] skip  C:\dev\abd-context-driven-delivery\clean_engineering\fidelities\modules.md
2026-07-16T00:01:48Z [pre ] skip  C:\dev\abd-context-driven-delivery\clean_engineering\fidelities\modules.md
2026-07-16T00:01:49Z [pre ] skip  C:\dev\abd-context-driven-delivery\sandbox\core_mechanics\.context\module-context.md
2026-07-16T00:01:49Z [pre ] skip  C:\dev\abd-context-driven-delivery\clean_engineering\formats\python\scanners\named_seam_and_constraint_scanner.py
2026-07-16T00:01:49Z [post] skip  C:\dev\abd-context-driven-delivery\clean_engineering\fidelities\modules.md
2026-07-16T00:01:50Z [post] skip  C:\dev\abd-context-driven-delivery\sandbox\core_mechanics\.context\module-context.md
2026-07-16T00:01:50Z [read] skip  C:\dev\abd-context-driven-delivery\clean_engineering\formats\python\scanners\named_seam_and_constraint_scanner.py
2026-07-16T00:01:51Z [post] skip  C:\dev\abd-context-driven-delivery\clean_engineering\fidelities\modules.md
2026-07-16T00:01:51Z [post] skip  C:\dev\abd-context-driven-delivery\sandbox\core_mechanics\.context\module-context.md
2026-07-16T00:01:51Z [post] skip  C:\dev\abd-context-driven-delivery\clean_engineering\formats\python\scanners\named_seam_and_constraint_scanner.py
2026-07-16T00:01:58Z [pre ] skip  C:\dev\abd-context-driven-delivery\clean_engineering\formats\python\scanners\named_seam_and_constraint_scanner.py
2026-07-16T00:01:59Z [read] skip  C:\dev\abd-context-driven-delivery\clean_engineering\formats\python\scanners\named_seam_and_constraint_scanner.py
2026-07-16T00:02:00Z [post] skip  C:\dev\abd-context-driven-delivery\clean_engineering\formats\python\scanners\named_seam_and_constraint_scanner.py
2026-07-16T00:02:01Z [pre ] skip  C:\dev\abd-context-driven-delivery\clean_engineering\formats\python\scanners\named_seam_and_constraint_scanner.py
2026-07-16T00:02:02Z [post] skip  C:\dev\abd-context-driven-delivery\clean_engineering\formats\python\scanners\named_seam_and_constraint_scanner.py
2026-07-16T00:02:03Z [post] skip  C:\dev\abd-context-driven-delivery\clean_engineering\formats\python\scanners\named_seam_and_constraint_scanner.py
2026-07-16T00:02:35Z [pre ] skip  C:\dev\abd-context-driven-delivery\sandbox\core_mechanics\.context\module-context.md
2026-07-16T00:02:36Z [post] skip  C:\dev\abd-context-driven-delivery\sandbox\core_mechanics\.context\module-context.md
2026-07-16T00:02:37Z [post] skip  C:\dev\abd-context-driven-delivery\sandbox\core_mechanics\.context\module-context.md
2026-07-16T00:03:15Z [pre ] skip  C:\dev\abd-context-driven-delivery\clean_engineering\fidelities\modules.md
2026-07-16T00:03:16Z [post] skip  C:\dev\abd-context-driven-delivery\clean_engineering\fidelities\modules.md
2026-07-16T00:03:18Z [post] skip  C:\dev\abd-context-driven-delivery\clean_engineering\fidelities\modules.md
2026-07-16T00:04:17Z [pre ] skip  C:\dev\abd-context-driven-delivery\sandbox\core_mechanics\.context\module-context.md
2026-07-16T00:04:18Z [post] skip  C:\dev\abd-context-driven-delivery\sandbox\core_mechanics\.context\module-context.md
2026-07-16T00:04:18Z [pre ] skip  C:\dev\abd-context-driven-delivery\clean_engineering\fidelities\modules.md
2026-07-16T00:04:19Z [post] skip  C:\dev\abd-context-driven-delivery\sandbox\core_mechanics\.context\module-context.md
2026-07-16T00:04:20Z [post] skip  C:\dev\abd-context-driven-delivery\clean_engineering\fidelities\modules.md
2026-07-16T00:04:21Z [post] skip  C:\dev\abd-context-driven-delivery\clean_engineering\fidelities\modules.md
2026-07-16T00:33:29Z [pre ] skip  C:\dev\abd-context-driven-delivery\sandbox\core_mechanics\.context\module-context.md
2026-07-16T00:33:31Z [pre ] skip  C:\dev\abd-context-driven-delivery\clean_engineering\fidelities\modules.md
2026-07-16T00:33:31Z [post] skip  C:\dev\abd-context-driven-delivery\sandbox\core_mechanics\.context\module-context.md
2026-07-16T00:33:32Z [post] skip  C:\dev\abd-context-driven-delivery\clean_engineering\fidelities\modules.md
2026-07-16T00:33:32Z [post] skip  C:\dev\abd-context-driven-delivery\sandbox\core_mechanics\.context\module-context.md
2026-07-16T00:33:33Z [post] skip  C:\dev\abd-context-driven-delivery\clean_engineering\fidelities\modules.md
2026-07-16T01:05:24Z [pre ] FIRED  C:\dev\abd-context-driven-delivery\clean_engineering\formats\python\ooad-examples.py  — 3 manifest line(s)
2026-07-16T01:05:24Z [pre ] FIRED  C:\dev\abd-context-driven-delivery\clean_engineering\formats\python\ooad-template.py  — 3 manifest line(s)
2026-07-16T01:05:24Z [pre ] FIRED  C:\dev\abd-context-driven-delivery\sandbox\core_mechanics\check_result.py  — 3 manifest line(s)
2026-07-16T01:05:26Z [post] skip  C:\dev\abd-context-driven-delivery\clean_engineering\fidelities
2026-07-16T01:05:26Z [read] FIRED  C:\dev\abd-context-driven-delivery\clean_engineering\formats\python\ooad-template.py  — 3 manifest line(s)
2026-07-16T01:05:26Z [read] FIRED  C:\dev\abd-context-driven-delivery\sandbox\core_mechanics\check_result.py  — 3 manifest line(s)
2026-07-16T01:05:26Z [read] FIRED  C:\dev\abd-context-driven-delivery\clean_engineering\formats\python\ooad-examples.py  — 3 manifest line(s)
2026-07-16T01:05:28Z [post] FIRED  C:\dev\abd-context-driven-delivery\sandbox\core_mechanics\check_result.py  — 3 manifest line(s)
2026-07-16T01:05:28Z [post] FIRED  C:\dev\abd-context-driven-delivery\clean_engineering\formats\python\ooad-template.py  — 3 manifest line(s)
2026-07-16T01:05:28Z [post] FIRED  C:\dev\abd-context-driven-delivery\clean_engineering\formats\python\ooad-examples.py  — 3 manifest line(s)
2026-07-16T01:05:42Z [pre ] FIRED  C:\dev\abd-context-driven-delivery\sandbox\core_mechanics\difficulty_class.py  — 3 manifest line(s)
2026-07-16T01:05:43Z [post] skip  C:\dev\abd-context-driven-delivery
2026-07-16T01:05:43Z [read] FIRED  C:\dev\abd-context-driven-delivery\sandbox\core_mechanics\difficulty_class.py  — 3 manifest line(s)
2026-07-16T01:05:45Z [post] FIRED  C:\dev\abd-context-driven-delivery\sandbox\core_mechanics\difficulty_class.py  — 3 manifest line(s)
2026-07-16T01:06:04Z [pre ] FIRED  C:\dev\abd-context-driven-delivery\clean_engineering\formats\python\ooad-template.py  — 3 manifest line(s)
2026-07-16T01:06:05Z [read] FIRED  C:\dev\abd-context-driven-delivery\clean_engineering\formats\python\ooad-template.py  — 3 manifest line(s)
2026-07-16T01:06:06Z [pre ] skip  C:\dev\abd-context-driven-delivery\clean_engineering\fidelities\modules.md
2026-07-16T01:06:07Z [post] FIRED  C:\dev\abd-context-driven-delivery\clean_engineering\formats\python\ooad-template.py  — 3 manifest line(s)
2026-07-16T01:06:07Z [post] skip  C:\dev\abd-context-driven-delivery\clean_engineering\fidelities\modules.md
2026-07-16T01:06:08Z [post] skip  C:\dev\abd-context-driven-delivery\clean_engineering\fidelities\modules.md
2026-07-16T01:06:08Z [pre ] FIRED  C:\dev\abd-context-driven-delivery\clean_engineering\formats\python\ooad-template.py  — 3 manifest line(s)
2026-07-16T01:06:10Z [post] FIRED  C:\dev\abd-context-driven-delivery\clean_engineering\formats\python\ooad-template.py  — 3 manifest line(s)
2026-07-16T01:06:11Z [post] FIRED  C:\dev\abd-context-driven-delivery\clean_engineering\formats\python\ooad-template.py  — 3 manifest line(s)
2026-07-16T01:06:15Z [pre ] FIRED  C:\dev\abd-context-driven-delivery\clean_engineering\formats\python\ooad-examples.py  — 3 manifest line(s)
2026-07-16T01:06:15Z [pre ] skip  C:\dev\abd-context-driven-delivery\clean_engineering\fidelities\specification.md
2026-07-16T01:06:16Z [read] skip  C:\dev\abd-context-driven-delivery\clean_engineering\fidelities\specification.md
2026-07-16T01:06:16Z [read] FIRED  C:\dev\abd-context-driven-delivery\clean_engineering\formats\python\ooad-examples.py  — 3 manifest line(s)
2026-07-16T01:06:17Z [post] skip  C:\dev\abd-context-driven-delivery\clean_engineering\fidelities\specification.md
2026-07-16T01:06:17Z [post] FIRED  C:\dev\abd-context-driven-delivery\clean_engineering\formats\python\ooad-examples.py  — 3 manifest line(s)
2026-07-16T01:06:18Z [pre ] skip  C:\dev\abd-context-driven-delivery\clean_engineering\fidelities\specification.md
2026-07-16T01:06:19Z [post] skip  C:\dev\abd-context-driven-delivery\clean_engineering\fidelities\specification.md
2026-07-16T01:06:20Z [post] skip  C:\dev\abd-context-driven-delivery\clean_engineering\fidelities\specification.md
2026-07-16T01:06:31Z [pre ] FIRED  C:\dev\abd-context-driven-delivery\clean_engineering\formats\python\ooad-examples.py  — 3 manifest line(s)
2026-07-16T01:06:32Z [read] FIRED  C:\dev\abd-context-driven-delivery\clean_engineering\formats\python\ooad-examples.py  — 3 manifest line(s)
2026-07-16T01:06:33Z [post] FIRED  C:\dev\abd-context-driven-delivery\clean_engineering\formats\python\ooad-examples.py  — 3 manifest line(s)
2026-07-16T01:06:35Z [pre ] FIRED  C:\dev\abd-context-driven-delivery\clean_engineering\formats\python\ooad-examples.py  — 3 manifest line(s)
2026-07-16T01:06:35Z [pre ] FIRED  C:\dev\abd-context-driven-delivery\sandbox\core_mechanics\check.py  — 3 manifest line(s)
2026-07-16T01:06:36Z [post] FIRED  C:\dev\abd-context-driven-delivery\clean_engineering\formats\python\ooad-examples.py  — 3 manifest line(s)
2026-07-16T01:06:37Z [pre ] FIRED  C:\dev\abd-context-driven-delivery\sandbox\core_mechanics\check_result.py  — 3 manifest line(s)
2026-07-16T01:06:37Z [post] FIRED  C:\dev\abd-context-driven-delivery\sandbox\core_mechanics\check.py  — 3 manifest line(s)
2026-07-16T01:06:38Z [pre ] FIRED  C:\dev\abd-context-driven-delivery\sandbox\core_mechanics\trait.py  — 3 manifest line(s)
2026-07-16T01:06:39Z [post] FIRED  C:\dev\abd-context-driven-delivery\clean_engineering\formats\python\ooad-examples.py  — 3 manifest line(s)
2026-07-16T01:06:39Z [post] FIRED  C:\dev\abd-context-driven-delivery\sandbox\core_mechanics\check.py  — 3 manifest line(s)
2026-07-16T01:06:39Z [read] FIRED  C:\dev\abd-context-driven-delivery\sandbox\core_mechanics\check_result.py  — 3 manifest line(s)
2026-07-16T01:06:40Z [pre ] FIRED  C:\dev\abd-context-driven-delivery\sandbox\core_mechanics\modifier.py  — 3 manifest line(s)
2026-07-16T01:06:41Z [pre ] FIRED  C:\dev\abd-context-driven-delivery\sandbox\core_mechanics\difficulty_class.py  — 3 manifest line(s)
2026-07-16T01:06:41Z [post] FIRED  C:\dev\abd-context-driven-delivery\sandbox\core_mechanics\trait.py  — 3 manifest line(s)
2026-07-16T01:06:42Z [post] FIRED  C:\dev\abd-context-driven-delivery\sandbox\core_mechanics\check_result.py  — 3 manifest line(s)
2026-07-16T01:06:43Z [read] FIRED  C:\dev\abd-context-driven-delivery\sandbox\core_mechanics\difficulty_class.py  — 3 manifest line(s)
2026-07-16T01:06:43Z [post] FIRED  C:\dev\abd-context-driven-delivery\sandbox\core_mechanics\modifier.py  — 3 manifest line(s)
2026-07-16T01:06:44Z [post] FIRED  C:\dev\abd-context-driven-delivery\sandbox\core_mechanics\trait.py  — 3 manifest line(s)
2026-07-16T01:06:45Z [pre ] FIRED  C:\dev\abd-context-driven-delivery\sandbox\core_mechanics\check_result.py  — 3 manifest line(s)
2026-07-16T01:06:46Z [pre ] FIRED  C:\dev\abd-context-driven-delivery\sandbox\core_mechanics\measure.py  — 3 manifest line(s)
2026-07-16T01:06:46Z [post] FIRED  C:\dev\abd-context-driven-delivery\sandbox\core_mechanics\difficulty_class.py  — 3 manifest line(s)
2026-07-16T01:06:46Z [post] FIRED  C:\dev\abd-context-driven-delivery\sandbox\core_mechanics\modifier.py  — 3 manifest line(s)
2026-07-16T01:06:46Z [pre ] FIRED  C:\dev\abd-context-driven-delivery\sandbox\core_mechanics\measurements_table.py  — 3 manifest line(s)
2026-07-16T01:06:47Z [post] FIRED  C:\dev\abd-context-driven-delivery\sandbox\core_mechanics\rank.py  — 3 manifest line(s)
2026-07-16T01:06:48Z [post] FIRED  C:\dev\abd-context-driven-delivery\sandbox\core_mechanics\measure.py  — 3 manifest line(s)
2026-07-16T01:06:48Z [post] FIRED  C:\dev\abd-context-driven-delivery\sandbox\core_mechanics\check_result.py  — 3 manifest line(s)
2026-07-16T01:06:48Z [post] FIRED  C:\dev\abd-context-driven-delivery\sandbox\core_mechanics\measurements_table.py  — 3 manifest line(s)
2026-07-16T01:06:49Z [pre ] FIRED  C:\dev\abd-context-driven-delivery\sandbox\core_mechanics\difficulty_class.py  — 3 manifest line(s)
2026-07-16T01:06:50Z [post] FIRED  C:\dev\abd-context-driven-delivery\sandbox\core_mechanics\rank.py  — 3 manifest line(s)
2026-07-16T01:06:50Z [post] FIRED  C:\dev\abd-context-driven-delivery\sandbox\core_mechanics\measure.py  — 3 manifest line(s)
2026-07-16T01:06:50Z [post] FIRED  C:\dev\abd-context-driven-delivery\sandbox\core_mechanics\check_result.py  — 3 manifest line(s)
2026-07-16T01:06:50Z [post] FIRED  C:\dev\abd-context-driven-delivery\sandbox\core_mechanics\measurements_table.py  — 3 manifest line(s)
2026-07-16T01:06:51Z [post] FIRED  C:\dev\abd-context-driven-delivery\sandbox\core_mechanics\difficulty_class.py  — 3 manifest line(s)
2026-07-16T01:06:52Z [post] FIRED  C:\dev\abd-context-driven-delivery\sandbox\core_mechanics\difficulty_class.py  — 3 manifest line(s)
2026-07-16T01:06:57Z [pre ] skip  C:\dev\abd-context-driven-delivery\clean_engineering\fidelities\language.md
2026-07-16T01:06:58Z [read] skip  C:\dev\abd-context-driven-delivery\clean_engineering\fidelities\language.md
2026-07-16T01:06:59Z [post] skip  C:\dev\abd-context-driven-delivery\clean_engineering\fidelities\language.md
2026-07-16T01:07:00Z [pre ] skip  C:\dev\abd-context-driven-delivery\clean_engineering\fidelities\language.md
2026-07-16T01:07:01Z [post] skip  C:\dev\abd-context-driven-delivery\clean_engineering\fidelities\language.md
2026-07-16T01:07:02Z [post] skip  C:\dev\abd-context-driven-delivery\clean_engineering\fidelities\language.md
2026-07-16T01:07:10Z [pre ] skip  C:\dev\abd-context-driven-delivery\clean_engineering\clean_engineering.md
2026-07-16T01:07:11Z [read] skip  C:\dev\abd-context-driven-delivery\clean_engineering\clean_engineering.md
2026-07-16T01:07:11Z [post] skip  C:\dev\abd-context-driven-delivery\clean_engineering
2026-07-16T01:07:12Z [post] skip  C:\dev\abd-context-driven-delivery\clean_engineering\clean_engineering.md
2026-07-16T01:07:18Z [post] skip  C:\dev\abd-context-driven-delivery\clean_engineering\fidelities
2026-07-16T01:07:27Z [pre ] skip  C:\dev\abd-context-driven-delivery\clean_engineering\fidelities\modules.md
2026-07-16T01:07:28Z [post] skip  C:\dev\abd-context-driven-delivery\clean_engineering\fidelities\modules.md
2026-07-16T01:07:29Z [post] skip  C:\dev\abd-context-driven-delivery\clean_engineering\fidelities\modules.md
2026-07-16T01:07:29Z [pre ] skip  C:\dev\abd-context-driven-delivery\clean_engineering\fidelities\language.md
2026-07-16T01:07:30Z [pre ] skip  C:\dev\abd-context-driven-delivery\clean_engineering\fidelities\modules.md
2026-07-16T01:07:31Z [post] skip  C:\dev\abd-context-driven-delivery\clean_engineering\fidelities\language.md
2026-07-16T01:07:32Z [pre ] FIRED  C:\dev\abd-context-driven-delivery\clean_engineering\formats\python\ooad-template.py  — 3 manifest line(s)
2026-07-16T01:07:32Z [post] skip  C:\dev\abd-context-driven-delivery\clean_engineering\fidelities\modules.md
2026-07-16T01:07:33Z [post] skip  C:\dev\abd-context-driven-delivery\clean_engineering\fidelities\language.md
2026-07-16T01:07:33Z [pre ] skip  C:\dev\abd-context-driven-delivery\clean_engineering\clean_engineering.md
2026-07-16T01:07:33Z [pre ] skip  C:\dev\abd-context-driven-delivery\clean_engineering\fidelities\code.md
2026-07-16T01:07:34Z [post] skip  C:\dev\abd-context-driven-delivery\clean_engineering\fidelities\modules.md
2026-07-16T01:07:34Z [post] FIRED  C:\dev\abd-context-driven-delivery\clean_engineering\formats\python\ooad-template.py  — 3 manifest line(s)
2026-07-16T01:07:35Z [read] skip  C:\dev\abd-context-driven-delivery\clean_engineering\fidelities\code.md
2026-07-16T01:07:35Z [read] skip  C:\dev\abd-context-driven-delivery\clean_engineering\clean_engineering.md
2026-07-16T01:07:36Z [post] skip  C:\dev\abd-context-driven-delivery\clean_engineering\fidelities\code.md
2026-07-16T01:07:36Z [post] FIRED  C:\dev\abd-context-driven-delivery\clean_engineering\formats\python\ooad-template.py  — 3 manifest line(s)
2026-07-16T01:07:36Z [post] skip  C:\dev\abd-context-driven-delivery\clean_engineering\clean_engineering.md
2026-07-16T01:07:37Z [pre ] skip  C:\dev\abd-context-driven-delivery\clean_engineering\clean_engineering.md
2026-07-16T01:07:39Z [post] skip  C:\dev\abd-context-driven-delivery\clean_engineering\clean_engineering.md
2026-07-16T01:07:40Z [post] skip  C:\dev\abd-context-driven-delivery\clean_engineering\clean_engineering.md
2026-07-16T01:07:43Z [pre ] skip  C:\dev\abd-context-driven-delivery\clean_engineering\fidelities\specification.md
2026-07-16T01:07:45Z [post] skip  C:\dev\abd-context-driven-delivery\clean_engineering\fidelities\specification.md
2026-07-16T01:07:45Z [pre ] skip  C:\dev\abd-context-driven-delivery\clean_engineering\fidelities\code.md
2026-07-16T01:07:46Z [post] skip  C:\dev\abd-context-driven-delivery\clean_engineering\fidelities\specification.md
2026-07-16T01:07:46Z [read] skip  C:\dev\abd-context-driven-delivery\clean_engineering\fidelities\code.md
2026-07-16T01:07:47Z [post] skip  C:\dev\abd-context-driven-delivery\clean_engineering\fidelities\code.md
2026-07-16T01:07:48Z [pre ] skip  C:\dev\abd-context-driven-delivery\clean_engineering\fidelities\code.md
2026-07-16T01:07:49Z [post] skip  C:\dev\abd-context-driven-delivery\clean_engineering\fidelities\code.md
2026-07-16T01:07:50Z [post] skip  C:\dev\abd-context-driven-delivery\clean_engineering\fidelities\code.md
2026-07-16T01:11:40Z [pre ] skip  C:\dev\abd-context-driven-delivery\sandbox\core_mechanics\.context\module-context.md
2026-07-16T01:11:41Z [read] skip  C:\dev\abd-context-driven-delivery\sandbox\core_mechanics\.context\module-context.md
2026-07-16T01:11:42Z [post] skip  C:\dev\abd-context-driven-delivery
2026-07-16T01:11:42Z [post] skip  C:\dev\abd-context-driven-delivery\clean_engineering
2026-07-16T01:11:42Z [post] skip  C:\dev\abd-context-driven-delivery\sandbox\core_mechanics\.context\module-context.md
2026-07-16T01:11:48Z [pre ] skip  C:\dev\abd-context-driven-delivery\clean_engineering\formats\python\scanners\module_scanner.py
2026-07-16T01:11:49Z [read] skip  C:\dev\abd-context-driven-delivery\clean_engineering\formats\python\scanners\module_scanner.py
2026-07-16T01:11:50Z [post] skip  C:\dev\abd-context-driven-delivery\clean_engineering\formats\python\scanners\module_scanner.py
2026-07-16T01:12:08Z [post] skip  C:\dev\abd-context-driven-delivery
2026-07-16T01:12:12Z [pre ] skip  C:\dev\abd-context-driven-delivery\sandbox\core_mechanics\__init__.py
2026-07-16T01:12:13Z [pre ] skip  C:\dev\abd-context-driven-delivery\sandbox\core_mechanics\check\__init__.py
2026-07-16T01:12:13Z [pre ] skip  C:\dev\abd-context-driven-delivery\sandbox\core_mechanics\measurement\__init__.py
2026-07-16T01:12:13Z [read] skip  C:\dev\abd-context-driven-delivery\sandbox\core_mechanics\__init__.py
2026-07-16T01:12:14Z [read] skip  C:\dev\abd-context-driven-delivery\sandbox\core_mechanics\check\__init__.py
2026-07-16T01:12:14Z [read] skip  C:\dev\abd-context-driven-delivery\sandbox\core_mechanics\measurement\__init__.py
2026-07-16T01:12:15Z [post] skip  C:\dev\abd-context-driven-delivery\sandbox\core_mechanics\__init__.py
2026-07-16T01:12:16Z [post] skip  C:\dev\abd-context-driven-delivery\sandbox\core_mechanics\check\__init__.py
2026-07-16T01:12:16Z [post] skip  C:\dev\abd-context-driven-delivery\sandbox\core_mechanics\measurement\__init__.py
2026-07-16T01:12:16Z [pre ] skip  C:\dev\abd-context-driven-delivery\sandbox\core_mechanics\__init__.py
2026-07-16T01:12:18Z [pre ] skip  C:\dev\abd-context-driven-delivery\sandbox\core_mechanics\measurement\__init__.py
2026-07-16T01:12:18Z [pre ] skip  C:\dev\abd-context-driven-delivery\sandbox\core_mechanics\check\__init__.py
2026-07-16T01:12:19Z [post] skip  C:\dev\abd-context-driven-delivery\sandbox\core_mechanics\__init__.py
2026-07-16T01:12:21Z [post] skip  C:\dev\abd-context-driven-delivery\sandbox\core_mechanics\measurement\__init__.py
2026-07-16T01:12:21Z [pre ] FIRED  C:\dev\abd-context-driven-delivery\sandbox\core_mechanics\check\trait.py  — 3 manifest line(s)
2026-07-16T01:12:21Z [post] skip  C:\dev\abd-context-driven-delivery\sandbox\core_mechanics\__init__.py
_.py
2026-07-16T01:12:22Z [pre ] skip  C:\dev\abd-context-driven-delivery\clean_engineering\fidelities\modules.md
2026-07-16T01:12:22Z [post] skip  C:\dev\abd-context-driven-delivery\sandbox\core_mechanics\check\.context\module-context.md
2026-07-16T01:12:24Z [post] skip  C:\dev\abd-context-driven-delivery\sandbox\core_mechanics\measurement\__init__.py
2026-07-16T01:12:24Z [pre ] skip  C:\dev\abd-context-driven-delivery\clean_engineering\clean_engineering.md
2026-07-16T01:12:25Z [post] skip  C:\dev\abd-context-driven-delivery\clean_engineering\fidelities\modules.md
2026-07-16T01:12:26Z [post] skip  C:\dev\abd-context-driven-delivery\sandbox\core_mechanics\check\__init__.py
2026-07-16T01:12:26Z [post] skip  C:\dev\abd-context-driven-delivery\sandbox\core_mechanics\check\.context\module-context.md
2026-07-16T01:12:26Z [pre ] FIRED  C:\dev\abd-context-driven-delivery\clean_engineering\formats\python\ooad-template.py  — 3 manifest line(s)
2026-07-16T01:12:26Z [post] skip  C:\dev\abd-context-driven-delivery\sandbox\core_mechanics\measurement\.context\module-context.md
2026-07-16T01:12:27Z [post] skip  C:\dev\abd-context-driven-delivery\clean_engineering\clean_engineering.md
2026-07-16T01:12:27Z [read] FIRED  C:\dev\abd-context-driven-delivery\sandbox\core_mechanics\check\trait.py  — 3 manifest line(s)
2026-07-16T01:12:28Z [post] skip  C:\dev\abd-context-driven-delivery\clean_engineering\fidelities\modules.md
2026-07-16T01:12:29Z [post] skip  C:\dev\abd-context-driven-delivery\sandbox\core_mechanics\measurement\.context\module-context.md
2026-07-16T01:12:29Z [post] FIRED  C:\dev\abd-context-driven-delivery\clean_engineering\formats\python\ooad-template.py  — 3 manifest line(s)
2026-07-16T01:12:30Z [post] FIRED  C:\dev\abd-context-driven-delivery\sandbox\core_mechanics\check\trait.py  — 3 manifest line(s)
2026-07-16T01:12:30Z [post] skip  C:\dev\abd-context-driven-delivery\clean_engineering\clean_engineering.md
2026-07-16T01:12:31Z [post] FIRED  C:\dev\abd-context-driven-delivery\clean_engineering\formats\python\ooad-template.py  — 3 manifest line(s)
2026-07-16T01:12:31Z [pre ] FIRED  C:\dev\abd-context-driven-delivery\sandbox\core_mechanics\check\trait.py  — 3 manifest line(s)
2026-07-16T01:12:33Z [post] FIRED  C:\dev\abd-context-driven-delivery\sandbox\core_mechanics\check\trait.py  — 3 manifest line(s)
2026-07-16T01:12:34Z [post] FIRED  C:\dev\abd-context-driven-delivery\sandbox\core_mechanics\check\trait.py  — 3 manifest line(s)
2026-07-16T01:12:38Z [pre ] skip  C:\dev\abd-context-driven-delivery\clean_engineering\fidelities\language.md
2026-07-16T01:12:38Z [pre ] skip  C:\dev\abd-context-driven-delivery\sandbox\.context\mm3e-core-mechanics-sketch.md
2026-07-16T01:12:39Z [post] skip  C:\dev\abd-context-driven-delivery\clean_engineering\fidelities\language.md
2026-07-16T01:12:39Z [post] skip  C:\dev\abd-context-driven-delivery\sandbox\.context\mm3e-core-mechanics-sketch.md
2026-07-16T01:12:41Z [post] skip  C:\dev\abd-context-driven-delivery\sandbox\.context\mm3e-core-mechanics-sketch.md
2026-07-16T01:12:41Z [post] skip  C:\dev\abd-context-driven-delivery\clean_engineering\fidelities\language.md
2026-07-16T01:17:00Z [pre ] skip  C:\dev\abd-context-driven-delivery\sandbox\core_mechanics\measurement\.context\measurement-sketch.md
2026-07-16T01:17:00Z [pre ] skip  C:\dev\abd-context-driven-delivery\sandbox\core_mechanics\check\.context\check-sketch.md
2026-07-16T01:17:01Z [read] skip  C:\dev\abd-context-driven-delivery\sandbox\core_mechanics\measurement\.context\measurement-sketch.md
2026-07-16T01:17:01Z [read] skip  C:\dev\abd-context-driven-delivery\sandbox\core_mechanics\check\.context\check-sketch.md
2026-07-16T01:17:02Z [post] skip  C:\dev\abd-context-driven-delivery\clean_engineering
2026-07-16T01:17:02Z [post] skip  C:\dev\abd-context-driven-delivery\sandbox\core_mechanics\check\.context\check-sketch.md
2026-07-16T01:17:02Z [post] skip  C:\dev\abd-context-driven-delivery\sandbox\core_mechanics\measurement\.context\measurement-sketch.md
2026-07-16T01:31:25Z [pre ] skip  C:\dev\abd-context-driven-delivery\sandbox\HeroesHandbook.md
2026-07-16T01:31:26Z [post] skip  C:\dev\abd-context-driven-delivery\sandbox\HeroesHandbook.md
2026-07-16T01:31:29Z [pre ] skip  C:\dev\abd-context-driven-delivery\sandbox\HeroesHandbook.md
2026-07-16T01:31:29Z [pre ] skip  C:\dev\abd-context-driven-delivery\sandbox\HeroesHandbook.md
2026-07-16T01:31:30Z [post] skip  C:\dev\abd-context-driven-delivery\sandbox\HeroesHandbook.md
2026-07-16T01:31:30Z [post] skip  C:\dev\abd-context-driven-delivery\sandbox\HeroesHandbook.md
2026-07-16T01:31:33Z [pre ] skip  C:\dev\abd-context-driven-delivery\sandbox\HeroesHandbook.md
2026-07-16T01:31:33Z [pre ] skip  C:\dev\abd-context-driven-delivery\sandbox\HeroesHandbook.md
2026-07-16T01:31:34Z [post] skip  C:\dev\abd-context-driven-delivery\sandbox\HeroesHandbook.md
2026-07-16T01:31:34Z [post] skip  C:\dev\abd-context-driven-delivery\sandbox\HeroesHandbook.md
2026-07-16T01:31:37Z [pre ] skip  C:\dev\abd-context-driven-delivery\sandbox\HeroesHandbook.md
2026-07-16T01:31:37Z [pre ] skip  C:\dev\abd-context-driven-delivery\sandbox\HeroesHandbook.md
2026-07-16T01:31:38Z [pre ] skip  C:\dev\abd-context-driven-delivery\sandbox\HeroesHandbook.md
2026-07-16T01:31:38Z [post] skip  C:\dev\abd-context-driven-delivery\sandbox\HeroesHandbook.md
2026-07-16T01:31:39Z [post] skip  C:\dev\abd-context-driven-delivery\sandbox\HeroesHandbook.md
2026-07-16T01:31:39Z [post] skip  C:\dev\abd-context-driven-delivery\sandbox\HeroesHandbook.md
2026-07-16T01:36:08Z [pre ] skip  C:\dev\abd-context-driven-delivery\sandbox\core_mechanics\check\.context\check-sketch.md
2026-07-16T01:36:09Z [read] skip  C:\dev\abd-context-driven-delivery\sandbox\core_mechanics\check\.context\check-sketch.md
2026-07-16T01:36:09Z [post] skip  C:\dev\abd-context-driven-delivery\sandbox\core_mechanics\check
2026-07-16T01:36:10Z [post] skip  C:\dev\abd-context-driven-delivery\sandbox\core_mechanics\check\.context\check-sketch.md
2026-07-16T01:36:15Z [pre ] FIRED  C:\dev\abd-context-driven-delivery\sandbox\core_mechanics\check\check.py  — 3 manifest line(s)
2026-07-16T01:36:17Z [read] FIRED  C:\dev\abd-context-driven-delivery\sandbox\core_mechanics\check\check.py  — 3 manifest line(s)
2026-07-16T01:36:18Z [post] FIRED  C:\dev\abd-context-driven-delivery\sandbox\core_mechanics\check\check.py  — 3 manifest line(s)
2026-07-16T01:53:59Z [pre ] skip  C:\dev\abd-context-driven-delivery\sandbox\.context\grill-answers.md
2026-07-16T01:54:00Z [read] skip  C:\dev\abd-context-driven-delivery\sandbox\.context\grill-answers.md
2026-07-16T01:54:01Z [post] skip  C:\dev\abd-context-driven-delivery\sandbox\.context\grill-answers.md
2026-07-16T01:54:22Z [pre ] skip  C:\dev\abd-context-driven-delivery\sandbox\.context\grill-answers.md
2026-07-16T01:54:24Z [read] skip  C:\dev\abd-context-driven-delivery\sandbox\.context\grill-answers.md
2026-07-16T01:54:24Z [post] skip  C:\dev\abd-context-driven-delivery\sandbox\core_mechanics
2026-07-16T01:54:26Z [post] skip  C:\dev\abd-context-driven-delivery\sandbox\.context\grill-answers.md
2026-07-16T01:54:42Z [post] skip  C:\dev\abd-context-driven-delivery\sandbox
2026-07-16T01:54:42Z [post] skip  C:\dev\abd-context-driven-delivery\sandbox
2026-07-16T01:54:43Z [post] skip  C:\dev\abd-context-driven-delivery\clean_engineering
2026-07-16T01:54:54Z [pre ] skip  C:\dev\abd-context-driven-delivery\sandbox\checks\.context\check-sketch.md
2026-07-16T01:54:55Z [pre ] FIRED  C:\dev\abd-context-driven-delivery\sandbox\checks\check.py  — 3 manifest line(s)
2026-07-16T01:54:55Z [pre ] FIRED  C:\dev\abd-context-driven-delivery\sandbox\checks\check_result.py  — 3 manifest line(s)
2026-07-16T01:54:55Z [pre ] FIRED  C:\dev\abd-context-driven-delivery\clean_engineering\clean_engineering.py  — 5 manifest line(s)
2026-07-16T01:54:56Z [read] skip  C:\dev\abd-context-driven-delivery\sandbox\checks\.context\check-sketch.md
2026-07-16T01:54:57Z [post] skip  C:\dev\abd-context-driven-delivery\sketch
2026-07-16T01:54:57Z [read] FIRED  C:\dev\abd-context-driven-delivery\sandbox\checks\check_result.py  — 3 manifest line(s)
2026-07-16T01:54:57Z [read] FIRED  C:\dev\abd-context-driven-delivery\sandbox\checks\check.py  — 3 manifest line(s)
2026-07-16T01:54:57Z [post] skip  C:\dev\abd-context-driven-delivery\sandbox\checks
2026-07-16T01:54:58Z [read] FIRED  C:\dev\abd-context-driven-delivery\clean_engineering\clean_engineering.py  — 5 manifest line(s)
2026-07-16T01:54:58Z [post] skip  C:\dev\abd-context-driven-delivery\sandbox\checks\.context\check-sketch.md
2026-07-16T01:54:59Z [post] FIRED  C:\dev\abd-context-driven-delivery\sandbox\checks\check_result.py  — 3 manifest line(s)
2026-07-16T01:55:00Z [post] FIRED  C:\dev\abd-context-driven-delivery\sandbox\checks\check.py  — 3 manifest line(s)
2026-07-16T01:55:00Z [post] FIRED  C:\dev\abd-context-driven-delivery\clean_engineering\clean_engineering.py  — 5 manifest line(s)
2026-07-16T01:55:14Z [pre ] FIRED  C:\dev\abd-context-driven-delivery\grill_context\grill_context.py  — 1 manifest line(s)
2026-07-16T01:55:15Z [read] FIRED  C:\dev\abd-context-driven-delivery\grill_context\grill_context.py  — 1 manifest line(s)
2026-07-16T01:55:16Z [post] FIRED  C:\dev\abd-context-driven-delivery\grill_context\grill_context.py  — 1 manifest line(s)
2026-07-16T02:07:09Z [pre ] FIRED  C:\dev\abd-context-driven-delivery\sandbox\checks\modifier.py  — 3 manifest line(s)
2026-07-16T02:07:09Z [pre ] FIRED  C:\dev\abd-context-driven-delivery\sandbox\checks\difficulty_class.py  — 3 manifest line(s)
2026-07-16T02:07:10Z [post] skip  C:\dev\abd-context-driven-delivery\sandbox\.context\measurement
2026-07-16T02:07:10Z [read] FIRED  C:\dev\abd-context-driven-delivery\sandbox\checks\modifier.py  — 3 manifest line(s)
2026-07-16T02:07:11Z [read] FIRED  C:\dev\abd-context-driven-delivery\sandbox\checks\difficulty_class.py  — 3 manifest line(s)
2026-07-16T02:07:12Z [post] FIRED  C:\dev\abd-context-driven-delivery\sandbox\checks\modifier.py  — 3 manifest line(s)
2026-07-16T02:07:12Z [post] FIRED  C:\dev\abd-context-driven-delivery\sandbox\checks\difficulty_class.py  — 3 manifest line(s)
2026-07-16T02:07:34Z [pre ] skip  C:\dev\abd-context-driven-delivery\sandbox\checks\.context\check-sketch.md
2026-07-16T02:07:35Z [read] skip  C:\dev\abd-context-driven-delivery\sandbox\checks\.context\check-sketch.md
2026-07-16T02:07:36Z [post] skip  C:\dev\abd-context-driven-delivery\sandbox\checks\.context\check-sketch.md
2026-07-16T02:07:37Z [pre ] skip  C:\dev\abd-context-driven-delivery\sandbox\checks\.context\check-sketch.md
2026-07-16T02:07:38Z [post] skip  C:\dev\abd-context-driven-delivery\sandbox\checks\.context\check-sketch.md
2026-07-16T02:07:39Z [post] skip  C:\dev\abd-context-driven-delivery\sandbox\checks\.context\check-sketch.md
2026-07-16T02:07:40Z [pre ] skip  C:\dev\abd-context-driven-delivery\sandbox\checks\.context\module-context.md
2026-07-16T02:07:42Z [post] skip  C:\dev\abd-context-driven-delivery\sandbox\checks\.context\module-context.md
2026-07-16T02:07:43Z [post] skip  C:\dev\abd-context-driven-delivery\sandbox\checks\.context\module-context.md
2026-07-16T02:07:47Z [pre ] FIRED  C:\dev\abd-context-driven-delivery\sandbox\checks\check.py  — 3 manifest line(s)
2026-07-16T02:07:49Z [read] FIRED  C:\dev\abd-context-driven-delivery\sandbox\checks\check.py  — 3 manifest line(s)
2026-07-16T02:07:50Z [post] FIRED  C:\dev\abd-context-driven-delivery\sandbox\checks\check.py  — 3 manifest line(s)
2026-07-16T02:07:51Z [post] FIRED  C:\dev\abd-context-driven-delivery\sandbox\checks\team_check.py  — 3 manifest line(s)
2026-07-16T02:07:52Z [pre ] FIRED  C:\dev\abd-context-driven-delivery\sandbox\checks\check.py  — 3 manifest line(s)
2026-07-16T02:07:53Z [post] FIRED  C:\dev\abd-context-driven-delivery\sandbox\checks\team_check.py  — 3 manifest line(s)
2026-07-16T02:07:54Z [post] FIRED  C:\dev\abd-context-driven-delivery\sandbox\checks\check.py  — 3 manifest line(s)
2026-07-16T02:07:55Z [post] FIRED  C:\dev\abd-context-driven-delivery\sandbox\checks\check.py  — 3 manifest line(s)
2026-07-16T02:08:02Z [pre ] FIRED  C:\dev\abd-context-driven-delivery\sandbox\checks\check.py  — 3 manifest line(s)
2026-07-16T02:08:03Z [post] FIRED  C:\dev\abd-context-driven-delivery\sandbox\checks\check.py  — 3 manifest line(s)
2026-07-16T02:08:04Z [post] FIRED  C:\dev\abd-context-driven-delivery\sandbox\checks\check.py  — 3 manifest line(s)
2026-07-16T02:12:05Z [pre ] skip  C:\dev\abd-context-driven-delivery\sandbox\HeroesHandbook.md
2026-07-16T02:12:07Z [post] skip  C:\dev\abd-context-driven-delivery\sandbox\HeroesHandbook.md
2026-07-16T02:12:07Z [post] skip  C:\dev\abd-context-driven-delivery\sandbox
2026-07-16T02:12:30Z [post] skip  C:\dev\abd-context-driven-delivery\sandbox\checks
2026-07-16T02:14:36Z [pre ] skip  C:\dev\abd-context-driven-delivery\agent-skills\agent_skills.py  — manifest ran but produced no output
2026-07-16T02:14:39Z [read] skip  C:\dev\abd-context-driven-delivery\agent-skills\agent_skills.py  — manifest ran but produced no output
2026-07-16T02:14:39Z [post] skip  C:\dev\abd-context-driven-delivery
2026-07-16T02:14:39Z [post] skip  C:\dev\abd-context-driven-delivery\tools
2026-07-16T02:14:40Z [post] skip  C:\dev\abd-context-driven-delivery\agent-skills\agent_skills.py  — manifest ran but produced no output
2026-07-16T02:14:44Z [pre ] skip  C:\dev\abd-context-driven-delivery\agent-skills\agent_skills.py  — manifest ran but produced no output
2026-07-16T02:14:44Z [pre ] skip  C:\dev\abd-context-driven-delivery\agent-skills\agent_skills.py  — manifest ran but produced no output
2026-07-16T02:14:45Z [read] skip  C:\dev\abd-context-driven-delivery\agent-skills\agent_skills.py  — manifest ran but produced no output
2026-07-16T02:14:46Z [post] skip  C:\dev\abd-context-driven-delivery\agent-skills\agent_skills.py  — manifest ran but produced no output
2026-07-16T02:14:47Z [post] skip  C:\dev\abd-context-driven-delivery\agent-skills\agent_skills.py  — manifest ran but produced no output
2026-07-16T02:14:48Z [pre ] skip  C:\dev\abd-context-driven-delivery\agent-skills\agent_skills.py  — manifest ran but produced no output
2026-07-16T02:14:49Z [post] FIRED  C:\dev\abd-context-driven-delivery\agent-skills\agent_skills.py  — 1 manifest line(s)
2026-07-16T02:14:50Z [post] FIRED  C:\dev\abd-context-driven-delivery\agent-skills\agent_skills.py  — 1 manifest line(s)
2026-07-18T01:11:05Z [post] FIRED  C:\Users\thoma\AppData\Local\Temp\tmpf38fivks.py  — 2 manifest line(s)
2026-07-18T01:11:05Z [post] skip  C:\Users\thoma\AppData\Local\Temp\tmph3p3i01_.py
2026-07-18T01:11:05Z [post] FIRED  C:\Users\thoma\AppData\Local\Temp\tmpkkcaw1n0.py  — 2 manifest line(s)
2026-07-18T01:11:05Z [pre ] FIRED  C:\Users\thoma\AppData\Local\Temp\tmpsa7k92oc.py  — 2 manifest line(s)
2026-07-18T01:11:05Z [pre ] skip  C:\Users\thoma\AppData\Local\Temp\tmp_yb471wc.py
2026-07-18T01:14:35Z [post] FIRED  C:\Users\thoma\AppData\Local\Temp\tmphmo24r7a.py  — 2 manifest line(s)
2026-07-18T01:14:35Z [post] skip  C:\Users\thoma\AppData\Local\Temp\tmp6hny5g2c.py
2026-07-18T01:14:35Z [post] FIRED  C:\Users\thoma\AppData\Local\Temp\tmpgaxh4po3.py  — 2 manifest line(s)
2026-07-18T01:14:35Z [pre ] FIRED  C:\Users\thoma\AppData\Local\Temp\tmpgc9gn6p5.py  — 2 manifest line(s)
2026-07-18T01:14:35Z [pre ] skip  C:\Users\thoma\AppData\Local\Temp\tmpv9zqdbg5.py
2026-07-18T01:21:37Z [post] FIRED  C:\Users\thoma\AppData\Local\Temp\tmp5rlp6b3j.py  — 2 manifest line(s)
2026-07-18T01:21:37Z [post] skip  C:\Users\thoma\AppData\Local\Temp\tmp8f0p52ss.py
2026-07-18T01:21:37Z [post] FIRED  C:\Users\thoma\AppData\Local\Temp\tmp15f7id31.py  — 2 manifest line(s)
2026-07-18T01:21:37Z [pre ] FIRED  C:\Users\thoma\AppData\Local\Temp\tmp46pzyrnz.py  — 2 manifest line(s)
2026-07-18T01:21:37Z [pre ] skip  C:\Users\thoma\AppData\Local\Temp\tmpyblciw04.py
2026-07-18T01:22:41Z [post] FIRED  C:\Users\thoma\AppData\Local\Temp\tmprpin4y54.py  — 2 manifest line(s)
2026-07-18T01:22:41Z [post] skip  C:\Users\thoma\AppData\Local\Temp\tmpbjfktyee.py
2026-07-18T01:22:41Z [post] FIRED  C:\Users\thoma\AppData\Local\Temp\tmpvpgav6b2.py  — 2 manifest line(s)
2026-07-18T01:22:41Z [pre ] FIRED  C:\Users\thoma\AppData\Local\Temp\tmpugdzyu75.py  — 2 manifest line(s)
2026-07-18T01:22:41Z [pre ] skip  C:\Users\thoma\AppData\Local\Temp\tmp57q_9kyt.py
2026-07-19T01:37:31Z [post] skip  C:\Users\thoma\AppData\Local\Temp\tmp4iz0skfg.py  — manifest ran but produced no output
2026-07-19T01:37:32Z [post] skip  C:\Users\thoma\AppData\Local\Temp\tmp4iz0skfg.py  — manifest ran but produced no output
2026-07-19T01:37:32Z [post] skip  C:\Users\thoma\AppData\Local\Temp\tmp4iz0skfg.py  — manifest ran but produced no output
2026-07-19T01:37:32Z [read] skip  C:\Users\thoma\AppData\Local\Temp\tmp4iz0skfg.py  — manifest ran but produced no output
2026-07-19T01:37:33Z [pre ] skip  C:\Users\thoma\AppData\Local\Temp\tmp4iz0skfg.py  — manifest ran but produced no output
2026-07-19T01:37:33Z [post] skip  C:\Users\thoma\AppData\Local\Temp\tmpeb0idkb2.py
2026-07-19T01:38:13Z [post] FIRED  C:\Users\thoma\AppData\Local\Temp\tmpmulxvntg.py  — 1 manifest line(s)
2026-07-19T01:38:13Z [post] FIRED  C:\Users\thoma\AppData\Local\Temp\tmpmulxvntg.py  — 1 manifest line(s)
2026-07-19T01:38:13Z [post] FIRED  C:\Users\thoma\AppData\Local\Temp\tmpmulxvntg.py  — 1 manifest line(s)
2026-07-19T01:38:14Z [read] FIRED  C:\Users\thoma\AppData\Local\Temp\tmpmulxvntg.py  — 1 manifest line(s)
2026-07-19T01:38:14Z [pre ] FIRED  C:\Users\thoma\AppData\Local\Temp\tmpmulxvntg.py  — 1 manifest line(s)
2026-07-19T01:38:14Z [read] FIRED  C:\dev\abd-context-driven-delivery\concepts\base\concept.py  — 1 manifest line(s)
2026-07-19T01:38:14Z [post] skip  C:\Users\thoma\AppData\Local\Temp\tmp34dr3iye.py
2026-07-19T01:39:11Z [pre ] skip  C:\dev\abd-context-driven-delivery\primitives\tools\hooks\manifest_gate_spec.py
2026-07-19T01:39:11Z [read] skip  C:\dev\abd-context-driven-delivery\primitives\tools\hooks\manifest_gate_spec.py
2026-07-19T01:39:12Z [post] skip  C:\dev\abd-context-driven-delivery\primitives\tools\hooks\manifest_gate_spec.py
2026-07-19T01:39:13Z [pre ] skip  C:\dev\abd-context-driven-delivery\primitives\tools\hooks\manifest_gate_spec.py
2026-07-19T01:39:13Z [post] FIRED  C:\Users\thoma\AppData\Local\Temp\tmp8b6g8lft.py  — 1 manifest line(s)
2026-07-19T01:39:13Z [post] skip  C:\dev\abd-context-driven-delivery\primitives\tools\hooks\manifest_gate_spec.py
2026-07-19T01:39:13Z [post] FIRED  C:\Users\thoma\AppData\Local\Temp\tmp8b6g8lft.py  — 1 manifest line(s)
2026-07-19T01:39:14Z [post] FIRED  C:\Users\thoma\AppData\Local\Temp\tmp8b6g8lft.py  — 1 manifest line(s)
2026-07-19T01:39:14Z [post] skip  C:\dev\abd-context-driven-delivery\primitives\tools\hooks\manifest_gate_spec.py
2026-07-19T01:39:14Z [read] FIRED  C:\Users\thoma\AppData\Local\Temp\tmp8b6g8lft.py  — 1 manifest line(s)
2026-07-19T01:39:14Z [pre ] FIRED  C:\Users\thoma\AppData\Local\Temp\tmp8b6g8lft.py  — 1 manifest line(s)
2026-07-19T01:39:15Z [read] FIRED  C:\dev\abd-context-driven-delivery\concepts\base\concept.py  — 1 manifest line(s)
2026-07-19T01:39:15Z [post] skip  C:\Users\thoma\AppData\Local\Temp\tmpz3wlonvv.py
2026-07-19T01:39:29Z [pre ] skip  C:\dev\abd-context-driven-delivery\primitives\tools\hooks\_probe_manifest_gate_loop.py
2026-07-19T01:39:29Z [post] skip  C:\dev\abd-context-driven-delivery\primitives\tools\hooks\_probe_manifest_gate_loop.py
2026-07-19T01:39:30Z [post] FIRED  C:\Users\thoma\AppData\Local\Temp\tmp8qwmj_dz.py  — 2 manifest line(s)
2026-07-19T01:39:30Z [post] skip  C:\Users\thoma\AppData\Local\Temp\tmpmzwvfvcv.py
2026-07-19T01:39:30Z [post] FIRED  C:\Users\thoma\AppData\Local\Temp\tmpc3g97x4h.py  — 2 manifest line(s)
2026-07-19T01:39:30Z [pre ] FIRED  C:\Users\thoma\AppData\Local\Temp\tmp13pb0xsk.py  — 2 manifest line(s)
2026-07-19T01:39:30Z [pre ] skip  C:\Users\thoma\AppData\Local\Temp\tmpv8m5t852.py
2026-07-19T01:39:38Z [post] skip  C:\dev\abd-context-driven-delivery
2026-07-19T01:39:39Z [read] skip  C:/dev/abd-context-driven-delivery/concepts/base/concept.py
2026-07-19T01:39:59Z [post] skip  C:\dev\abd-context-driven-delivery\_rename_concept_to_context.py
2026-07-19T01:40:00Z [post] skip  C:\dev\abd-context-driven-delivery\_rename_concept_to_context.py
2026-07-19T01:40:25Z [pre ] skip  C:\dev\abd-context-driven-delivery\_rename_concept_to_context.py
2026-07-19T01:40:25Z [post] skip  C:\dev\abd-context-driven-delivery\_rename_concept_to_context.py
2026-07-19T01:40:26Z [post] skip  C:\dev\abd-context-driven-delivery\_rename_concept_to_context.py
2026-07-19T01:40:43Z [pre ] skip  C:\dev\abd-context-driven-delivery\_rename_concept_to_context.py
2026-07-19T01:40:44Z [post] skip  C:\dev\abd-context-driven-delivery\_rename_concept_to_context.py
2026-07-19T01:40:45Z [post] skip  C:\dev\abd-context-driven-delivery\_rename_concept_to_context.py
2026-07-19T01:40:58Z [pre ] skip  C:\dev\abd-context-driven-delivery\contexts\__init__.py
2026-07-19T01:40:58Z [pre ] skip  C:\dev\abd-context-driven-delivery\primitives\misc\instructions.py
2026-07-19T01:40:59Z [pre ] FIRED  C:\dev\abd-context-driven-delivery\contexts\base\context.py  — 1 manifest line(s)
2026-07-19T01:40:59Z [read] skip  C:\dev\abd-context-driven-delivery\contexts\__init__.py
2026-07-19T01:40:59Z [read] skip  C:\dev\abd-context-driven-delivery\primitives\misc\instructions.py
2026-07-19T01:40:59Z [post] skip  C:\dev\abd-context-driven-delivery
2026-07-19T01:40:59Z [post] skip  C:\dev\abd-context-driven-delivery\contexts\__init__.py
2026-07-19T01:40:59Z [read] FIRED  C:\dev\abd-context-driven-delivery\contexts\base\context.py  — 1 manifest line(s)
2026-07-19T01:41:00Z [post] skip  C:\dev\abd-context-driven-delivery\primitives\misc\instructions.py
2026-07-19T01:41:00Z [post] FIRED  C:\dev\abd-context-driven-delivery\contexts\base\context.py  — 1 manifest line(s)
2026-07-19T01:41:14Z [post] skip  C:\dev\abd-context-driven-delivery
2026-07-19T01:41:15Z [pre ] skip  C:\dev\abd-context-driven-delivery\primitives\misc\declared_spec.py
2026-07-19T01:41:15Z [post] skip  C:\dev\abd-context-driven-delivery
2026-07-19T01:41:15Z [read] skip  C:\dev\abd-context-driven-delivery\primitives\misc\declared_spec.py
2026-07-19T01:41:16Z [post] skip  C:\dev\abd-context-driven-delivery\primitives\misc\declared_spec.py
2026-07-19T01:41:27Z [pre ] skip  C:\dev\abd-context-driven-delivery\contexts\__init__.py
2026-07-19T01:41:27Z [pre ] skip  C:\dev\abd-context-driven-delivery\primitives\misc\declared_spec.py
2026-07-19T01:41:28Z [pre ] skip  C:\dev\abd-context-driven-delivery\primitives\misc\instruction_spec.py
2026-07-19T01:41:28Z [pre ] skip  C:\dev\abd-context-driven-delivery\contexts\stories\stories_spec.py
2026-07-19T01:41:28Z [pre ] skip  C:\dev\abd-context-driven-delivery\primitives\tools\_context\context.md
2026-07-19T01:41:28Z [read] skip  C:\dev\abd-context-driven-delivery\contexts\__init__.py
2026-07-19T01:41:28Z [read] skip  C:\dev\abd-context-driven-delivery\primitives\misc\declared_spec.py
2026-07-19T01:41:28Z [read] skip  C:\dev\abd-context-driven-delivery\primitives\misc\instruction_spec.py
2026-07-19T01:41:28Z [read] skip  C:\dev\abd-context-driven-delivery\primitives\tools\_context\context.md
2026-07-19T01:41:28Z [read] skip  C:\dev\abd-context-driven-delivery\contexts\stories\stories_spec.py
2026-07-19T01:41:28Z [post] skip  C:\dev\abd-context-driven-delivery\contexts\__init__.py
2026-07-19T01:41:29Z [post] skip  C:\dev\abd-context-driven-delivery\primitives\misc\declared_spec.py
2026-07-19T01:41:29Z [post] skip  C:\dev\abd-context-driven-delivery\primitives\misc\instruction_spec.py
2026-07-19T01:41:29Z [post] skip  C:\dev\abd-context-driven-delivery\contexts\stories\stories_spec.py
2026-07-19T01:41:29Z [post] skip  C:\dev\abd-context-driven-delivery\primitives\tools\_context\context.md
2026-07-19T01:41:29Z [pre ] skip  C:\dev\abd-context-driven-delivery\contexts\__init__.py
2026-07-19T01:41:30Z [post] skip  C:\dev\abd-context-driven-delivery\contexts\__init__.py
2026-07-19T01:41:30Z [post] skip  C:\dev\abd-context-driven-delivery\contexts\__init__.py
2026-07-19T01:41:38Z [post] skip  C:\dev\abd-context-driven-delivery\_fixup_contexts_paths.py
2026-07-19T01:41:38Z [post] skip  C:\dev\abd-context-driven-delivery\_fixup_contexts_paths.py
2026-07-19T01:41:41Z [pre ] skip  C:\dev\abd-context-driven-delivery\primitives\misc\declared_spec.py
2026-07-19T01:41:42Z [read] skip  C:\dev\abd-context-driven-delivery\primitives\misc\declared_spec.py
2026-07-19T01:41:42Z [post] skip  C:\dev\abd-context-driven-delivery\primitives\misc\declared_spec.py
2026-07-19T01:41:43Z [pre ] skip  C:\dev\abd-context-driven-delivery\primitives\misc\declared_spec.py
2026-07-19T01:41:44Z [pre ] skip  C:\dev\abd-context-driven-delivery\primitives\misc\instruction_spec.py
2026-07-19T01:41:44Z [post] skip  C:\dev\abd-context-driven-delivery\primitives\misc\declared_spec.py
2026-07-19T01:41:44Z [read] skip  C:\dev\abd-context-driven-delivery\primitives\misc\instruction_spec.py
2026-07-19T01:41:44Z [post] skip  C:\dev\abd-context-driven-delivery\primitives\misc\declared_spec.py
2026-07-19T01:41:45Z [post] skip  C:\dev\abd-context-driven-delivery\primitives\misc\instruction_spec.py
2026-07-19T01:41:45Z [pre ] skip  C:\dev\abd-context-driven-delivery\primitives\misc\instruction_spec.py
2026-07-19T01:41:45Z [pre ] skip  C:\dev\abd-context-driven-delivery\primitives\misc\declared_spec.py
2026-07-19T01:41:46Z [post] skip  C:\dev\abd-context-driven-delivery\primitives\misc\declared_spec.py
2026-07-19T01:41:46Z [post] skip  C:\dev\abd-context-driven-delivery\primitives\misc\instruction_spec.py
2026-07-19T01:41:46Z [post] skip  C:\dev\abd-context-driven-delivery\primitives\misc\declared_spec.py
y
2026-07-19T01:41:47Z [pre ] skip  C:\dev\abd-context-driven-delivery\primitives\misc\declared_spec.py
2026-07-19T01:41:48Z [post] skip  C:\dev\abd-context-driven-delivery\primitives\misc\declared_spec.py
2026-07-19T01:41:48Z [post] skip  C:\dev\abd-context-driven-delivery\primitives\misc\declared_spec.py
2026-07-19T01:41:50Z [pre ] skip  C:\dev\abd-context-driven-delivery\primitives\misc\instruction_spec.py
2026-07-19T01:41:50Z [pre ] skip  C:\dev\abd-context-driven-delivery\primitives\misc\declared_spec.py
2026-07-19T01:41:50Z [post] skip  C:\dev\abd-context-driven-delivery\primitives\misc\declared_spec.py
2026-07-19T01:41:50Z [post] skip  C:\dev\abd-context-driven-delivery\primitives\misc\instruction_spec.py
2026-07-19T01:41:51Z [post] skip  C:\dev\abd-context-driven-delivery\primitives\misc\instruction_spec.py
2026-07-19T01:41:51Z [post] skip  C:\dev\abd-context-driven-delivery\primitives\misc\declared_spec.py
2026-07-19T01:41:52Z [pre ] skip  C:\dev\abd-context-driven-delivery\primitives\misc\instruction_spec.py
2026-07-19T01:41:52Z [post] skip  C:\dev\abd-context-driven-delivery\primitives\misc\instruction_spec.py
2026-07-19T01:41:53Z [post] skip  C:\dev\abd-context-driven-delivery\primitives\misc\instruction_spec.py
2026-07-19T01:41:57Z [pre ] skip  C:\dev\abd-context-driven-delivery\contexts\stories\stories_spec.py
2026-07-19T01:41:57Z [pre ] skip  C:\dev\abd-context-driven-delivery\primitives\misc\asset_spec.py
2026-07-19T01:41:57Z [read] skip  C:\dev\abd-context-driven-delivery\primitives\misc\asset_spec.py
2026-07-19T01:41:57Z [read] skip  C:\dev\abd-context-driven-delivery\contexts\stories\stories_spec.py
2026-07-19T01:41:57Z [pre ] skip  C:\dev\abd-context-driven-delivery\contexts\base\context_agent_spec.py
2026-07-19T01:41:57Z [pre ] skip  C:\dev\abd-context-driven-delivery\contexts\base\__init__.py
2026-07-19T01:41:58Z [post] skip  C:\dev\abd-context-driven-delivery\primitives\misc\asset_spec.py
2026-07-19T01:41:58Z [post] skip  C:\dev\abd-context-driven-delivery\contexts\stories\stories_spec.py
2026-07-19T01:41:58Z [read] skip  C:\dev\abd-context-driven-delivery\contexts\base\__init__.py
2026-07-19T01:41:58Z [read] skip  C:\dev\abd-context-driven-delivery\contexts\base\context_agent_spec.py
2026-07-19T01:41:58Z [post] skip  C:\dev\abd-context-driven-delivery
2026-07-19T01:41:58Z [post] skip  C:\dev\abd-context-driven-delivery\contexts\base\__init__.py
2026-07-19T01:41:58Z [post] skip  C:\dev\abd-context-driven-delivery\contexts\base\context_agent_spec.py
2026-07-19T01:41:58Z [pre ] skip  C:\dev\abd-context-driven-delivery\contexts\stories\stories_spec.py
2026-07-19T01:41:59Z [post] skip  C:\dev\abd-context-driven-delivery\contexts\stories\stories_spec.py
2026-07-19T01:41:59Z [post] skip  C:\dev\abd-context-driven-delivery\contexts\stories\stories_spec.py
2026-07-19T01:42:03Z [pre ] skip  C:\dev\abd-context-driven-delivery\primitives\misc\asset_spec.py
2026-07-19T01:42:04Z [read] skip  C:\dev\abd-context-driven-delivery\primitives\misc\asset_spec.py
2026-07-19T01:42:04Z [post] skip  C:\dev\abd-context-driven-delivery\primitives\misc\asset_spec.py
2026-07-19T01:42:05Z [pre ] skip  C:\dev\abd-context-driven-delivery\primitives\misc\asset_spec.py
2026-07-19T01:42:06Z [pre ] skip  C:\dev\abd-context-driven-delivery\primitives\misc\instruction_spec.py
2026-07-19T01:42:06Z [post] skip  C:\dev\abd-context-driven-delivery\primitives\misc\asset_spec.py
2026-07-19T01:42:06Z [pre ] skip  C:\dev\abd-context-driven-delivery\contexts\base\context_agent_spec.py
2026-07-19T01:42:06Z [pre ] skip  C:\dev\abd-context-driven-delivery\primitives\tools\_context\context.md
2026-07-19T01:42:06Z [post] skip  C:\dev\abd-context-driven-delivery\primitives\misc\instruction_spec.py
2026-07-19T01:42:06Z [post] skip  C:\dev\abd-context-driven-delivery\primitives\misc\asset_spec.py
2026-07-19T01:42:07Z [read] skip  C:\dev\abd-context-driven-delivery\contexts\base\context_agent_spec.py
2026-07-19T01:42:07Z [read] skip  C:\dev\abd-context-driven-delivery\primitives\tools\_context\context.md
2026-07-19T01:42:07Z [post] skip  C:\dev\abd-context-driven-delivery\primitives\misc\instruction_spec.py
2026-07-19T01:42:07Z [post] skip  C:\dev\abd-context-driven-delivery\contexts\base\context_agent_spec.py
2026-07-19T01:42:07Z [post] skip  C:\dev\abd-context-driven-delivery\primitives\tools\_context\context.md
2026-07-19T01:42:07Z [pre ] skip  C:\dev\abd-context-driven-delivery\primitives\misc\asset_spec.py
2026-07-19T01:42:08Z [post] skip  C:\dev\abd-context-driven-delivery\primitives\misc\asset_spec.py
2026-07-19T01:42:08Z [pre ] skip  C:\dev\abd-context-driven-delivery\contexts\base\context_agent_spec.py
2026-07-19T01:42:08Z [pre ] skip  C:\dev\abd-context-driven-delivery\primitives\tools\_context\context.md
2026-07-19T01:42:08Z [post] skip  C:\dev\abd-context-driven-delivery\primitives\misc\asset_spec.py
2026-07-19T01:42:08Z [post] skip  C:\dev\abd-context-driven-delivery\contexts\base\context_agent_spec.py
2026-07-19T01:42:08Z [post] skip  C:\dev\abd-context-driven-delivery\primitives\tools\_context\context.md
2026-07-19T01:42:09Z [post] skip  C:\dev\abd-context-driven-delivery\contexts\base\context_agent_spec.py
2026-07-19T01:42:09Z [post] skip  C:\dev\abd-context-driven-delivery\primitives\tools\_context\context.md
2026-07-19T01:42:13Z [pre ] skip  C:\dev\abd-context-driven-delivery\primitives\misc\declared_spec.py
2026-07-19T01:42:14Z [pre ] skip  C:\dev\abd-context-driven-delivery\.cursor\skills\contexts\SKILL.md
2026-07-19T01:42:14Z [pre ] skip  C:\dev\abd-context-driven-delivery\contexts\clean_engineering\clean_engineering.md
2026-07-19T01:42:14Z [post] skip  C:\dev\abd-context-driven-delivery\primitives\misc\declared_spec.py
2026-07-19T01:42:14Z [pre ] skip  C:\dev\abd-context-driven-delivery\contexts\clean_engineering\contexts.md
2026-07-19T01:42:14Z [post] skip  C:\dev\abd-context-driven-delivery
2026-07-19T01:42:14Z [read] skip  C:\dev\abd-context-driven-delivery\.cursor\skills\contexts\SKILL.md
2026-07-19T01:42:14Z [read] skip  C:\dev\abd-context-driven-delivery\contexts\clean_engineering\clean_engineering.md
2026-07-19T01:42:14Z [post] skip  C:\dev\abd-context-driven-delivery\primitives\misc\declared_spec.py
2026-07-19T01:42:14Z [read] skip  C:\dev\abd-context-driven-delivery\contexts\clean_engineering\contexts.md
2026-07-19T01:42:15Z [post] skip  C:\dev\abd-context-driven-delivery\contexts\clean_engineering\clean_engineering.md
2026-07-19T01:42:15Z [post] skip  C:\dev\abd-context-driven-delivery\.cursor\skills\contexts\SKILL.md
2026-07-19T01:42:15Z [post] skip  C:\dev\abd-context-driven-delivery\contexts\clean_engineering\contexts.md
2026-07-19T01:42:18Z [pre ] skip  C:\dev\abd-context-driven-delivery\.cursor\skills\contexts\SKILL.md
2026-07-19T01:42:19Z [read] skip  C:\dev\abd-context-driven-delivery\.cursor\skills\contexts\SKILL.md
2026-07-19T01:42:19Z [pre ] skip  C:\dev\abd-context-driven-delivery\.context\conventions\focused-examples.md
2026-07-19T01:42:19Z [pre ] FIRED  C:\dev\abd-context-driven-delivery\contexts\bdd\bdd.py  — 4 manifest line(s)
2026-07-19T01:42:19Z [post] skip  C:\dev\abd-context-driven-delivery
2026-07-19T01:42:19Z [pre ] FIRED  C:\dev\abd-context-driven-delivery\primitives\actions\agent_with_actions.py  — 5 manifest line(s)
2026-07-19T01:42:19Z [post] skip  C:\dev\abd-context-driven-delivery\.cursor\skills\contexts\SKILL.md
2026-07-19T01:42:19Z [read] skip  C:\dev\abd-context-driven-delivery\.context\conventions\focused-examples.md
2026-07-19T01:42:20Z [post] skip  C:\dev\abd-context-driven-delivery\.context
2026-07-19T01:42:20Z [read] FIRED  C:\dev\abd-context-driven-delivery\contexts\bdd\bdd.py  — 4 manifest line(s)
2026-07-19T01:42:20Z [pre ] skip  C:\dev\abd-context-driven-delivery\.cursor\skills\contexts\SKILL.md
2026-07-19T01:42:20Z [post] skip  C:\dev\abd-context-driven-delivery\.context\conventions\focused-examples.md
2026-07-19T01:42:20Z [read] FIRED  C:\dev\abd-context-driven-delivery\primitives\actions\agent_with_actions.py  — 5 manifest line(s)
2026-07-19T01:42:20Z [post] skip  C:\dev\abd-context-driven-delivery\.cursor\skills\contexts\SKILL.md
2026-07-19T01:42:21Z [post] FIRED  C:\dev\abd-context-driven-delivery\contexts\bdd\bdd.py  — 4 manifest line(s)
2026-07-19T01:42:21Z [post] skip  C:\dev\abd-context-driven-delivery\.cursor\skills\contexts\SKILL.md
2026-07-19T01:42:21Z [post] FIRED  C:\dev\abd-context-driven-delivery\primitives\actions\agent_with_actions.py  — 5 manifest line(s)
2026-07-19T01:42:26Z [pre ] skip  C:\dev\abd-context-driven-delivery\contexts\base\context.md
2026-07-19T01:42:26Z [pre ] skip  C:\dev\abd-context-driven-delivery\contexts\.context\module-context.md
2026-07-19T01:42:26Z [read] skip  C:\dev\abd-context-driven-delivery\contexts\base\context.md
2026-07-19T01:42:26Z [pre ] FIRED  C:\dev\abd-context-driven-delivery\contexts\cdd\cdd.py  — 4 manifest line(s)
2026-07-19T01:42:26Z [post] skip  C:\dev\abd-context-driven-delivery
2026-07-19T01:42:27Z [read] skip  C:\dev\abd-context-driven-delivery\contexts\.context\module-context.md
2026-07-19T01:42:27Z [post] skip  C:\dev\abd-context-driven-delivery\contexts\base\context.md
2026-07-19T01:42:27Z [post] skip  C:\dev\abd-context-driven-delivery\contexts\.context\module-context.md
2026-07-19T01:42:27Z [read] FIRED  C:\dev\abd-context-driven-delivery\contexts\cdd\cdd.py  — 4 manifest line(s)
2026-07-19T01:42:28Z [post] FIRED  C:\dev\abd-context-driven-delivery\contexts\cdd\cdd.py  — 4 manifest line(s)
2026-07-19T01:42:31Z [pre ] skip  C:\dev\abd-context-driven-delivery\contexts\bdd\evals\behavior\cases.json
2026-07-19T01:42:31Z [pre ] skip  C:\dev\abd-context-driven-delivery\contexts\base\context-behavior.md
2026-07-19T01:42:31Z [pre ] FIRED  C:\dev\abd-context-driven-delivery\contexts\cdd\cdd.py  — 4 manifest line(s)
2026-07-19T01:42:31Z [read] skip  C:\dev\abd-context-driven-delivery\contexts\bdd\evals\behavior\cases.json
2026-07-19T01:42:31Z [read] skip  C:\dev\abd-context-driven-delivery\contexts\base\context-behavior.md
2026-07-19T01:42:31Z [post] skip  C:\dev\abd-context-driven-delivery\contexts\bdd
2026-07-19T01:42:32Z [post] skip  C:\dev\abd-context-driven-delivery\contexts\bdd\evals\behavior\cases.json
2026-07-19T01:42:32Z [read] FIRED  C:\dev\abd-context-driven-delivery\contexts\cdd\cdd.py  — 4 manifest line(s)
2026-07-19T01:42:32Z [post] skip  C:\dev\abd-context-driven-delivery\contexts\base\context-behavior.md
2026-07-19T01:42:33Z [post] FIRED  C:\dev\abd-context-driven-delivery\contexts\cdd\cdd.py  — 4 manifest line(s)
2026-07-19T01:42:37Z [post] skip  C:\dev\abd-context-driven-delivery
2026-07-19T01:42:38Z [pre ] skip  C:\dev\abd-context-driven-delivery\contexts\bdd\evals\behavior\cases.json
2026-07-19T01:42:39Z [read] skip  C:\dev\abd-context-driven-delivery\contexts\bdd\evals\behavior\cases.json
2026-07-19T01:42:39Z [post] skip  C:\dev\abd-context-driven-delivery\contexts\bdd\evals\behavior\cases.json
2026-07-19T01:42:40Z [pre ] skip  C:\dev\abd-context-driven-delivery\contexts\bdd\evals\behavior\cases.json
2026-07-19T01:42:41Z [post] skip  C:\dev\abd-context-driven-delivery\contexts\bdd\evals\behavior\cases.json
2026-07-19T01:42:41Z [post] skip  C:\dev\abd-context-driven-delivery\contexts\bdd\evals\behavior\cases.json
2026-07-19T01:42:42Z [pre ] skip  C:\dev\abd-context-driven-delivery\contexts\bdd\evals\behavior\cases.json
2026-07-19T01:42:43Z [pre ] skip  C:\dev\abd-context-driven-delivery\contexts\.context\module-context.md
2026-07-19T01:42:43Z [post] skip  C:\dev\abd-context-driven-delivery\contexts\bdd\evals\behavior\cases.json
2026-07-19T01:42:43Z [read] skip  C:\dev\abd-context-driven-delivery\contexts\.context\module-context.md
2026-07-19T01:42:43Z [pre ] skip  C:\dev\abd-context-driven-delivery\contexts\base\context.md
2026-07-19T01:42:44Z [post] skip  C:\dev\abd-context-driven-delivery\contexts\bdd\evals\behavior\cases.json
2026-07-19T01:42:44Z [post] skip  C:\dev\abd-context-driven-delivery\contexts\.context\module-context.md
2026-07-19T01:42:44Z [read] skip  C:\dev\abd-context-driven-delivery\contexts\base\context.md
2026-07-19T01:42:44Z [pre ] skip  C:\dev\abd-context-driven-delivery\contexts\.context\module-context.md
2026-07-19T01:42:44Z [pre ] skip  C:\dev\abd-context-driven-delivery\contexts\base\context-behavior.md
2026-07-19T01:42:44Z [post] skip  C:\dev\abd-context-driven-delivery\contexts\base\context.md
2026-07-19T01:42:45Z [post] skip  C:\dev\abd-context-driven-delivery\contexts\.context\module-context.md
2026-07-19T01:42:45Z [read] skip  C:\dev\abd-context-driven-delivery\contexts\base\context-behavior.md
2026-07-19T01:42:45Z [pre ] skip  C:\dev\abd-context-driven-delivery\contexts\base\context.md
2026-07-19T01:42:45Z [post] skip  C:\dev\abd-context-driven-delivery\contexts\.context\module-context.md
2026-07-19T01:42:45Z [post] skip  C:\dev\abd-context-driven-delivery\contexts\base\context-behavior.md
2026-07-19T01:42:46Z [post] skip  C:\dev\abd-context-driven-delivery\contexts\base\context.md
2026-07-19T01:42:46Z [pre ] skip  C:\dev\abd-context-driven-delivery\contexts\base\context-behavior.md
2026-07-19T01:42:46Z [post] skip  C:\dev\abd-context-driven-delivery\contexts\base\context.md
2026-07-19T01:42:47Z [post] skip  C:\dev\abd-context-driven-delivery\contexts\base\context-behavior.md
2026-07-19T01:42:47Z [post] skip  C:\dev\abd-context-driven-delivery\contexts\base\context-behavior.md
2026-07-19T01:42:48Z [pre ] skip  C:\dev\abd-context-driven-delivery\contexts\base\context-behavior.md
2026-07-19T01:42:48Z [post] skip  C:\dev\abd-context-driven-delivery\contexts\base\context-behavior.md
2026-07-19T01:42:49Z [post] skip  C:\dev\abd-context-driven-delivery\contexts\base\context-behavior.md
2026-07-19T01:48:11Z [pre ] skip  C:\dev\abd-context-driven-delivery\contexts\cdd\cdd.md
2026-07-19T01:48:11Z [pre ] skip  C:\dev\abd-context-driven-delivery\contexts\cdd\examples\examples.md
2026-07-19T01:48:11Z [pre ] FIRED  C:\dev\abd-context-driven-delivery\contexts\cdd\cdd.py  — 4 manifest line(s)
2026-07-19T01:48:12Z [pre ] skip  C:\dev\abd-context-driven-delivery\contexts\base\context-behavior.md
2026-07-19T01:48:13Z [pre ] skip  C:\dev\abd-context-driven-delivery\contexts\clean_engineering\clean_engineering_spec.py
2026-07-19T01:48:13Z [read] skip  C:\dev\abd-context-driven-delivery\contexts\cdd\cdd.md
2026-07-19T01:48:13Z [read] skip  C:\dev\abd-context-driven-delivery\contexts\cdd\examples\examples.md
2026-07-19T01:48:13Z [post] skip  C:\dev\abd-context-driven-delivery\contexts\base\context-behavior.md
2026-07-19T01:48:13Z [pre ] skip  C:\dev\abd-context-driven-delivery\.context\backlog
2026-07-19T01:48:13Z [read] FIRED  C:\dev\abd-context-driven-delivery\contexts\cdd\cdd.py  — 4 manifest line(s)
2026-07-19T01:48:13Z [post] skip  C:\dev\abd-context-driven-delivery\contexts\cdd\cdd.md
2026-07-19T01:48:13Z [read] skip  C:\dev\abd-context-driven-delivery\contexts\clean_engineering\clean_engineering_spec.py
2026-07-19T01:48:13Z [post] skip  C:\dev\abd-context-driven-delivery\contexts\cdd\examples\examples.md
2026-07-19T01:48:14Z [post] skip  C:\dev\abd-context-driven-delivery\contexts\base\context-behavior.md
2026-07-19T01:48:14Z [post] skip  C:\dev\abd-context-driven-delivery\.context\backlog
2026-07-19T01:48:14Z [post] skip  C:\dev\abd-context-driven-delivery\contexts\clean_engineering\clean_engineering_spec.py
2026-07-19T01:48:14Z [post] FIRED  C:\dev\abd-context-driven-delivery\contexts\cdd\cdd.py  — 4 manifest line(s)
2026-07-19T01:48:14Z [post] skip  C:\dev\abd-context-driven-delivery\.context\backlog
2026-07-19T01:48:15Z [pre ] skip  C:\dev\abd-context-driven-delivery\contexts\clean_engineering\clean_engineering_spec.py
2026-07-19T01:48:15Z [pre ] FIRED  C:\dev\abd-context-driven-delivery\contexts\cdd\cdd.py  — 4 manifest line(s)
2026-07-19T01:48:15Z [post] skip  C:\dev\abd-context-driven-delivery\contexts\clean_engineering\clean_engineering_spec.py
2026-07-19T01:48:16Z [post] skip  C:\dev\abd-context-driven-delivery\contexts\clean_engineering\clean_engineering_spec.py
2026-07-19T01:48:16Z [post] FIRED  C:\dev\abd-context-driven-delivery\contexts\cdd\cdd.py  — 4 manifest line(s)
2026-07-19T01:48:17Z [post] FIRED  C:\dev\abd-context-driven-delivery\contexts\cdd\cdd.py  — 4 manifest line(s)
2026-07-19T01:48:21Z [pre ] skip  C:\dev\abd-context-driven-delivery\contexts\cdd\cdd.md
2026-07-19T01:48:22Z [read] skip  C:\dev\abd-context-driven-delivery\contexts\cdd\cdd.md
2026-07-19T01:48:22Z [post] skip  C:\dev\abd-context-driven-delivery\contexts\cdd\cdd.md
2026-07-19T01:48:23Z [pre ] skip  C:\dev\abd-context-driven-delivery\contexts\cdd\cdd.md
2026-07-19T01:48:23Z [post] skip  C:\dev\abd-context-driven-delivery\contexts\cdd\cdd.md
2026-07-19T01:48:24Z [post] skip  C:\dev\abd-context-driven-delivery\contexts\cdd\cdd.md
2026-07-19T01:48:25Z [pre ] skip  C:\dev\abd-context-driven-delivery\contexts\cdd\cdd.md
2026-07-19T01:48:25Z [post] skip  C:\dev\abd-context-driven-delivery\contexts\cdd\cdd.md
2026-07-19T01:48:26Z [pre ] skip  C:\dev\abd-context-driven-delivery\contexts\cdd\examples\examples.md
2026-07-19T01:48:26Z [post] skip  C:\dev\abd-context-driven-delivery\contexts\cdd\cdd.md
2026-07-19T01:48:26Z [pre ] skip  C:\dev\abd-context-driven-delivery\_fixup_contexts_paths.py
2026-07-19T01:48:26Z [read] skip  C:\dev\abd-context-driven-delivery\contexts\cdd\examples\examples.md
2026-07-19T01:48:27Z [post] skip  C:\dev\abd-context-driven-delivery\_fixup_contexts_paths.py
2026-07-19T01:48:27Z [post] skip  C:\dev\abd-context-driven-delivery\contexts\cdd\examples\examples.md
2026-07-19T01:48:27Z [pre ] skip  C:\dev\abd-context-driven-delivery\contexts\cdd\examples\examples.md
2026-07-19T01:48:28Z [pre ] skip  C:\dev\abd-context-driven-delivery\contexts\cdd\cdd.md
2026-07-19T01:48:28Z [post] skip  C:\dev\abd-context-driven-delivery\contexts\cdd\examples\examples.md
2026-07-19T01:48:28Z [post] skip  C:\dev\abd-context-driven-delivery\contexts\cdd\cdd.md
2026-07-19T01:48:29Z [post] skip  C:\dev\abd-context-driven-delivery\contexts\cdd\examples\examples.md
2026-07-19T01:48:29Z [post] skip  C:\dev\abd-context-driven-delivery\contexts\cdd\cdd.md
2026-07-19T01:48:36Z [post] skip  C:\dev\abd-context-driven-delivery
2026-07-19T01:48:43Z [post] skip  C:\dev\abd-context-driven-delivery
2026-07-19T01:49:01Z [pre ] skip  C:\dev\abd-context-driven-delivery\contexts\base\base-context\repair.md
2026-07-19T01:49:01Z [pre ] skip  C:\dev\abd-context-driven-delivery\contexts\base\base-context\partition.md
2026-07-19T01:49:01Z [pre ] skip  C:\dev\abd-context-driven-delivery\contexts\base\context_spec.py
2026-07-19T01:49:01Z [read] skip  C:\dev\abd-context-driven-delivery\contexts\base\base-context\repair.md
2026-07-19T01:49:01Z [read] skip  C:\dev\abd-context-driven-delivery\contexts\base\base-context\partition.md
2026-07-19T01:49:01Z [read] skip  C:\dev\abd-context-driven-delivery\contexts\base\context_spec.py
2026-07-19T01:49:02Z [post] skip  C:\dev\abd-context-driven-delivery\contexts\base
2026-07-19T01:49:02Z [post] skip  C:\dev\abd-context-driven-delivery\contexts\base\base-context\repair.md
2026-07-19T01:49:02Z [post] skip  C:\dev\abd-context-driven-delivery\contexts\base\base-context\partition.md
2026-07-19T01:49:02Z [post] skip  C:\dev\abd-context-driven-delivery\contexts\base\context_spec.py
2026-07-19T01:49:07Z [pre ] skip  C:\dev\abd-context-driven-delivery\contexts\base\context_spec.py
2026-07-19T01:49:07Z [pre ] skip  C:\dev\abd-context-driven-delivery\contexts\base\base-context\index.md
2026-07-19T01:49:07Z [pre ] skip  C:\dev\abd-context-driven-delivery\contexts\base\context_spec.py
2026-07-19T01:49:08Z [read] skip  C:\dev\abd-context-driven-delivery\contexts\base\base-context\index.md
2026-07-19T01:49:08Z [read] skip  C:\dev\abd-context-driven-delivery\contexts\base\context_spec.py
2026-07-19T01:49:08Z [post] skip  C:\dev\abd-context-driven-delivery\contexts\base\context_spec.py
2026-07-19T01:49:08Z [post] skip  C:\dev\abd-context-driven-delivery
2026-07-19T01:49:08Z [post] skip  C:\dev\abd-context-driven-delivery\contexts\base\base-context\index.md
2026-07-19T01:49:08Z [post] skip  C:\dev\abd-context-driven-delivery\contexts\base\context_spec.py
2026-07-19T01:49:14Z [pre ] skip  C:\dev\abd-context-driven-delivery\contexts\base\context_spec.py
2026-07-19T01:49:14Z [read] skip  C:\dev\abd-context-driven-delivery\contexts\base\context_spec.py
2026-07-19T01:49:15Z [post] skip  C:\dev\abd-context-driven-delivery\contexts\base\context_spec.py
2026-07-19T01:49:34Z [pre ] skip  C:\dev\abd-context-driven-delivery\contexts\base\context_spec.py
2026-07-19T01:49:34Z [read] skip  C:\dev\abd-context-driven-delivery\contexts\base\context_spec.py
2026-07-19T01:49:34Z [pre ] FIRED  C:\dev\abd-context-driven-delivery\primitives\actions\action.py  — 5 manifest line(s)
2026-07-19T01:49:35Z [post] skip  C:\dev\abd-context-driven-delivery\contexts\base\context_spec.py
2026-07-19T01:49:35Z [post] FIRED  C:\dev\abd-context-driven-delivery\primitives\actions\action.py  — 5 manifest line(s)
2026-07-19T01:49:44Z [pre ] FIRED  C:\dev\abd-context-driven-delivery\primitives\actions\action.py  — 5 manifest line(s)
2026-07-19T01:49:44Z [pre ] FIRED  C:\dev\abd-context-driven-delivery\primitives\actions\action.py  — 5 manifest line(s)
2026-07-19T01:49:45Z [read] FIRED  C:\dev\abd-context-driven-delivery\primitives\actions\action.py  — 5 manifest line(s)
2026-07-19T01:49:45Z [post] FIRED  C:\dev\abd-context-driven-delivery\primitives\actions\action.py  — 5 manifest line(s)
2026-07-19T01:49:46Z [post] FIRED  C:\dev\abd-context-driven-delivery\primitives\actions\action.py  — 5 manifest line(s)
2026-07-19T01:49:58Z [pre ] FIRED  C:\dev\abd-context-driven-delivery\contexts\base\examples\car_chronicle\car_chronicle.py  — 2 manifest line(s)
2026-07-19T01:49:59Z [read] FIRED  C:\dev\abd-context-driven-delivery\contexts\base\examples\car_chronicle\car_chronicle.py  — 2 manifest line(s)
2026-07-19T01:49:59Z [post] FIRED  C:\dev\abd-context-driven-delivery\contexts\base\examples\car_chronicle\car_chronicle.py  — 2 manifest line(s)
2026-07-19T01:50:11Z [pre ] skip  C:\dev\abd-context-driven-delivery\contexts\base\base-context\repair.md
2026-07-19T01:50:11Z [read] skip  C:\dev\abd-context-driven-delivery\contexts\base\base-context\repair.md
2026-07-19T01:50:12Z [post] skip  C:\dev\abd-context-driven-delivery\contexts\base\base-context\repair.md
2026-07-19T01:50:13Z [pre ] skip  C:\dev\abd-context-driven-delivery\contexts\base\base-context\repair.md
2026-07-19T01:50:13Z [post] skip  C:\dev\abd-context-driven-delivery\contexts\base\base-context\repair.md
2026-07-19T01:50:14Z [post] skip  C:\dev\abd-context-driven-delivery\contexts\base\base-context\repair.md
2026-07-19T01:50:15Z [pre ] skip  C:\dev\abd-context-driven-delivery\contexts\base\base-context\repair.md
2026-07-19T01:50:16Z [post] skip  C:\dev\abd-context-driven-delivery\contexts\base\base-context\repair.md
2026-07-19T01:50:16Z [pre ] skip  C:\dev\abd-context-driven-delivery\contexts\base\base-context\partition.md
2026-07-19T01:50:16Z [post] skip  C:\dev\abd-context-driven-delivery\contexts\base\base-context\repair.md
2026-07-19T01:50:16Z [read] skip  C:\dev\abd-context-driven-delivery\contexts\base\base-context\partition.md
2026-07-19T01:50:17Z [post] skip  C:\dev\abd-context-driven-delivery\contexts\base\base-context\partition.md
2026-07-19T01:50:17Z [pre ] skip  C:\dev\abd-context-driven-delivery\contexts\base\base-context\repair.md
2026-07-19T01:50:18Z [post] skip  C:\dev\abd-context-driven-delivery\contexts\base\base-context\repair.md
2026-07-19T01:50:18Z [pre ] skip  C:\dev\abd-context-driven-delivery\contexts\base\base-context\partition.md
2026-07-19T01:50:18Z [post] skip  C:\dev\abd-context-driven-delivery\contexts\base\base-context\repair.md
2026-07-19T01:50:18Z [post] skip  C:\dev\abd-context-driven-delivery\contexts\base\base-context\partition.md
2026-07-19T01:50:19Z [post] skip  C:\dev\abd-context-driven-delivery\contexts\base\base-context\partition.md
2026-07-19T01:50:19Z [pre ] skip  C:\dev\abd-context-driven-delivery\contexts\base\base-context\repair.md
2026-07-19T01:50:20Z [pre ] skip  C:\dev\abd-context-driven-delivery\contexts\base\base-context\index.md
2026-07-19T01:50:20Z [post] skip  C:\dev\abd-context-driven-delivery\contexts\base\base-context\repair.md
2026-07-19T01:50:20Z [read] skip  C:\dev\abd-context-driven-delivery\contexts\base\base-context\index.md
2026-07-19T01:50:20Z [pre ] skip  C:\dev\abd-context-driven-delivery\contexts\base\context_spec.py
2026-07-19T01:50:20Z [post] skip  C:\dev\abd-context-driven-delivery\contexts\base\base-context\repair.md
2026-07-19T01:50:21Z [post] skip  C:\dev\abd-context-driven-delivery\contexts\base\base-context\index.md
2026-07-19T01:50:21Z [read] skip  C:\dev\abd-context-driven-delivery\contexts\base\context_spec.py
2026-07-19T01:50:21Z [post] skip  C:\dev\abd-context-driven-delivery\contexts\base\context_spec.py
2026-07-19T01:50:21Z [pre ] skip  C:\dev\abd-context-driven-delivery\contexts\base\base-context\index.md
2026-07-19T01:50:21Z [pre ] skip  C:\dev\abd-context-driven-delivery\contexts\base\base-context\repair.md
2026-07-19T01:50:22Z [post] skip  C:\dev\abd-context-driven-delivery\contexts\base\base-context\index.md
2026-07-19T01:50:22Z [pre ] skip  C:\dev\abd-context-driven-delivery\contexts\base\context_spec.py
2026-07-19T01:50:22Z [post] skip  C:\dev\abd-context-driven-delivery\contexts\base\base-context\repair.md
2026-07-19T01:50:22Z [post] skip  C:\dev\abd-context-driven-delivery\contexts\base\base-context\index.md
2026-07-19T01:50:22Z [post] skip  C:\dev\abd-context-driven-delivery\contexts\base\context_spec.py
2026-07-19T01:50:23Z [post] skip  C:\dev\abd-context-driven-delivery\contexts\base\base-context\repair.md
2026-07-19T01:50:23Z [post] skip  C:\dev\abd-context-driven-delivery\contexts\base\context_spec.py
2026-07-19T01:50:23Z [pre ] skip  C:\dev\abd-context-driven-delivery\contexts\base\base-context\partition.md
2026-07-19T01:50:23Z [pre ] skip  C:\dev\abd-context-driven-delivery\contexts\base\base-context\repair.md
2026-07-19T01:50:24Z [post] skip  C:\dev\abd-context-driven-delivery\contexts\base\base-context\partition.md
2026-07-19T01:50:24Z [post] skip  C:\dev\abd-context-driven-delivery\contexts\base\base-context\repair.md
2026-07-19T01:50:24Z [post] skip  C:\dev\abd-context-driven-delivery\contexts\base\base-context\partition.md
2026-07-19T01:50:24Z [post] skip  C:\dev\abd-context-driven-delivery\contexts\base\base-context\repair.md
2026-07-19T01:50:25Z [pre ] skip  C:\dev\abd-context-driven-delivery\contexts\base\base-context\partition.md
2026-07-19T01:50:25Z [pre ] skip  C:\dev\abd-context-driven-delivery\contexts\base\context_spec.py
2026-07-19T01:50:26Z [post] skip  C:\dev\abd-context-driven-delivery\contexts\base\base-context\partition.md
2026-07-19T01:50:26Z [post] skip  C:\dev\abd-context-driven-delivery\contexts\base\context_spec.py
2026-07-19T01:50:26Z [post] skip  C:\dev\abd-context-driven-delivery\contexts\base\base-context\partition.md
2026-07-19T01:50:26Z [post] skip  C:\dev\abd-context-driven-delivery\contexts\base\context_spec.py
2026-07-19T01:50:27Z [pre ] skip  C:\dev\abd-context-driven-delivery\contexts\base\context_spec.py
2026-07-19T01:50:28Z [post] skip  C:\dev\abd-context-driven-delivery\contexts\base\context_spec.py
2026-07-19T01:50:28Z [post] skip  C:\dev\abd-context-driven-delivery\contexts\base\context_spec.py
2026-07-19T01:50:30Z [pre ] skip  C:\dev\abd-context-driven-delivery\contexts\base\base-context\repair.md
2026-07-19T01:50:31Z [post] skip  C:\dev\abd-context-driven-delivery\contexts\base\base-context\repair.md
2026-07-19T01:50:39Z [pre ] skip  C:\dev\abd-context-driven-delivery\primitives\misc\instruction_spec.py
2026-07-19T01:50:40Z [read] skip  C:\dev\abd-context-driven-delivery\primitives\misc\instruction_spec.py
2026-07-19T01:50:40Z [pre ] skip  C:\dev\abd-context-driven-delivery\contexts\base\base-context\repair.md
2026-07-19T01:50:40Z [post] skip  C:\dev\abd-context-driven-delivery\primitives\misc\instruction_spec.py
2026-07-19T01:50:41Z [post] skip  C:\dev\abd-context-driven-delivery\contexts\base\base-context\repair.md
2026-07-19T01:50:41Z [post] skip  C:\dev\abd-context-driven-delivery\contexts\base\base-context\repair.md
2026-07-19T01:50:44Z [pre ] skip  C:\dev\abd-context-driven-delivery\primitives\misc\instruction_spec.py
2026-07-19T01:50:45Z [read] skip  C:\dev\abd-context-driven-delivery\primitives\misc\instruction_spec.py
2026-07-19T01:50:45Z [post] skip  C:\dev\abd-context-driven-delivery\primitives\misc\instruction_spec.py
2026-07-19T01:50:45Z [post] skip  C:\dev\abd-context-driven-delivery\contexts\base\base-context
2026-07-19T01:50:46Z [pre ] skip  C:\dev\abd-context-driven-delivery\primitives\misc\instruction_spec.py
2026-07-19T01:50:46Z [post] skip  C:\dev\abd-context-driven-delivery\.cursor\skills
2026-07-19T01:50:47Z [post] skip  C:\dev\abd-context-driven-delivery\primitives\misc\instruction_spec.py
2026-07-19T01:50:47Z [post] skip  C:\dev\abd-context-driven-delivery\primitives\misc\instruction_spec.py
2026-07-19T01:50:54Z [pre ] skip  C:\dev\abd-context-driven-delivery\contexts\base\base-context\segment.md
2026-07-19T01:50:54Z [pre ] skip  C:\dev\abd-context-driven-delivery\contexts\base\base-context\document.md
2026-07-19T01:50:55Z [read] skip  C:\dev\abd-context-driven-delivery\contexts\base\base-context\segment.md
2026-07-19T01:50:55Z [pre ] skip  C:\dev\abd-context-driven-delivery\contexts\base\base-context\generate.md
2026-07-19T01:50:55Z [read] skip  C:\dev\abd-context-driven-delivery\contexts\base\base-context\document.md
2026-07-19T01:50:55Z [pre ] skip  C:\dev\abd-context-driven-delivery\contexts\base\base-context\validate.md
2026-07-19T01:50:55Z [post] skip  C:\dev\abd-context-driven-delivery\contexts\base\base-context\segment.md
2026-07-19T01:50:55Z [read] skip  C:\dev\abd-context-driven-delivery\contexts\base\base-context\generate.md
2026-07-19T01:50:55Z [post] skip  C:\dev\abd-context-driven-delivery\contexts\base\base-context\document.md
2026-07-19T01:50:55Z [read] skip  C:\dev\abd-context-driven-delivery\contexts\base\base-context\validate.md
2026-07-19T01:50:56Z [post] skip  C:\dev\abd-context-driven-delivery\contexts\base\base-context\generate.md
2026-07-19T01:50:56Z [pre ] skip  C:\dev\abd-context-driven-delivery\contexts\base\base-context\segment.md
2026-07-19T01:50:56Z [post] skip  C:\dev\abd-context-driven-delivery\contexts\base\base-context\validate.md
2026-07-19T01:50:56Z [pre ] skip  C:\dev\abd-context-driven-delivery\contexts\base\base-context\document.md
2026-07-19T01:50:56Z [post] skip  C:\dev\abd-context-driven-delivery\contexts\base\base-context\segment.md
2026-07-19T01:50:56Z [pre ] skip  C:\dev\abd-context-driven-delivery\contexts\base\base-context\generate.md
2026-07-19T01:50:56Z [post] skip  C:\dev\abd-context-driven-delivery\contexts\base\base-context\document.md
2026-07-19T01:50:56Z [pre ] skip  C:\dev\abd-context-driven-delivery\contexts\base\base-context\validate.md
2026-07-19T01:50:57Z [post] skip  C:\dev\abd-context-driven-delivery\contexts\base\base-context\segment.md
2026-07-19T01:50:57Z [post] skip  C:\dev\abd-context-driven-delivery\contexts\base\base-context\generate.md
2026-07-19T01:50:57Z [post] skip  C:\dev\abd-context-driven-delivery\contexts\base\base-context\document.md
2026-07-19T01:50:57Z [post] skip  C:\dev\abd-context-driven-delivery\contexts\base\base-context\validate.md
2026-07-19T01:50:57Z [post] skip  C:\dev\abd-context-driven-delivery\contexts\base\base-context\generate.md
2026-07-19T01:50:57Z [post] skip  C:\dev\abd-context-driven-delivery\contexts\base\base-context\validate.md
2026-07-19T02:12:11Z [post] skip  C:\dev\abd-context-driven-delivery
2026-07-19T02:12:11Z [post] skip  C:\dev\abd-context-driven-delivery\primitives\tools
2026-07-19T02:12:13Z [pre ] skip  C:\dev\abd-context-driven-delivery\primitives\tools\tool.py
2026-07-19T02:12:14Z [read] skip  C:\dev\abd-context-driven-delivery\primitives\tools\tool.py
2026-07-19T02:12:14Z [post] skip  C:\dev\abd-context-driven-delivery
2026-07-19T02:12:14Z [post] skip  C:\dev\abd-context-driven-delivery\primitives\tools\tool.py
2026-07-19T02:12:24Z [post] skip  C:\dev\abd-context-driven-delivery
2026-07-19T02:12:26Z [pre ] FIRED  C:\dev\abd-context-driven-delivery\utilities\agent_skills\agent_skills.py  — 1 manifest line(s)
2026-07-19T02:12:26Z [post] skip  C:\dev\abd-context-driven-delivery
2026-07-19T02:12:27Z [read] FIRED  C:\dev\abd-context-driven-delivery\utilities\agent_skills\agent_skills.py  — 1 manifest line(s)
2026-07-19T02:12:27Z [post] FIRED  C:\dev\abd-context-driven-delivery\utilities\agent_skills\agent_skills.py  — 1 manifest line(s)
2026-07-19T02:12:29Z [pre ] skip  C:\dev\abd-context-driven-delivery\utilities\agent_skills\.deploy-state.json
2026-07-19T02:12:30Z [read] skip  C:\dev\abd-context-driven-delivery\utilities\agent_skills\.deploy-state.json
2026-07-19T02:12:30Z [post] skip  C:\dev\abd-context-driven-delivery\utilities\agent_skills\.deploy-state.json
2026-07-19T02:12:37Z [pre ] FIRED  C:\dev\abd-context-driven-delivery\utilities\agent_skills\agent_skills.py  — 1 manifest line(s)
2026-07-19T02:12:37Z [pre ] FIRED  C:\dev\abd-context-driven-delivery\utilities\agent_skills\agent_skills.py  — 1 manifest line(s)
2026-07-19T02:12:38Z [read] FIRED  C:\dev\abd-context-driven-delivery\utilities\agent_skills\agent_skills.py  — 1 manifest line(s)
2026-07-19T02:12:38Z [post] FIRED  C:\dev\abd-context-driven-delivery\utilities\agent_skills\agent_skills.py  — 1 manifest line(s)
2026-07-19T02:12:39Z [post] FIRED  C:\dev\abd-context-driven-delivery\utilities\agent_skills\agent_skills.py  — 1 manifest line(s)
2026-07-19T02:12:41Z [pre ] FIRED  C:\dev\abd-context-driven-delivery\utilities\agent_skills\agent_skills.py  — 1 manifest line(s)
2026-07-19T02:12:41Z [post] skip  C:\dev\abd-context-driven-delivery
2026-07-19T02:12:41Z [read] FIRED  C:\dev\abd-context-driven-delivery\utilities\agent_skills\agent_skills.py  — 1 manifest line(s)
2026-07-19T02:12:42Z [post] FIRED  C:\dev\abd-context-driven-delivery\utilities\agent_skills\agent_skills.py  — 1 manifest line(s)
2026-07-19T02:13:06Z [pre ] FIRED  C:\dev\abd-context-driven-delivery\utilities\agent_skills\agent_skills.py  — 1 manifest line(s)
2026-07-19T02:13:07Z [read] FIRED  C:\dev\abd-context-driven-delivery\utilities\agent_skills\agent_skills.py  — 1 manifest line(s)
2026-07-19T02:13:07Z [post] FIRED  C:\dev\abd-context-driven-delivery\utilities\agent_skills\agent_skills.py  — 1 manifest line(s)
2026-07-19T02:13:09Z [pre ] FIRED  C:\dev\abd-context-driven-delivery\utilities\agent_skills\agent_skills.py  — 1 manifest line(s)
2026-07-19T02:13:10Z [post] FIRED  C:\dev\abd-context-driven-delivery\utilities\agent_skills\agent_skills.py  — 1 manifest line(s)
2026-07-19T02:13:10Z [post] FIRED  C:\dev\abd-context-driven-delivery\utilities\agent_skills\agent_skills.py  — 1 manifest line(s)
2026-07-19T02:13:20Z [pre ] FIRED  C:\dev\abd-context-driven-delivery\utilities\agent_skills\agent_skills.py  — 1 manifest line(s)
2026-07-19T02:13:21Z [post] FIRED  C:\dev\abd-context-driven-delivery\utilities\agent_skills\agent_skills.py  — 1 manifest line(s)
2026-07-19T02:13:31Z [pre ] skip  C:\dev\abd-context-driven-delivery\.cursor\skills\agent-bdd\SKILL.md
2026-07-19T02:13:31Z [pre ] skip  C:\dev\abd-context-driven-delivery\.cursor\skills\handoff\SKILL.md
2026-07-19T02:13:31Z [pre ] skip  C:\dev\abd-context-driven-delivery\.cursor\skills\agent-skills\SKILL.md
2026-07-19T02:13:31Z [read] skip  C:\dev\abd-context-driven-delivery\.cursor\skills\handoff\SKILL.md
2026-07-19T02:13:31Z [read] skip  C:\dev\abd-context-driven-delivery\.cursor\skills\agent-skills\SKILL.md
2026-07-19T02:13:31Z [read] skip  C:\dev\abd-context-driven-delivery\.cursor\skills\agent-bdd\SKILL.md
2026-07-19T02:13:31Z [post] skip  C:\dev\abd-context-driven-delivery\primitives\tools
2026-07-19T02:13:32Z [post] skip  C:\dev\abd-context-driven-delivery\.cursor\skills\handoff\SKILL.md
2026-07-19T02:13:32Z [post] skip  C:\dev\abd-context-driven-delivery\.cursor\skills\agent-bdd\SKILL.md
2026-07-19T02:13:32Z [post] skip  C:\dev\abd-context-driven-delivery\.cursor\skills\agent-skills\SKILL.md
2026-07-19T02:13:39Z [pre ] skip  C:\dev\abd-context-driven-delivery\primitives\tools\tool.py
2026-07-19T02:13:39Z [pre ] skip  C:\dev\abd-context-driven-delivery\primitives\tools\hooks\manifest_gate.py
2026-07-19T02:13:39Z [read] skip  C:\dev\abd-context-driven-delivery\primitives\tools\hooks\manifest_gate.py
2026-07-19T02:13:39Z [post] skip  C:\dev\abd-context-driven-delivery\primitives\tools\tool.py
2026-07-19T02:13:39Z [post] skip  C:\dev\abd-context-driven-delivery
2026-07-19T02:13:40Z [post] skip  C:\dev\abd-context-driven-delivery\primitives\tools\hooks\manifest_gate.py
2026-07-19T02:13:41Z [pre ] skip  C:\dev\abd-context-driven-delivery\primitives\tools\tool.py
2026-07-19T02:13:42Z [read] skip  C:\dev\abd-context-driven-delivery\primitives\tools\tool.py
2026-07-19T02:13:42Z [post] skip  C:\dev\abd-context-driven-delivery
2026-07-19T02:13:42Z [post] skip  C:\dev\abd-context-driven-delivery\primitives\tools\tool.py
2026-07-19T02:13:49Z [pre ] FIRED  C:\dev\abd-context-driven-delivery\utilities\agent_skills\agent_skills.py  — 1 manifest line(s)
2026-07-19T02:13:49Z [post] FIRED  C:\dev\abd-context-driven-delivery\utilities\agent_skills\agent_skills.py  — 1 manifest line(s)
2026-07-19T02:13:50Z [post] FIRED  C:\dev\abd-context-driven-delivery\utilities\agent_skills\agent_skills.py  — 1 manifest line(s)
2026-07-19T02:14:06Z [pre ] skip  C:\dev\abd-context-driven-delivery\.cursor\skills\agent-skills\SKILL.md
2026-07-19T02:14:06Z [pre ] skip  C:\dev\abd-context-driven-delivery\utilities\agent_skills\.deploy-state.json
2026-07-19T02:14:07Z [read] skip  C:\dev\abd-context-driven-delivery\.cursor\skills\agent-skills\SKILL.md
2026-07-19T02:14:07Z [read] skip  C:\dev\abd-context-driven-delivery\utilities\agent_skills\.deploy-state.json
2026-07-19T02:14:08Z [post] skip  C:\dev\abd-context-driven-delivery\.cursor\skills\agent-skills\SKILL.md
2026-07-19T02:14:08Z [post] skip  C:\dev\abd-context-driven-delivery\utilities\agent_skills\.deploy-state.json
2026-07-19T02:14:11Z [pre ] skip  C:\dev\abd-context-driven-delivery\primitives\tools\__main__.py
2026-07-19T02:14:11Z [pre ] skip  C:\dev\abd-context-driven-delivery\primitives\tools\__main__.py
2026-07-19T02:14:11Z [post] skip  C:\dev\abd-context-driven-delivery\primitives\tools\__main__.py
2026-07-19T02:14:11Z [post] skip  C:\dev\abd-context-driven-delivery\primitives
2026-07-19T02:14:12Z [read] skip  C:\dev\abd-context-driven-delivery\primitives\tools\__main__.py
2026-07-19T02:14:12Z [post] skip  C:\dev\abd-context-driven-delivery\primitives\tools\__main__.py
2026-07-19T02:14:14Z [post] skip  C:\dev\abd-context-driven-delivery\primitives\tools
2026-07-19T02:14:49Z [pre ] skip  C:\dev\abd-context-driven-delivery\contexts\agent_bdd\guide.md
2026-07-19T02:14:50Z [read] skip  C:\dev\abd-context-driven-delivery\contexts\agent_bdd\guide.md
2026-07-19T02:14:50Z [post] skip  C:\dev\abd-context-driven-delivery\contexts\base
2026-07-19T02:14:50Z [post] skip  C:\dev\abd-context-driven-delivery\contexts\agent_bdd\guide.md
2026-07-19T02:14:56Z [pre ] skip  C:\Users\thoma\.cursor\projects\c-dev-abd-context-driven-delivery\agent-tools\a165f1cf-2fac-4e4f-84f9-cb06b63db4e6.txt
2026-07-19T02:14:57Z [read] skip  C:\Users\thoma\.cursor\projects\c-dev-abd-context-driven-delivery\agent-tools\a165f1cf-2fac-4e4f-84f9-cb06b63db4e6.txt
2026-07-19T02:14:57Z [post] skip  C:\Users\thoma\.cursor\projects\c-dev-abd-context-driven-delivery\agent-tools\a165f1cf-2fac-4e4f-84f9-cb06b63db4e6.txt
2026-07-19T02:15:03Z [pre ] skip  C:\Users\thoma\.cursor\projects\c-dev-abd-context-driven-delivery\agent-tools\a165f1cf-2fac-4e4f-84f9-cb06b63db4e6.txt
2026-07-19T02:15:03Z [post] skip  C:\dev\abd-context-driven-delivery\utilities
2026-07-19T02:15:03Z [post] skip  C:\dev\abd-context-driven-delivery
2026-07-19T02:15:03Z [read] skip  C:\Users\thoma\.cursor\projects\c-dev-abd-context-driven-delivery\agent-tools\a165f1cf-2fac-4e4f-84f9-cb06b63db4e6.txt
2026-07-19T02:15:04Z [post] skip  C:\Users\thoma\.cursor\projects\c-dev-abd-context-driven-delivery\agent-tools\a165f1cf-2fac-4e4f-84f9-cb06b63db4e6.txt
2026-07-19T02:15:12Z [pre ] skip  C:\dev\abd-context-driven-delivery\contexts\agent_bdd\formats\python\agent_bdd-templates.py
2026-07-19T02:15:12Z [read] skip  C:\dev\abd-context-driven-delivery\contexts\agent_bdd\formats\python\agent_bdd-templates.py
2026-07-19T02:15:12Z [post] skip  C:\dev\abd-context-driven-delivery
2026-07-19T02:15:13Z [post] skip  C:\dev\abd-context-driven-delivery\utilities
2026-07-19T02:15:13Z [post] skip  C:\dev\abd-context-driven-delivery\contexts\agent_bdd\formats\python\agent_bdd-templates.py
2026-07-19T02:15:26Z [pre ] skip  C:\dev\abd-context-driven-delivery\utilities\grill_context\examples\demo.py
2026-07-19T02:15:26Z [read] skip  C:\dev\abd-context-driven-delivery\utilities\grill_context\examples\demo.py
2026-07-19T02:15:26Z [pre ] skip  C:\Users\thoma\.cursor\projects\c-dev-abd-context-driven-delivery\agent-tools\a165f1cf-2fac-4e4f-84f9-cb06b63db4e6.txt
2026-07-19T02:15:27Z [post] skip  C:\dev\abd-context-driven-delivery
2026-07-19T02:15:27Z [post] skip  C:\dev\abd-context-driven-delivery\utilities\grill_context\examples\demo.py
2026-07-19T02:15:27Z [read] skip  C:\Users\thoma\.cursor\projects\c-dev-abd-context-driven-delivery\agent-tools\a165f1cf-2fac-4e4f-84f9-cb06b63db4e6.txt
2026-07-19T02:15:28Z [post] skip  C:\Users\thoma\.cursor\projects\c-dev-abd-context-driven-delivery\agent-tools\a165f1cf-2fac-4e4f-84f9-cb06b63db4e6.txt
2026-07-19T02:15:38Z [pre ] skip  C:\dev\abd-context-driven-delivery\utilities\sub_agent\__init__.py
2026-07-19T02:15:38Z [pre ] skip  C:\dev\abd-context-driven-delivery\utilities\sub_agent\sub_agent.py
2026-07-19T02:15:38Z [read] skip  C:\dev\abd-context-driven-delivery\utilities\sub_agent\sub_agent.py
2026-07-19T02:15:38Z [read] skip  C:\dev\abd-context-driven-delivery\utilities\sub_agent\__init__.py
2026-07-19T02:15:38Z [post] skip  C:\dev\abd-context-driven-delivery
2026-07-19T02:15:39Z [post] skip  C:\dev\abd-context-driven-delivery\utilities\sub_agent\__init__.py

2026-07-19T02:16:13Z [pre ] FIRED  C:\dev\abd-context-driven-delivery\contexts\agent_bdd\examples\generate-action.py  — 1 manifest line(s)
2026-07-19T02:16:13Z [post] skip  C:\dev\abd-context-driven-delivery\utilities
2026-07-19T02:16:14Z [read] FIRED  C:\dev\abd-context-driven-delivery\contexts\agent_bdd\examples\generate-action.py  — 1 manifest line(s)
2026-07-19T02:16:14Z [post] skip  C:\dev\abd-context-driven-delivery\utilities\scanners
2026-07-19T02:16:15Z [post] FIRED  C:\dev\abd-context-driven-delivery\contexts\agent_bdd\examples\generate-action.py  — 1 manifest line(s)
2026-07-19T02:16:43Z [pre ] skip  C:\dev\abd-context-driven-delivery\utilities\sub_agent\register.py
2026-07-19T02:16:44Z [read] skip  C:\dev\abd-context-driven-delivery\utilities\sub_agent\register.py
2026-07-19T02:16:44Z [post] skip  C:\dev\abd-context-driven-delivery\primitives
2026-07-19T02:16:44Z [post] skip  C:\dev\abd-context-driven-delivery
2026-07-19T02:16:44Z [post] skip  C:\dev\abd-context-driven-delivery\utilities\sub_agent\register.py
2026-07-19T02:17:05Z [post] skip  C:\dev\abd-context-driven-delivery\utilities
2026-07-19T02:17:05Z [post] skip  C:\dev\abd-context-driven-delivery
2026-07-19T02:17:14Z [pre ] skip  C:\dev\abd-context-driven-delivery\utilities\session_logging\session_log_spec.py
2026-07-19T02:17:14Z [pre ] skip  C:\dev\abd-context-driven-delivery\utilities\grill_context\grill_context_decorator_spec.py
2026-07-19T02:17:15Z [read] skip  C:\dev\abd-context-driven-delivery\utilities\session_logging\session_log_spec.py
2026-07-19T02:17:15Z [read] skip  C:\dev\abd-context-driven-delivery\utilities\grill_context\grill_context_decorator_spec.py
2026-07-19T02:17:15Z [post] skip  C:\dev\abd-context-driven-delivery\contexts\agent_bdd
2026-07-19T02:17:15Z [post] skip  C:\dev\abd-context-driven-delivery\utilities\session_logging\session_log_spec.py
2026-07-19T02:17:15Z [post] skip  C:\dev\abd-context-driven-delivery\utilities\grill_context\grill_context_decorator_spec.py
2026-07-19T02:17:26Z [pre ] FIRED  C:\dev\abd-context-driven-delivery\contexts\agent_bdd\agent_bdd.py  — 4 manifest line(s)
2026-07-19T02:17:26Z [post] skip  C:\dev\abd-context-driven-delivery
2026-07-19T02:17:26Z [read] FIRED  C:\dev\abd-context-driven-delivery\contexts\agent_bdd\agent_bdd.py  — 4 manifest line(s)
2026-07-19T02:17:27Z [post] FIRED  C:\dev\abd-context-driven-delivery\contexts\agent_bdd\agent_bdd.py  — 4 manifest line(s)
2026-07-19T02:17:33Z [pre ] skip  C:\dev\abd-context-driven-delivery\.context\conventions\focused-examples.md
2026-07-19T02:17:34Z [read] skip  C:\dev\abd-context-driven-delivery\.context\conventions\focused-examples.md
2026-07-19T02:17:34Z [post] skip  C:\dev\abd-context-driven-delivery\.context\conventions\focused-examples.md
2026-07-19T02:17:41Z [post] skip  C:\dev\abd-context-driven-delivery
2026-07-19T02:17:58Z [post] skip  C:\dev\abd-context-driven-delivery\utilities\utility_examples_isolation_spec.py
2026-07-19T02:17:58Z [post] skip  C:\dev\abd-context-driven-delivery\utilities\utility_examples_isolation_spec.py
2026-07-19T02:18:02Z [pre ] skip  C:\dev\abd-context-driven-delivery\utilities\utility_examples_isolation_spec.py
2026-07-19T02:18:03Z [post] skip  C:\dev\abd-context-driven-delivery\utilities\utility_examples_isolation_spec.py
2026-07-19T02:18:03Z [post] skip  C:\dev\abd-context-driven-delivery\utilities\utility_examples_isolation_spec.py
2026-07-19T02:18:10Z [post] skip  C:\dev\abd-context-driven-delivery
2026-07-19T02:18:29Z [pre ] skip  C:\dev\abd-context-driven-delivery\utilities\utility_examples_isolation_spec.py
2026-07-19T02:18:29Z [post] skip  C:\dev\abd-context-driven-delivery\utilities\utility_examples_isolation_spec.py
2026-07-19T02:18:30Z [post] skip  C:\dev\abd-context-driven-delivery\utilities\utility_examples_isolation_spec.py
2026-07-19T02:33:33Z [post] skip  C:\dev\abd-context-driven-delivery
2026-07-19T02:33:36Z [pre ] FIRED  C:\dev\abd-context-driven-delivery\primitives\misc\declared.py  — 3 manifest line(s)
2026-07-19T02:33:36Z [pre ] FIRED  C:\dev\abd-context-driven-delivery\sandbox\checks\check_spec.py  — 1 manifest line(s)
2026-07-19T02:33:36Z [post] skip  C:\dev\abd-context-driven-delivery\contexts
2026-07-19T02:33:36Z [post] skip  C:\dev\abd-context-driven-delivery\contexts
2026-07-19T02:33:37Z [read] FIRED  C:\dev\abd-context-driven-delivery\primitives\misc\declared.py  — 3 manifest line(s)
2026-07-19T02:33:37Z [read] FIRED  C:\dev\abd-context-driven-delivery\sandbox\checks\check_spec.py  — 1 manifest line(s)
2026-07-19T02:33:38Z [post] FIRED  C:\dev\abd-context-driven-delivery\primitives\misc\declared.py  — 3 manifest line(s)
2026-07-19T02:33:38Z [post] FIRED  C:\dev\abd-context-driven-delivery\sandbox\checks\check_spec.py  — 1 manifest line(s)
2026-07-19T02:33:42Z [pre ] skip  C:\dev\abd-context-driven-delivery\contexts\bdd\formats\python\bdd-template.py
2026-07-19T02:33:43Z [pre ] FIRED  C:\dev\abd-context-driven-delivery\contexts\bdd\bdd.py  — 4 manifest line(s)
2026-07-19T02:33:43Z [pre ] FIRED  C:\dev\abd-context-driven-delivery\contexts\clean_engineering\templates\clean_engineering-templates.py  — 3 manifest line(s)
2026-07-19T02:33:43Z [read] skip  C:\dev\abd-context-driven-delivery\contexts\bdd\formats\python\bdd-template.py
2026-07-19T02:33:43Z [post] skip  C:\dev\abd-context-driven-delivery\contexts\base
2026-07-19T02:33:43Z [post] skip  C:\dev\abd-context-driven-delivery\contexts\bdd\formats\python\bdd-template.py
2026-07-19T02:33:43Z [read] FIRED  C:\dev\abd-context-driven-delivery\contexts\bdd\bdd.py  — 4 manifest line(s)
2026-07-19T02:33:43Z [read] FIRED  C:\dev\abd-context-driven-delivery\contexts\clean_engineering\templates\clean_engineering-templates.py  — 3 manifest line(s)
2026-07-19T02:33:44Z [post] FIRED  C:\dev\abd-context-driven-delivery\contexts\bdd\bdd.py  — 4 manifest line(s)
2026-07-19T02:33:44Z [post] FIRED  C:\dev\abd-context-driven-delivery\contexts\clean_engineering\templates\clean_engineering-templates.py  — 3 manifest line(s)
2026-07-19T02:33:48Z [pre ] FIRED  C:\dev\abd-context-driven-delivery\contexts\base\context.py  — 1 manifest line(s)
2026-07-19T02:33:48Z [post] skip  C:\dev\abd-context-driven-delivery\contexts\bdd
2026-07-19T02:33:48Z [post] skip  C:\dev\abd-context-driven-delivery\contexts
2026-07-19T02:33:48Z [post] skip  C:\dev\abd-context-driven-delivery\contexts\base
2026-07-19T02:33:48Z [read] FIRED  C:\dev\abd-context-driven-delivery\contexts\base\context.py  — 1 manifest line(s)
2026-07-19T02:33:49Z [post] FIRED  C:\dev\abd-context-driven-delivery\contexts\base\context.py  — 1 manifest line(s)
2026-07-19T02:33:55Z [pre ] skip  C:\dev\abd-context-driven-delivery\contexts\base\context_spec.py
2026-07-19T02:33:55Z [post] skip  C:\dev\abd-context-driven-delivery\contexts\base\context_spec.py
2026-07-19T02:33:56Z [post] skip  C:\dev\abd-context-driven-delivery
2026-07-19T02:34:00Z [pre ] skip  C:\dev\abd-context-driven-delivery\primitives\tools\tool.py
2026-07-19T02:34:00Z [read] skip  C:\dev\abd-context-driven-delivery\primitives\tools\tool.py
2026-07-19T02:34:01Z [post] skip  C:\dev\abd-context-driven-delivery\primitives\tools\tool.py
2026-07-19T02:34:10Z [pre ] FIRED  C:\dev\abd-context-driven-delivery\contexts\base\context.py  — 1 manifest line(s)
2026-07-19T02:34:11Z [read] FIRED  C:\dev\abd-context-driven-delivery\contexts\base\context.py  — 1 manifest line(s)
2026-07-19T02:34:11Z [post] FIRED  C:\dev\abd-context-driven-delivery\contexts\base\context.py  — 1 manifest line(s)
2026-07-19T02:34:12Z [pre ] FIRED  C:\dev\abd-context-driven-delivery\contexts\base\context.py  — 1 manifest line(s)
2026-07-19T02:34:13Z [post] FIRED  C:\dev\abd-context-driven-delivery\contexts\base\context.py  — 1 manifest line(s)
2026-07-19T02:34:14Z [pre ] skip  C:\dev\abd-context-driven-delivery\contexts\bdd\formats\python\bdd-template.py
2026-07-19T02:34:14Z [post] FIRED  C:\dev\abd-context-driven-delivery\contexts\base\context.py  — 1 manifest line(s)
2026-07-19T02:34:14Z [read] skip  C:\dev\abd-context-driven-delivery\contexts\bdd\formats\python\bdd-template.py
2026-07-19T02:34:15Z [post] skip  C:\dev\abd-context-driven-delivery\contexts\bdd\formats\python\bdd-template.py
2026-07-19T02:34:15Z [pre ] skip  C:\dev\abd-context-driven-delivery\contexts\bdd\formats\python\bdd-template.py
2026-07-19T02:34:16Z [post] FIRED  C:\dev\abd-context-driven-delivery\contexts\bdd\formats\python\bdd-template.py  — 3 manifest line(s)
2026-07-19T02:34:17Z [post] FIRED  C:\dev\abd-context-driven-delivery\contexts\bdd\formats\python\bdd-template.py  — 3 manifest line(s)
2026-07-19T14:17:26Z [pre ] skip  C:\dev\abd-context-driven-delivery\AGENTS.md
2026-07-19T14:17:27Z [read] skip  C:\dev\abd-context-driven-delivery\AGENTS.md
2026-07-19T14:17:27Z [post] skip  C:\dev\abd-context-driven-delivery
2026-07-19T14:17:28Z [post] skip  C:\dev\abd-context-driven-delivery\AGENTS.md
2026-07-19T14:17:53Z [pre ] skip  C:\dev\abd-context-driven-delivery\primitives\assets.py
s.py
2026-07-19T14:17:53Z [pre ] skip  C:\dev\abd-context-driven-delivery\primitives\misc\__init__.py
2026-07-19T14:17:54Z [read] skip  C:\dev\abd-context-driven-delivery\primitives\misc\__init__.py
2026-07-19T14:17:55Z [read] skip  C:\dev\abd-context-driven-delivery\primitives\instructions.py
2026-07-19T14:17:55Z [read] skip  C:\dev\abd-context-driven-delivery\primitives\assets.py
2026-07-19T14:17:55Z [pre ] skip  C:\dev\abd-context-driven-delivery\primitives\misc\assets.py
2026-07-19T14:17:55Z [pre ] skip  C:\dev\abd-context-driven-delivery\primitives\misc\instructions.py
2026-07-19T14:17:56Z [pre ] FIRED  C:\dev\abd-context-driven-delivery\primitives\misc\declared.py  — 3 manifest line(s)
2026-07-19T14:17:56Z [post] skip  C:\dev\abd-context-driven-delivery\primitives\instructions.py
2026-07-19T14:17:56Z [post] skip  C:\dev\abd-context-driven-delivery\primitives\misc\__init__.py
2026-07-19T14:17:57Z [post] skip  C:\dev\abd-context-driven-delivery\primitives\assets.py
2026-07-19T14:17:57Z [read] skip  C:\dev\abd-context-driven-delivery\primitives\misc\assets.py
2026-07-19T14:17:57Z [read] skip  C:\dev\abd-context-driven-delivery\primitives\misc\instructions.py
2026-07-19T14:17:58Z [post] skip  C:\dev\abd-context-driven-delivery\primitives\misc\assets.py
2026-07-19T14:17:58Z [post] skip  C:\dev\abd-context-driven-delivery\primitives\misc\instructions.py
2026-07-19T14:18:14Z [pre ] skip  C:\dev\abd-context-driven-delivery\primitives\misc\assets.py
2026-07-19T14:18:14Z [pre ] skip  C:\dev\abd-context-driven-delivery\primitives\misc\instructions.py
2026-07-19T14:18:15Z [pre ] FIRED  C:\dev\abd-context-driven-delivery\primitives\misc\declared.py  — 3 manifest line(s)
2026-07-19T14:18:15Z [pre ] skip  C:\dev\abd-context-driven-delivery\primitives\actions\__init__.py
2026-07-19T14:18:15Z [pre ] skip  C:\dev\abd-context-driven-delivery\primitives\misc\markdown_extractor.py
2026-07-19T14:18:16Z [read] skip  C:\dev\abd-context-driven-delivery\primitives\misc\assets.py
2026-07-19T14:18:16Z [read] skip  C:\dev\abd-context-driven-delivery\primitives\misc\instructions.py
2026-07-19T14:18:16Z [read] FIRED  C:\dev\abd-context-driven-delivery\primitives\misc\declared.py  — 3 manifest line(s)
2026-07-19T14:18:17Z [read] skip  C:\dev\abd-context-driven-delivery\primitives\actions\__init__.py
2026-07-19T14:18:17Z [read] skip  C:\dev\abd-context-driven-delivery\primitives\misc\markdown_extractor.py
2026-07-19T14:18:17Z [post] skip  C:\dev\abd-context-driven-delivery\primitives\misc\assets.py
2026-07-19T14:18:17Z [post] skip  C:\dev\abd-context-driven-delivery\primitives\misc\instructions.py
2026-07-19T14:18:17Z [post] skip  C:\dev\abd-context-driven-delivery\primitives\misc
2026-07-19T14:18:18Z [post] skip  C:\dev\abd-context-driven-delivery\primitives\actions\__init__.py
2026-07-19T14:18:18Z [post] skip  C:\dev\abd-context-driven-delivery\primitives\misc\markdown_extractor.py
2026-07-19T14:18:18Z [post] FIRED  C:\dev\abd-context-driven-delivery\primitives\misc\declared.py  — 3 manifest line(s)
2026-07-19T14:18:31Z [pre ] skip  C:\dev\abd-context-driven-delivery\primitives\misc\declared_spec.py
2026-07-19T14:18:31Z [pre ] skip  C:\dev\abd-context-driven-delivery\primitives\misc\instruction_spec.py
2026-07-19T14:18:31Z [pre ] skip  C:\dev\abd-context-driven-delivery\primitives\misc\asset_spec.py
2026-07-19T14:18:32Z [read] skip  C:\dev\abd-context-driven-delivery\primitives\misc\declared_spec.py
2026-07-19T14:18:32Z [read] skip  C:\dev\abd-context-driven-delivery\primitives\misc\instruction_spec.py
2026-07-19T14:18:32Z [read] skip  C:\dev\abd-context-driven-delivery\primitives\misc\asset_spec.py
2026-07-19T14:18:32Z [post] skip  C:\dev\abd-context-driven-delivery
2026-07-19T14:18:33Z [post] skip  C:\dev\abd-context-driven-delivery\primitives\misc\declared_spec.py
2026-07-19T14:18:33Z [post] skip  C:\dev\abd-context-driven-delivery\primitives\misc\instruction_spec.py
2026-07-19T14:18:33Z [post] skip  C:\dev\abd-context-driven-delivery\primitives\misc\asset_spec.py
2026-07-19T14:18:57Z [pre ] skip  C:\Users\thoma\.cursor\projects\c-dev-abd-context-driven-delivery\agent-tools\25a4788f-d527-49ea-a3fe-a06879ce9064.txt
2026-07-19T14:18:58Z [read] skip  C:\Users\thoma\.cursor\projects\c-dev-abd-context-driven-delivery\agent-tools\25a4788f-d527-49ea-a3fe-a06879ce9064.txt
2026-07-19T14:18:59Z [post] skip  C:\Users\thoma\.cursor\projects\c-dev-abd-context-driven-delivery\agent-tools\25a4788f-d527-49ea-a3fe-a06879ce9064.txt
2026-07-19T14:20:15Z [pre ] skip  C:\dev\abd-context-driven-delivery\primitives\misc\__init__.py
2026-07-19T14:20:16Z [pre ] skip  C:\dev\abd-context-driven-delivery\primitives\actions\action.py  — manifest ran but produced no output
2026-07-19T14:20:17Z [read] skip  C:\dev\abd-context-driven-delivery\primitives\misc\__init__.py
2026-07-19T14:20:18Z [post] skip  C:\dev\abd-context-driven-delivery
2026-07-19T14:20:18Z [read] skip  C:\dev\abd-context-driven-delivery\primitives\actions\action.py  — manifest ran but produced no output
2026-07-19T14:20:19Z [post] skip  C:\dev\abd-context-driven-delivery\primitives\misc\__init__.py
2026-07-19T14:20:20Z [post] skip  C:\dev\abd-context-driven-delivery\primitives\actions\action.py  — manifest ran but produced no output
2026-07-19T14:20:24Z [pre ] skip  C:\dev\abd-context-driven-delivery\primitives\assets\assets.py
2026-07-19T14:20:25Z [pre ] skip  C:\dev\abd-context-driven-delivery\primitives\declared\declared.py  — manifest ran but produced no output
2026-07-19T14:20:25Z [pre ] skip  C:\dev\abd-context-driven-delivery\primitives\instructions\instructions.py
2026-07-19T14:20:26Z [read] skip  C:\dev\abd-context-driven-delivery\primitives\assets\assets.py
2026-07-19T14:20:26Z [post] skip  C:\dev\abd-context-driven-delivery
2026-07-19T14:20:26Z [read] skip  C:\dev\abd-context-driven-delivery\primitives\instructions\instructions.py
2026-07-19T14:20:26Z [read] skip  C:\dev\abd-context-driven-delivery\primitives\declared\declared.py  — manifest ran but produced no output
2026-07-19T14:20:27Z [post] skip  C:\dev\abd-context-driven-delivery\primitives\assets\assets.py
2026-07-19T14:20:27Z [post] skip  C:\dev\abd-context-driven-delivery\primitives\instructions\instructions.py
2026-07-19T14:20:28Z [post] skip  C:\dev\abd-context-driven-delivery\primitives\declared\declared.py  — manifest ran but produced no output
2026-07-19T14:20:29Z [pre ] skip  C:\dev\abd-context-driven-delivery\primitives\assets\assets.py
2026-07-19T14:20:29Z [pre ] skip  C:\dev\abd-context-driven-delivery\primitives\instructions\instructions.py
2026-07-19T14:20:29Z [pre ] skip  C:\dev\abd-context-driven-delivery\primitives\declared\declared.py  — manifest ran but produced no output
2026-07-19T14:20:30Z [post] skip  C:\dev\abd-context-driven-delivery\primitives\assets\assets.py
2026-07-19T14:20:30Z [post] skip  C:\dev\abd-context-driven-delivery\primitives\instructions\instructions.py
2026-07-19T14:20:31Z [post] skip  C:\dev\abd-context-driven-delivery\primitives\declared\declared.py  — manifest ran but produced no output
2026-07-19T14:20:31Z [post] skip  C:\dev\abd-context-driven-delivery\primitives\assets\assets.py
2026-07-19T14:20:31Z [post] skip  C:\dev\abd-context-driven-delivery\primitives\instructions\instructions.py
2026-07-19T14:20:33Z [post] skip  C:\dev\abd-context-driven-delivery\primitives\declared\declared.py  — manifest ran but produced no output
2026-07-19T14:20:34Z [pre ] skip  C:\dev\abd-context-driven-delivery\primitives\instructions\instructions.py
2026-07-19T14:20:35Z [post] skip  C:\dev\abd-context-driven-delivery\primitives\instructions\instructions.py
2026-07-19T14:20:37Z [post] skip  C:\dev\abd-context-driven-delivery\primitives\instructions\instructions.py
2026-07-19T14:20:41Z [pre ] skip  C:\dev\abd-context-driven-delivery\primitives\instructions\instructions.py
2026-07-19T14:20:42Z [post] skip  C:\dev\abd-context-driven-delivery\primitives\instructions\instructions.py
2026-07-19T14:20:47Z [post] skip  C:\dev\abd-context-driven-delivery\primitives\instructions\instructions.py
2026-07-19T14:20:56Z [pre ] skip  C:\dev\abd-context-driven-delivery\primitives\markdown_extractor.py
2026-07-19T14:20:57Z [pre ] skip  C:\dev\abd-context-driven-delivery\primitives\misc\__init__.py
2026-07-19T14:20:58Z [post] skip  C:\dev\abd-context-driven-delivery\primitives\assets\__init__.py
2026-07-19T14:20:58Z [post] skip  C:\dev\abd-context-driven-delivery\primitives\declared\__init__.py
2026-07-19T14:20:58Z [post] skip  C:\dev\abd-context-driven-delivery\primitives\markdown_extractor.py
2026-07-19T14:20:59Z [read] skip  C:\dev\abd-context-driven-delivery\primitives\misc\__init__.py
2026-07-19T14:20:59Z [post] skip  C:\dev\abd-context-driven-delivery\primitives\instructions\__init__.py
2026-07-19T14:20:59Z [post] skip  C:\dev\abd-context-driven-delivery\primitives\assets\__init__.py
2026-07-19T14:20:59Z [post] skip  C:\dev\abd-context-driven-delivery\primitives\declared\__init__.py
2026-07-19T14:21:00Z [post] skip  C:\dev\abd-context-driven-delivery\primitives\markdown_extractor.py
2026-07-19T14:21:00Z [post] skip  C:\dev\abd-context-driven-delivery\primitives\misc\__init__.py
2026-07-19T14:21:01Z [post] skip  C:\dev\abd-context-driven-delivery\primitives\instructions\__init__.py
2026-07-19T14:21:02Z [pre ] skip  C:\dev\abd-context-driven-delivery\primitives\misc\__init__.py
2026-07-19T14:21:04Z [post] skip  C:\dev\abd-context-driven-delivery\primitives\misc\__init__.py
2026-07-19T14:21:06Z [post] skip  C:\dev\abd-context-driven-delivery\primitives\misc\__init__.py
2026-07-19T14:21:10Z [pre ] skip  C:\dev\abd-context-driven-delivery\contexts\base\context-behavior.md
2026-07-19T14:21:10Z [pre ] skip  C:\dev\abd-context-driven-delivery\primitives\misc\.context\module-context.md
2026-07-19T14:21:11Z [read] skip  C:\dev\abd-context-driven-delivery\contexts\base\context-behavior.md
2026-07-19T14:21:11Z [read] skip  C:\dev\abd-context-driven-delivery\primitives\misc\.context\module-context.md
2026-07-19T14:21:12Z [post] skip  C:\dev\abd-context-driven-delivery\primitives
2026-07-19T14:21:13Z [post] skip  C:\dev\abd-context-driven-delivery\contexts\base\context-behavior.md
2026-07-19T14:21:13Z [post] skip  C:\dev\abd-context-driven-delivery\primitives\misc\.context\module-context.md
2026-07-19T14:21:14Z [pre ] skip  C:\dev\abd-context-driven-delivery\contexts\base\context-behavior.md
2026-07-19T14:21:16Z [post] skip  C:\dev\abd-context-driven-delivery\contexts\base\context-behavior.md
2026-07-19T14:21:17Z [post] skip  C:\dev\abd-context-driven-delivery\contexts\base\context-behavior.md
2026-07-19T14:21:22Z [pre ] skip  C:\dev\abd-context-driven-delivery\primitives\misc\.context\module-context.md
2026-07-19T14:21:23Z [read] skip  C:\dev\abd-context-driven-delivery\primitives\misc\.context\module-context.md
2026-07-19T14:21:25Z [post] skip  C:\dev\abd-context-driven-delivery\primitives\misc\.context\module-context.md
2026-07-19T14:21:26Z [pre ] skip  C:\dev\abd-context-driven-delivery\primitives\misc\.context\module-context.md
2026-07-19T14:21:28Z [post] skip  C:\dev\abd-context-driven-delivery\primitives\misc\.context\module-context.md
2026-07-19T14:21:29Z [post] skip  C:\dev\abd-context-driven-delivery\primitives\misc\.context\module-context.md
2026-07-19T14:22:03Z [pre ] skip  C:\dev\abd-context-driven-delivery\primitives\instructions\instructions.py
2026-07-19T14:22:04Z [post] skip  C:\dev\abd-context-driven-delivery\primitives\instructions\instructions.py
2026-07-19T14:23:19Z [post] skip  C:\dev\abd-context-driven-delivery
2026-07-19T14:23:59Z [post] skip  C:\dev\abd-context-driven-delivery
2026-07-19T14:24:02Z [pre ] skip  C:\dev\abd-context-driven-delivery\primitives\markdown_extractor.py
2026-07-19T14:24:02Z [pre ] skip  C:\dev\abd-context-driven-delivery\primitives\assets\markdown_extractor_spec.py
2026-07-19T14:24:03Z [read] skip  C:\dev\abd-context-driven-delivery\primitives\assets\markdown_extractor_spec.py
2026-07-19T14:24:03Z [post] skip  C:\dev\abd-context-driven-delivery\primitives\markdown_extractor.py
2026-07-19T14:24:04Z [post] skip  C:\dev\abd-context-driven-delivery\primitives\assets\markdown_extractor_spec.py
2026-07-19T14:24:05Z [pre ] skip  C:\dev\abd-context-driven-delivery\primitives\assets\markdown_extractor_spec.py
2026-07-19T14:24:06Z [post] skip  C:\dev\abd-context-driven-delivery\primitives\assets\markdown_extractor_spec.py
2026-07-19T14:24:07Z [post] skip  C:\dev\abd-context-driven-delivery\primitives\assets\markdown_extractor_spec.py
2026-07-19T14:45:18Z [post] skip  C:\dev\abd-context-driven-delivery\contexts\clean_engineering
2026-07-19T14:45:18Z [post] skip  C:\dev\abd-context-driven-delivery\contexts\clean_engineering
2026-07-19T14:45:18Z [post] skip  C:\dev\abd-context-driven-delivery\contexts\clean_engineering
2026-07-19T14:45:18Z [post] skip  C:\dev\abd-context-driven-delivery\contexts\clean_engineering
2026-07-19T14:45:22Z [pre ] skip  C:\dev\abd-context-driven-delivery\contexts\clean_engineering\.context\rethinking-fidelity-and-process.md
2026-07-19T14:45:22Z [pre ] skip  C:\dev\abd-context-driven-delivery\contexts\clean_engineering\templates\clean_engineering-templates.py  — manifest ran but produced no output
2026-07-19T14:45:23Z [pre ] skip  C:\dev\abd-context-driven-delivery\contexts\clean_engineering\clean_engineering.md
2026-07-19T14:45:23Z [read] skip  C:\dev\abd-context-driven-delivery\contexts\clean_engineering\.context\rethinking-fidelity-and-process.md
2026-07-19T14:45:23Z [pre ] skip  C:\dev\abd-context-driven-delivery\contexts\clean_engineering\.context\ooad-model.md
2026-07-19T14:45:24Z [read] skip  C:\dev\abd-context-driven-delivery\contexts\clean_engineering\templates\clean_engineering-templates.py  — manifest ran but produced no output
2026-07-19T14:45:24Z [read] skip  C:\dev\abd-context-driven-delivery\contexts\clean_engineering\clean_engineering.md
2026-07-19T14:45:24Z [read] skip  C:\dev\abd-context-driven-delivery\contexts\clean_engineering\.context\ooad-model.md
2026-07-19T14:45:24Z [post] skip  C:\dev\abd-context-driven-delivery\contexts\clean_engineering\.context\rethinking-fidelity-and-process.md
2026-07-19T14:45:25Z [post] skip  C:\dev\abd-context-driven-delivery\contexts\clean_engineering
2026-07-19T14:45:25Z [post] skip  C:\dev\abd-context-driven-delivery\contexts\clean_engineering
2026-07-19T14:45:25Z [post] skip  C:\dev\abd-context-driven-delivery\contexts\clean_engineering\templates\clean_engineering-templates.py  — manifest ran but produced no output
2026-07-19T14:45:25Z [post] skip  C:\dev\abd-context-driven-delivery\contexts\clean_engineering
2026-07-19T14:45:25Z [post] skip  C:\dev\abd-context-driven-delivery\contexts\clean_engineering
2026-07-19T14:45:25Z [post] skip  C:\dev\abd-context-driven-delivery\contexts\clean_engineering\clean_engineering.md
2026-07-19T14:45:25Z [post] skip  C:\dev\abd-context-driven-delivery\contexts\clean_engineering\.context\ooad-model.md
2026-07-19T14:45:30Z [pre ] skip  C:\dev\abd-context-driven-delivery\contexts\clean_engineering\contexts.md
2026-07-19T14:45:30Z [pre ] skip  C:\dev\abd-context-driven-delivery\contexts\clean_engineering\clean_engineering.py  — manifest ran but produced no output
2026-07-19T14:45:31Z [read] skip  C:\dev\abd-context-driven-delivery\contexts\clean_engineering\contexts.md
2026-07-19T14:45:31Z [post] skip  C:\dev\abd-context-driven-delivery\contexts\clean_engineering
2026-07-19T14:45:31Z [post] skip  C:\dev\abd-context-driven-delivery\contexts\clean_engineering
2026-07-19T14:45:31Z [post] skip  C:\dev\abd-context-driven-delivery\contexts\clean_engineering
2026-07-19T14:45:32Z [post] skip  C:\dev\abd-context-driven-delivery\contexts\clean_engineering
2026-07-19T14:45:32Z [post] skip  C:\dev\abd-context-driven-delivery\contexts
2026-07-19T14:45:32Z [read] skip  C:\dev\abd-context-driven-delivery\contexts\clean_engineering\clean_engineering.py  — manifest ran but produced no output
2026-07-19T14:45:32Z [post] skip  C:\dev\abd-context-driven-delivery\contexts\clean_engineering\contexts.md
2026-07-19T14:45:33Z [post] skip  C:\dev\abd-context-driven-delivery\contexts\clean_engineering\clean_engineering.py  — manifest ran but produced no output
2026-07-19T14:45:39Z [pre ] skip  C:\dev\abd-context-driven-delivery\contexts\clean_engineering\templates\clean_engineering-templates.md
2026-07-19T14:45:40Z [pre ] skip  C:\dev\abd-context-driven-delivery\contexts\clean_engineering\examples\examples.md
2026-07-19T14:45:40Z [pre ] skip  C:\dev\abd-context-driven-delivery\contexts\clean_engineering\class_model\python_class_model.py
2026-07-19T14:45:40Z [pre ] skip  C:\dev\abd-context-driven-delivery\contexts\clean_engineering\class_model\base_class_model.py
2026-07-19T14:45:40Z [pre ] skip  C:\dev\abd-context-driven-delivery\contexts\clean_engineering\.context\ooad-clean-code-sharing-sketch.md
2026-07-19T14:45:40Z [pre ] skip  C:\dev\abd-context-driven-delivery\contexts\clean_engineering\examples\examples.py  — manifest ran but produced no output
2026-07-19T14:45:41Z [pre ] skip  C:\dev\abd-context-driven-delivery\contexts\clean_engineering\.context\grill-answers.md
2026-07-19T14:45:41Z [read] skip  C:\dev\abd-context-driven-delivery\contexts\clean_engineering\templates\clean_engineering-templates.md
2026-07-19T14:45:41Z [read] skip  C:\dev\abd-context-driven-delivery\contexts\clean_engineering\examples\examples.md
2026-07-19T14:45:41Z [read] skip  C:\dev\abd-context-driven-delivery\contexts\clean_engineering\class_model\python_class_model.py
2026-07-19T14:45:41Z [read] skip  C:\dev\abd-context-driven-delivery\contexts\clean_engineering\class_model\base_class_model.py
2026-07-19T14:45:42Z [read] skip  C:\dev\abd-context-driven-delivery\contexts\clean_engineering\.context\ooad-clean-code-sharing-sketch.md
2026-07-19T14:45:42Z [read] skip  C:\dev\abd-context-driven-delivery\contexts\clean_engineering\examples\examples.py  — manifest ran but produced no output
2026-07-19T14:45:42Z [read] skip  C:\dev\abd-context-driven-delivery\contexts\clean_engineering\.context\grill-answers.md
2026-07-19T14:45:42Z [post] skip  C:\dev\abd-context-driven-delivery\contexts\clean_engineering\templates\clean_engineering-templates.md
2026-07-19T14:45:42Z [post] skip  C:\dev\abd-context-driven-delivery\contexts\clean_engineering\examples\examples.md
2026-07-19T14:45:43Z [post] skip  C:\dev\abd-context-driven-delivery\contexts\clean_engineering\class_model\base_class_model.py
2026-07-19T14:45:43Z [post] skip  C:\dev\abd-context-driven-delivery\contexts\clean_engineering\class_model\python_class_model.py
2026-07-19T14:45:43Z [post] skip  C:\dev\abd-context-driven-delivery\contexts\clean_engineering\.context\ooad-clean-code-sharing-sketch.md
2026-07-19T14:45:43Z [post] skip  C:\dev\abd-context-driven-delivery\contexts\clean_engineering\.context\grill-answers.md
2026-07-19T14:45:43Z [post] skip  C:\dev\abd-context-driven-delivery\contexts\clean_engineering\examples\examples.py  — manifest ran but produced no output
2026-07-19T14:45:50Z [pre ] skip  C:\dev\abd-context-driven-delivery\contexts\clean_engineering\class_model\python_class_model.py
2026-07-19T14:45:50Z [pre ] skip  C:\dev\abd-context-driven-delivery\contexts\clean_engineering\class_model\markdown_class_model.py
2026-07-19T14:45:51Z [read] skip  C:\dev\abd-context-driven-delivery\contexts\clean_engineering\class_model\markdown_class_model.py
2026-07-19T14:45:51Z [read] skip  C:\dev\abd-context-driven-delivery\contexts\clean_engineering\class_model\python_class_model.py
2026-07-19T14:45:51Z [post] skip  C:\dev\abd-context-driven-delivery\contexts\clean_engineering
2026-07-19T14:45:51Z [post] skip  C:\dev\abd-context-driven-delivery\contexts\clean_engineering
2026-07-19T14:45:51Z [post] skip  C:\dev\abd-context-driven-delivery\contexts\clean_engineering
2026-07-19T14:45:52Z [post] skip  C:\dev\abd-context-driven-delivery\contexts\clean_engineering\class_model\markdown_class_model.py
2026-07-19T14:45:52Z [post] skip  C:\dev\abd-context-driven-delivery\contexts\clean_engineering\class_model\python_class_model.py
2026-07-19T14:45:52Z [post] skip  C:\dev\abd-context-driven-delivery\contexts\cdd
2026-07-19T14:46:01Z [pre ] skip  C:\dev\abd-context-driven-delivery\contexts\clean_engineering\class_model\typescript_class_model.py
2026-07-19T14:46:01Z [pre ] skip  C:\dev\abd-context-driven-delivery\contexts\clean_engineering\scanners\deep_module_scanner.py
2026-07-19T14:46:02Z [read] skip  C:\dev\abd-context-driven-delivery\contexts\clean_engineering\class_model\typescript_class_model.py
2026-07-19T14:46:02Z [read] skip  C:\dev\abd-context-driven-delivery\contexts\clean_engineering\scanners\deep_module_scanner.py
2026-07-19T14:46:02Z [post] skip  C:\dev\abd-context-driven-delivery\contexts\clean_engineering
2026-07-19T14:46:03Z [post] skip  C:\dev\abd-context-driven-delivery\contexts\clean_engineering\class_model\typescript_class_model.py
2026-07-19T14:46:03Z [post] skip  C:\dev\abd-context-driven-delivery\contexts\clean_engineering\scanners\deep_module_scanner.py
2026-07-19T15:28:38Z [post] skip  C:\dev\abd-context-driven-delivery\contexts\clean_engineering\class_model
2026-07-19T16:02:01Z [pre ] skip  C:\dev\abd-context-driven-delivery\contexts\clean_engineering\contexts.md
2026-07-19T16:02:01Z [pre ] skip  C:\dev\abd-context-driven-delivery\contexts\clean_engineering\templates\clean_engineering-templates.py  — manifest ran but produced no output
2026-07-19T16:02:02Z [post] skip  C:\dev\abd-context-driven-delivery
2026-07-19T16:02:02Z [read] skip  C:\dev\abd-context-driven-delivery\contexts\clean_engineering\contexts.md
2026-07-19T16:02:03Z [read] skip  C:\dev\abd-context-driven-delivery\contexts\clean_engineering\templates\clean_engineering-templates.py  — manifest ran but produced no output
2026-07-19T16:02:03Z [post] skip  C:\dev\abd-context-driven-delivery\contexts\clean_engineering\contexts.md
2026-07-19T16:02:04Z [post] skip  C:\dev\abd-context-driven-delivery\contexts\clean_engineering\templates\clean_engineering-templates.py  — manifest ran but produced no output
2026-07-19T16:02:11Z [pre ] skip  C:\dev\abd-context-driven-delivery\contexts\clean_engineering\class_model\base_class_model.py
2026-07-19T16:02:11Z [pre ] skip  C:\dev\abd-context-driven-delivery\contexts\clean_engineering\class_model\python_class_model.py
2026-07-19T16:02:12Z [pre ] skip  C:\dev\abd-context-driven-delivery\contexts\clean_engineering\class_model\java_class_model.py
2026-07-19T16:02:12Z [read] skip  C:\dev\abd-context-driven-delivery\contexts\clean_engineering\class_model\python_class_model.py
2026-07-19T16:02:12Z [read] skip  C:\dev\abd-context-driven-delivery\contexts\clean_engineering\class_model\base_class_model.py
2026-07-19T16:02:12Z [pre ] skip  C:\dev\abd-context-driven-delivery\contexts\clean_engineering\examples\examples.py  — manifest ran but produced no output
2026-07-19T16:02:12Z [pre ] skip  C:\dev\abd-context-driven-delivery\contexts\clean_engineering\templates\clean_engineering-templates.md
2026-07-19T16:02:13Z [read] skip  C:\dev\abd-context-driven-delivery\contexts\clean_engineering\class_model\java_class_model.py
2026-07-19T16:02:13Z [post] skip  C:\dev\abd-context-driven-delivery\contexts\clean_engineering\class_model
2026-07-19T16:02:14Z [post] skip  C:\dev\abd-context-driven-delivery\contexts\clean_engineering\class_model\python_class_model.py
2026-07-19T16:02:14Z [post] skip  C:\dev\abd-context-driven-delivery\contexts\clean_engineering\class_model\base_class_model.py
2026-07-19T16:02:14Z [read] skip  C:\dev\abd-context-driven-delivery\contexts\clean_engineering\templates\clean_engineering-templates.md
2026-07-19T16:02:14Z [post] skip  C:\dev\abd-context-driven-delivery\contexts\clean_engineering\class_model\java_class_model.py
2026-07-19T16:02:14Z [read] skip  C:\dev\abd-context-driven-delivery\contexts\clean_engineering\examples\examples.py  — manifest ran but produced no output
2026-07-19T16:02:15Z [post] skip  C:\dev\abd-context-driven-delivery\contexts\clean_engineering\templates\clean_engineering-templates.md
2026-07-19T16:02:15Z [post] skip  C:\dev\abd-context-driven-delivery\contexts\clean_engineering\examples\examples.py  — manifest ran but produced no output
2026-07-19T16:02:18Z [pre ] skip  C:\dev\abd-context-driven-delivery\contexts\clean_engineering\class_model\base_class_model.py
2026-07-19T16:02:19Z [pre ] skip  C:\dev\abd-context-driven-delivery\contexts\clean_engineering\class_model\java_class_model.py
2026-07-19T16:02:19Z [pre ] skip  C:\dev\abd-context-driven-delivery\contexts\clean_engineering\class_model\typescript_class_model.py
2026-07-19T16:02:20Z [pre ] skip  C:\dev\abd-context-driven-delivery\contexts\clean_engineering\clean_engineering.md
2026-07-19T16:02:20Z [read] skip  C:\dev\abd-context-driven-delivery\contexts\clean_engineering\class_model\base_class_model.py
2026-07-19T16:02:20Z [read] skip  C:\dev\abd-context-driven-delivery\contexts\clean_engineering\class_model\java_class_model.py
2026-07-19T16:02:20Z [read] skip  C:\dev\abd-context-driven-delivery\contexts\clean_engineering\class_model\typescript_class_model.py
2026-07-19T16:02:21Z [read] skip  C:\dev\abd-context-driven-delivery\contexts\clean_engineering\clean_engineering.md
2026-07-19T16:02:21Z [post] skip  C:\dev\abd-context-driven-delivery\contexts\clean_engineering\class_model\base_class_model.py
2026-07-19T16:02:21Z [post] skip  C:\dev\abd-context-driven-delivery\contexts\clean_engineering
2026-07-19T16:02:21Z [post] skip  C:\dev\abd-context-driven-delivery\contexts\clean_engineering\class_model\java_class_model.py
2026-07-19T16:02:21Z [post] skip  C:\dev\abd-context-driven-delivery\contexts\clean_engineering\class_model\typescript_class_model.py
2026-07-19T16:02:22Z [post] skip  C:\dev\abd-context-driven-delivery\contexts\clean_engineering\clean_engineering.md
2026-07-19T16:02:37Z [pre ] skip  C:\dev\abd-context-driven-delivery\contexts\clean_engineering\class_model\javascript_class_model.py
2026-07-19T16:02:37Z [pre ] skip  C:\dev\abd-context-driven-delivery\contexts\clean_engineering\class_model\markdown_class_model.py
2026-07-19T16:02:38Z [pre ] skip  C:\dev\abd-context-driven-delivery\contexts\clean_engineering\clean_engineering.md
2026-07-19T16:02:38Z [post] skip  C:\dev\abd-context-driven-delivery\contexts\clean_engineering
2026-07-19T16:02:38Z [read] skip  C:\dev\abd-context-driven-delivery\contexts\clean_engineering\class_model\javascript_class_model.py
2026-07-19T16:02:38Z [pre ] skip  C:\dev\abd-context-driven-delivery\contexts\clean_engineering\examples\examples.py  — manifest ran but produced no output
2026-07-19T16:02:38Z [read] skip  C:\dev\abd-context-driven-delivery\contexts\clean_engineering\class_model\markdown_class_model.py
2026-07-19T16:02:39Z [read] skip  C:\dev\abd-context-driven-delivery\contexts\clean_engineering\clean_engineering.md
2026-07-19T16:02:39Z [post] skip  C:\dev\abd-context-driven-delivery\contexts\clean_engineering\class_model\javascript_class_model.py
2026-07-19T16:02:39Z [post] skip  C:\dev\abd-context-driven-delivery\contexts\clean_engineering\class_model\markdown_class_model.py
2026-07-19T16:02:39Z [read] skip  C:\dev\abd-context-driven-delivery\contexts\clean_engineering\examples\examples.py  — manifest ran but produced no output
2026-07-19T16:02:40Z [post] skip  C:\dev\abd-context-driven-delivery\contexts\clean_engineering\clean_engineering.md
2026-07-19T16:02:40Z [post] skip  C:\dev\abd-context-driven-delivery\contexts\clean_engineering\examples\examples.py  — manifest ran but produced no output
2026-07-19T16:02:59Z [pre ] skip  C:\dev\abd-context-driven-delivery\contexts\clean_engineering\.context\grill-answers.md
2026-07-19T16:03:00Z [read] skip  C:\dev\abd-context-driven-delivery\contexts\clean_engineering\.context\grill-answers.md
2026-07-19T16:03:00Z [post] skip  C:\dev\abd-context-driven-delivery\contexts\clean_engineering
2026-07-19T16:03:01Z [post] skip  C:\dev\abd-context-driven-delivery\contexts\clean_engineering\.context\grill-answers.md
2026-07-19T16:03:08Z [pre ] skip  C:\dev\abd-context-driven-delivery\contexts\clean_engineering\class_model\base_class_model.py
2026-07-19T16:03:10Z [read] skip  C:\dev\abd-context-driven-delivery\contexts\clean_engineering\class_model\base_class_model.py
2026-07-19T16:03:11Z [post] skip  C:\dev\abd-context-driven-delivery\contexts\clean_engineering\class_model\base_class_model.py
2026-07-19T16:03:13Z [pre ] skip  C:\dev\abd-context-driven-delivery\contexts\clean_engineering\class_model\base_class_model.py
2026-07-19T16:03:14Z [post] skip  C:\dev\abd-context-driven-delivery\contexts\clean_engineering\class_model\base_class_model.py
2026-07-19T16:03:16Z [post] skip  C:\dev\abd-context-driven-delivery\contexts\clean_engineering\class_model\base_class_model.py
2026-07-19T16:03:20Z [pre ] skip  C:\dev\abd-context-driven-delivery\contexts\clean_engineering\contexts.md
2026-07-19T16:03:21Z [read] skip  C:\dev\abd-context-driven-delivery\contexts\clean_engineering\contexts.md
2026-07-19T16:03:22Z [post] skip  C:\dev\abd-context-driven-delivery\contexts\clean_engineering\contexts.md
2026-07-19T16:03:24Z [pre ] skip  C:\dev\abd-context-driven-delivery\contexts\clean_engineering\contexts.md
2026-07-19T16:03:24Z [pre ] skip  C:\dev\abd-context-driven-delivery\contexts\clean_engineering\clean_engineering.md
2026-07-19T16:03:25Z [post] skip  C:\dev\abd-context-driven-delivery\contexts\clean_engineering\contexts.md
2026-07-19T16:03:25Z [read] skip  C:\dev\abd-context-driven-delivery\contexts\clean_engineering\clean_engineering.md
2026-07-19T16:03:26Z [post] skip  C:\dev\abd-context-driven-delivery\contexts\clean_engineering\contexts.md
2026-07-19T16:03:26Z [post] skip  C:\dev\abd-context-driven-delivery\contexts\clean_engineering\clean_engineering.md
2026-07-19T16:03:28Z [pre ] skip  C:\dev\abd-context-driven-delivery\contexts\clean_engineering\clean_engineering.md
2026-07-19T16:03:29Z [post] skip  C:\dev\abd-context-driven-delivery\contexts\clean_engineering\clean_engineering.md
2026-07-19T16:03:30Z [post] skip  C:\dev\abd-context-driven-delivery\contexts\clean_engineering\clean_engineering.md
2026-07-19T16:03:58Z [pre ] skip  C:\dev\abd-context-driven-delivery\contexts\clean_engineering\class_model\python_class_model.py
2026-07-19T16:03:59Z [read] skip  C:\dev\abd-context-driven-delivery\contexts\clean_engineering\class_model\python_class_model.py
2026-07-19T16:04:00Z [post] skip  C:\dev\abd-context-driven-delivery\contexts\clean_engineering\class_model\python_class_model.py
2026-07-19T16:06:30Z [post] skip  C:\dev\abd-context-driven-delivery\contexts\clean_engineering
2026-07-19T16:06:43Z [post] skip  C:\dev\abd-context-driven-delivery\contexts\clean_engineering
2026-07-19T16:06:43Z [post] skip  C:\dev\abd-context-driven-delivery\contexts\clean_engineering
2026-07-19T16:06:43Z [post] skip  C:\dev\abd-context-driven-delivery\contexts\clean_engineering
2026-07-19T16:06:49Z [pre ] skip  C:\dev\abd-context-driven-delivery\contexts\clean_engineering\class_model\base_class_model_spec.py
2026-07-19T16:06:49Z [pre ] skip  C:\dev\abd-context-driven-delivery\contexts\clean_engineering\clean_engineering_transform_spec.py
2026-07-19T16:06:49Z [pre ] skip  C:\dev\abd-context-driven-delivery\contexts\clean_engineering\clean_engineering_spec.py
2026-07-19T16:06:50Z [post] skip  C:\dev\abd-context-driven-delivery\contexts\clean_engineering\class_model\base_class_model_spec.py
2026-07-19T16:06:50Z [post] skip  C:\dev\abd-context-driven-delivery\contexts\clean_engineering\clean_engineering_transform_spec.py
2026-07-19T16:06:50Z [post] skip  C:\dev\abd-context-driven-delivery\contexts\clean_engineering\clean_engineering_spec.py
2026-07-19T16:07:04Z [pre ] skip  C:\Users\thoma\.cursor\projects\c-dev-abd-context-driven-delivery\agent-tools\6282b2fa-3152-4754-ae81-00ead697cfc0.txt
2026-07-19T16:07:04Z [pre ] skip  C:\Users\thoma\.cursor\projects\c-dev-abd-context-driven-delivery\agent-tools\6282b2fa-3152-4754-ae81-00ead697cfc0.txt
2026-07-19T16:07:05Z [read] skip  C:\Users\thoma\.cursor\projects\c-dev-abd-context-driven-delivery\agent-tools\6282b2fa-3152-4754-ae81-00ead697cfc0.txt
2026-07-19T16:07:05Z [post] skip  C:\Users\thoma\.cursor\projects\c-dev-abd-context-driven-delivery\agent-tools\6282b2fa-3152-4754-ae81-00ead697cfc0.txt
2026-07-19T16:07:06Z [post] skip  C:\Users\thoma\.cursor\projects\c-dev-abd-context-driven-delivery\agent-tools\6282b2fa-3152-4754-ae81-00ead697cfc0.txt
2026-07-19T16:07:51Z [post] skip  C:\dev\abd-context-driven-delivery
2026-07-19T16:07:51Z [post] skip  C:\dev\abd-context-driven-delivery
2026-07-19T16:08:00Z [pre ] skip  C:\dev\abd-context-driven-delivery\utilities\agent_skills\.deploy-state.json
2026-07-19T16:08:00Z [pre ] skip  C:\Users\thoma\.cursor\projects\c-dev-abd-context-driven-delivery\terminals\1.txt
2026-07-19T16:08:00Z [pre ] FIRED  C:\dev\abd-context-driven-delivery\utilities\agent_skills\agent_skills.py  — 1 manifest line(s)
2026-07-19T16:08:01Z [read] skip  C:\dev\abd-context-driven-delivery\utilities\agent_skills\.deploy-state.json
2026-07-19T16:08:01Z [read] skip  C:\Users\thoma\.cursor\projects\c-dev-abd-context-driven-delivery\terminals\1.txt
2026-07-19T16:08:01Z [post] skip  C:\dev\abd-context-driven-delivery\primitives\tools
2026-07-19T16:08:02Z [read] FIRED  C:\dev\abd-context-driven-delivery\utilities\agent_skills\agent_skills.py  — 1 manifest line(s)
2026-07-19T16:08:02Z [post] skip  C:\dev\abd-context-driven-delivery\utilities\agent_skills\.deploy-state.json
2026-07-19T16:08:02Z [post] skip  C:\Users\thoma\.cursor\projects\c-dev-abd-context-driven-delivery\terminals\1.txt
2026-07-19T16:08:03Z [post] FIRED  C:\dev\abd-context-driven-delivery\utilities\agent_skills\agent_skills.py  — 1 manifest line(s)
2026-07-19T16:08:07Z [pre ] skip  C:\dev\abd-context-driven-delivery\primitives\tools\cli.py
2026-07-19T16:08:08Z [pre ] skip  C:\dev\abd-context-driven-delivery\utilities\agent_skills\log-action-requests.txt
2026-07-19T16:08:09Z [post] skip  C:\dev\abd-context-driven-delivery\primitives\tools\cli.py
2026-07-19T16:08:09Z [read] skip  C:\dev\abd-context-driven-delivery\utilities\agent_skills\log-action-requests.txt
2026-07-19T16:08:11Z [post] skip  C:\dev\abd-context-driven-delivery\utilities\agent_skills\log-action-requests.txt
2026-07-19T16:08:15Z [pre ] FIRED  C:\dev\abd-context-driven-delivery\utilities\agent_skills\agent_skills.py  — 1 manifest line(s)
2026-07-19T16:08:16Z [post] skip  C:\dev\abd-context-driven-delivery\utilities\agent_skills
2026-07-19T16:08:16Z [read] FIRED  C:\dev\abd-context-driven-delivery\utilities\agent_skills\agent_skills.py  — 1 manifest line(s)
2026-07-19T16:08:18Z [post] FIRED  C:\dev\abd-context-driven-delivery\utilities\agent_skills\agent_skills.py  — 1 manifest line(s)
2026-07-19T16:08:40Z [pre ] skip  C:\dev\abd-context-driven-delivery\primitives\tools\tool.py
2026-07-19T16:08:40Z [pre ] FIRED  C:\dev\abd-context-driven-delivery\utilities\agent_skills\agent_skills.py  — 1 manifest line(s)
2026-07-19T16:08:41Z [post] skip  C:\dev\abd-context-driven-delivery\primitives\tools\tool.py
2026-07-19T16:08:41Z [post] skip  C:\dev\abd-context-driven-delivery\primitives\actions
2026-07-19T16:08:41Z [read] FIRED  C:\dev\abd-context-driven-delivery\utilities\agent_skills\agent_skills.py  — 1 manifest line(s)
2026-07-19T16:08:43Z [post] FIRED  C:\dev\abd-context-driven-delivery\utilities\agent_skills\agent_skills.py  — 1 manifest line(s)
2026-07-19T16:10:33Z [pre ] skip  C:\dev\abd-context-driven-delivery\contexts\.context\story_demo.drawio
2026-07-19T16:10:34Z [read] skip  C:\dev\abd-context-driven-delivery\contexts\.context\story_demo.drawio
2026-07-19T16:10:35Z [post] skip  C:\dev\abd-context-driven-delivery\contexts\.context\story_demo.drawio
2026-07-19T16:10:42Z [post] skip  C:\dev\abd-context-driven-delivery\contexts
2026-07-19T16:10:42Z [post] skip  C:\dev\abd-context-driven-delivery
2026-07-19T16:11:03Z [pre ] skip  C:\dev\abd-context-driven-delivery\.cursor\skills\cdd\SKILL.md
2026-07-19T16:11:03Z [pre ] skip  C:\dev\abd-context-driven-delivery\primitives\tools\__main__.py
2026-07-19T16:11:04Z [read] skip  C:\dev\abd-context-driven-delivery\primitives\tools\__main__.py
2026-07-19T16:11:04Z [read] skip  C:\dev\abd-context-driven-delivery\.cursor\skills\cdd\SKILL.md
2026-07-19T16:11:05Z [post] skip  C:\dev\abd-context-driven-delivery
2026-07-19T16:11:05Z [post] skip  C:\dev\abd-context-driven-delivery
2026-07-19T16:11:06Z [post] skip  C:\dev\abd-context-driven-delivery\primitives\tools\__main__.py
2026-07-19T16:11:06Z [post] skip  C:\dev\abd-context-driven-delivery\.cursor\skills\cdd\SKILL.md
2026-07-19T16:11:09Z [pre ] skip  C:\dev\abd-context-driven-delivery\contexts\cdd\cdd.py  — manifest ran but produced no output
2026-07-19T16:11:10Z [read] skip  C:\dev\abd-context-driven-delivery\contexts\cdd\cdd.py  — manifest ran but produced no output
2026-07-19T16:11:11Z [post] skip  C:\dev\abd-context-driven-delivery\contexts\cdd\cdd.py  — manifest ran but produced no output
2026-07-19T16:11:18Z [pre ] skip  c:\Users\thoma\.cursor\projects\c-dev-abd-context-driven-delivery\terminals\1.txt
2026-07-19T16:11:19Z [read] skip  c:\Users\thoma\.cursor\projects\c-dev-abd-context-driven-delivery\terminals\1.txt
2026-07-19T16:11:20Z [post] skip  c:\Users\thoma\.cursor\projects\c-dev-abd-context-driven-delivery\terminals\1.txt
2026-07-19T16:11:35Z [post] skip  C:\dev\abd-context-driven-delivery
2026-07-19T16:11:36Z [post] skip  C:\dev\abd-context-driven-delivery\utilities
2026-07-19T16:11:36Z [post] skip  C:\dev\abd-context-driven-delivery
2026-07-19T16:11:38Z [pre ] skip  C:\dev\abd-context-driven-delivery\utilities\session_logging\session_log_spec.py
2026-07-19T16:11:39Z [read] skip  C:\dev\abd-context-driven-delivery\utilities\session_logging\session_log_spec.py
2026-07-19T16:11:39Z [post] skip  C:\dev\abd-context-driven-delivery\utilities
2026-07-19T16:11:39Z [post] skip  C:\dev\abd-context-driven-delivery\.cursor
2026-07-19T16:11:40Z [post] skip  C:\dev\abd-context-driven-delivery\utilities\session_logging\session_log_spec.py
2026-07-19T16:11:55Z [pre ] skip  C:\dev\abd-context-driven-delivery\.cursor\skills\contexts\SKILL.md
2026-07-19T16:11:56Z [post] skip  C:\dev\abd-context-driven-delivery
2026-07-19T16:11:56Z [read] skip  C:\dev\abd-context-driven-delivery\.cursor\skills\contexts\SKILL.md
2026-07-19T16:11:56Z [post] skip  C:\dev\abd-context-driven-delivery
2026-07-19T16:11:57Z [post] skip  C:\dev\abd-context-driven-delivery\.cursor\skills\contexts\SKILL.md
2026-07-19T16:12:00Z [pre ] skip  C:\dev\abd-context-driven-delivery\.cursor\skills\grill-context\SKILL.md
2026-07-19T16:12:01Z [read] skip  C:\dev\abd-context-driven-delivery\.cursor\skills\grill-context\SKILL.md
2026-07-19T16:12:02Z [post] skip  C:\dev\abd-context-driven-delivery
2026-07-19T16:12:02Z [post] skip  C:\dev\abd-context-driven-delivery\.cursor\skills\grill-context\SKILL.md
2026-07-19T16:12:50Z [pre ] skip  C:\dev\abd-context-driven-delivery\grill_context\grill_context.py  — manifest ran but produced no output
2026-07-19T16:12:51Z [post] skip  C:\dev\abd-context-driven-delivery
2026-07-19T16:12:51Z [read] skip  C:\dev\abd-context-driven-delivery\grill_context\grill_context.py  — manifest ran but produced no output
2026-07-19T16:12:52Z [post] skip  C:\dev\abd-context-driven-delivery\grill_context\grill_context.py  — manifest ran but produced no output
2026-07-19T16:13:26Z [pre ] skip  C:\dev\abd-context-driven-delivery\utilities\sketch\_decorator.py
2026-07-19T16:13:26Z [pre ] skip  C:\dev\abd-context-driven-delivery\grill_context\__init__.py
2026-07-19T16:13:27Z [post] skip  C:\dev\abd-context-driven-delivery\grill_context
2026-07-19T16:13:27Z [read] skip  C:\dev\abd-context-driven-delivery\utilities\sketch\_decorator.py
2026-07-19T16:13:27Z [read] skip  C:\dev\abd-context-driven-delivery\grill_context\__init__.py
2026-07-19T16:13:28Z [post] skip  C:\dev\abd-context-driven-delivery\utilities\sketch\_decorator.py
2026-07-19T16:13:28Z [post] skip  C:\dev\abd-context-driven-delivery\grill_context\__init__.py
2026-07-19T16:13:31Z [pre ] skip  C:\dev\abd-context-driven-delivery\grill_context\examples\demo.py
2026-07-19T16:13:31Z [pre ] skip  C:\dev\abd-context-driven-delivery\grill_context\_decorator.py
2026-07-19T16:13:31Z [pre ] skip  C:\dev\abd-context-driven-delivery\grill_context\grill_context_decorator_spec.py
2026-07-19T16:13:31Z [pre ] skip  C:\dev\abd-context-driven-delivery\grill_context\grill_context.py  — manifest ran but produced no output
2026-07-19T16:13:32Z [pre ] skip  C:\dev\abd-context-driven-delivery\primitives\actions\action.py  — manifest ran but produced no output
2026-07-19T16:13:32Z [read] skip  C:\dev\abd-context-driven-delivery\grill_context\examples\demo.py
2026-07-19T16:13:32Z [read] skip  C:\dev\abd-context-driven-delivery\grill_context\grill_context_decorator_spec.py
2026-07-19T16:13:32Z [read] skip  C:\dev\abd-context-driven-delivery\grill_context\_decorator.py
2026-07-19T16:13:32Z [read] skip  C:\dev\abd-context-driven-delivery\grill_context\grill_context.py  — manifest ran but produced no output
2026-07-19T16:13:33Z [post] skip  C:\dev\abd-context-driven-delivery\grill_context\examples\demo.py
2026-07-19T16:13:33Z [post] skip  C:\dev\abd-context-driven-delivery\grill_context\grill_context_decorator_spec.py
2026-07-19T16:13:33Z [post] skip  C:\dev\abd-context-driven-delivery\grill_context\_decorator.py
2026-07-19T16:13:34Z [post] skip  C:\dev\abd-context-driven-delivery\primitives\actions\action.py  — manifest ran but produced no output
2026-07-19T16:13:34Z [post] skip  C:\dev\abd-context-driven-delivery\grill_context\grill_context.py  — manifest ran but produced no output
2026-07-19T16:13:34Z [pre ] skip  C:\dev\abd-context-driven-delivery\grill_context\examples\demo.py
2026-07-19T16:13:34Z [pre ] skip  C:\dev\abd-context-driven-delivery\grill_context\_decorator.py
2026-07-19T16:13:35Z [pre ] skip  C:\dev\abd-context-driven-delivery\grill_context\grill_context.py  — manifest ran but produced no output
2026-07-19T16:13:36Z [post] skip  C:\dev\abd-context-driven-delivery\grill_context\examples\demo.py
2026-07-19T16:13:36Z [post] skip  C:\dev\abd-context-driven-delivery\grill_context\_decorator.py
2026-07-19T16:13:37Z [post] skip  C:\dev\abd-context-driven-delivery\grill_context\examples\demo.py
2026-07-19T16:13:37Z [post] skip  C:\dev\abd-context-driven-delivery\grill_context\_decorator.py
2026-07-19T16:13:37Z [post] FIRED  C:\dev\abd-context-driven-delivery\grill_context\grill_context.py  — 1 manifest line(s)
2026-07-19T16:13:38Z [post] FIRED  C:\dev\abd-context-driven-delivery\grill_context\grill_context.py  — 1 manifest line(s)
2026-07-19T16:13:42Z [pre ] skip  C:\dev\abd-context-driven-delivery\grill_context\grill_context_decorator_spec.py
2026-07-19T16:13:43Z [read] skip  C:\dev\abd-context-driven-delivery\grill_context\grill_context_decorator_spec.py
2026-07-19T16:13:44Z [post] skip  C:\dev\abd-context-driven-delivery\grill_context\grill_context_decorator_spec.py
2026-07-19T16:13:45Z [pre ] skip  C:\dev\abd-context-driven-delivery\grill_context\grill_context_decorator_spec.py
2026-07-19T16:13:46Z [post] skip  C:\dev\abd-context-driven-delivery\grill_context\grill_context_decorator_spec.py
2026-07-19T16:13:47Z [post] skip  C:\dev\abd-context-driven-delivery\grill_context\grill_context_decorator_spec.py
2026-07-19T16:14:02Z [post] skip  C:\dev\abd-context-driven-delivery\utilities\sketch
2026-07-19T16:14:02Z [post] skip  C:\dev\abd-context-driven-delivery\contexts\cdd
2026-07-19T16:14:13Z [pre ] skip  C:\dev\abd-context-driven-delivery\contexts\cdd\examples\examples.md
2026-07-19T16:14:13Z [pre ] skip  C:\dev\abd-context-driven-delivery\primitives\tools\cli.py
2026-07-19T16:14:14Z [read] skip  C:\dev\abd-context-driven-delivery\contexts\cdd\examples\examples.md
2026-07-19T16:14:14Z [read] skip  C:\dev\abd-context-driven-delivery\primitives\tools\cli.py
2026-07-19T16:14:14Z [post] skip  C:\dev\abd-context-driven-delivery\primitives\tools
2026-07-19T16:14:15Z [post] skip  C:\dev\abd-context-driven-delivery\contexts\cdd\examples\examples.md
2026-07-19T16:14:16Z [post] skip  C:\dev\abd-context-driven-delivery\primitives\tools\cli.py
2026-07-19T16:14:46Z [pre ] skip  C:\dev\abd-context-driven-delivery\contexts\cdd\.context\grill-answers.md
2026-07-19T16:14:47Z [read] skip  C:\dev\abd-context-driven-delivery\contexts\cdd\.context\grill-answers.md
2026-07-19T16:14:47Z [post] skip  C:\dev\abd-context-driven-delivery\contexts
2026-07-19T16:14:48Z [post] skip  C:\dev\abd-context-driven-delivery\contexts\cdd\.context\grill-answers.md
2026-07-19T16:15:23Z [pre ] skip  C:\Users\thoma\.cursor\projects\c-dev-abd-context-driven-delivery\agent-tools\0f2d7862-62a8-4984-9cf4-7d5ee79e2971.txt
2026-07-19T16:15:23Z [pre ] skip  C:\dev\abd-context-driven-delivery\.context\backlog
2026-07-19T16:15:23Z [pre ] skip  C:\dev\abd-context-driven-delivery\contexts\cdd\.context\cdd-sketch.md
2026-07-19T16:15:24Z [read] skip  C:\dev\abd-context-driven-delivery\contexts\cdd\.context\cdd-sketch.md
2026-07-19T16:15:24Z [read] skip  C:\Users\thoma\.cursor\projects\c-dev-abd-context-driven-delivery\agent-tools\0f2d7862-62a8-4984-9cf4-7d5ee79e2971.txt
2026-07-19T16:15:24Z [read] skip  C:\dev\abd-context-driven-delivery\.context\backlog
2026-07-19T16:15:26Z [post] skip  C:\dev\abd-context-driven-delivery\contexts\cdd\.context\cdd-sketch.md
2026-07-19T16:15:26Z [post] skip  C:\Users\thoma\.cursor\projects\c-dev-abd-context-driven-delivery\agent-tools\0f2d7862-62a8-4984-9cf4-7d5ee79e2971.txt
2026-07-19T16:15:26Z [post] skip  C:\dev\abd-context-driven-delivery\.context\backlog
2026-07-19T16:51:42Z [pre ] skip  C:\dev\abd-context-driven-delivery\contexts\stories\templates\py\{epic-verb-noun}\{sub-epic-verb-noun}\story-context.md
2026-07-19T16:51:43Z [read] skip  C:\dev\abd-context-driven-delivery\contexts\stories\templates\py\{epic-verb-noun}\{sub-epic-verb-noun}\story-context.md
2026-07-19T16:51:44Z [post] skip  C:\dev\abd-context-driven-delivery\contexts
2026-07-19T16:51:44Z [post] skip  C:\dev\abd-context-driven-delivery\contexts\stories\examples
2026-07-19T16:51:44Z [post] skip  C:\dev\abd-context-driven-delivery\contexts\stories\templates\py\{epic-verb-noun}\{sub-epic-verb-noun}\story-context.md
2026-07-19T16:58:53Z [pre ] skip  C:\dev\abd-context-driven-delivery\contexts\stories\examples\py\manage-customer-orders\manage_customer_orders_helper.py
2026-07-19T16:58:53Z [pre ] skip  C:\dev\abd-context-driven-delivery\contexts\stories\code\architecture-context.md
2026-07-19T16:58:55Z [read] skip  C:\dev\abd-context-driven-delivery\contexts\stories\examples\py\manage-customer-orders\manage_customer_orders_helper.py
2026-07-19T16:58:55Z [read] skip  C:\dev\abd-context-driven-delivery\contexts\stories\code\architecture-context.md
2026-07-19T16:58:56Z [post] skip  C:\dev\abd-context-driven-delivery\contexts\stories\examples\py\manage-customer-orders\manage_customer_orders_helper.py
2026-07-19T16:58:56Z [post] skip  C:\dev\abd-context-driven-delivery\contexts\stories\code\architecture-context.md
2026-07-19T17:02:29Z [pre ] FIRED  C:\dev\abd-context-driven-delivery\contexts\cdd\cdd.py  — 4 manifest line(s)
2026-07-19T17:02:30Z [post] skip  C:\dev\abd-context-driven-delivery\contexts
2026-07-19T17:02:30Z [read] FIRED  C:\dev\abd-context-driven-delivery\contexts\cdd\cdd.py  — 4 manifest line(s)
2026-07-19T17:02:32Z [post] FIRED  C:\dev\abd-context-driven-delivery\contexts\cdd\cdd.py  — 4 manifest line(s)
2026-07-19T17:02:52Z [pre ] skip  C:\dev\abd-context-driven-delivery\contexts\cdd\cdd.md
2026-07-19T17:02:52Z [pre ] skip  C:\dev\abd-context-driven-delivery\contexts\cdd\sketch-template.md
2026-07-19T17:02:53Z [read] skip  C:\dev\abd-context-driven-delivery\contexts\cdd\sketch-template.md
2026-07-19T17:02:53Z [read] skip  C:\dev\abd-context-driven-delivery\contexts\cdd\cdd.md
2026-07-19T17:02:54Z [post] skip  C:\dev\abd-context-driven-delivery\contexts\cdd\sketch-template.md
2026-07-19T17:02:54Z [post] skip  C:\dev\abd-context-driven-delivery\contexts\cdd\cdd.md
2026-07-19T17:03:16Z [pre ] FIRED  C:\dev\abd-context-driven-delivery\contexts\base\context.py  — 1 manifest line(s)
2026-07-19T17:03:17Z [post] skip  C:\dev\abd-context-driven-delivery\contexts\base
2026-07-19T17:03:17Z [read] FIRED  C:\dev\abd-context-driven-delivery\contexts\base\context.py  — 1 manifest line(s)
2026-07-19T17:03:18Z [post] FIRED  C:\dev\abd-context-driven-delivery\contexts\base\context.py  — 1 manifest line(s)
2026-07-19T17:03:38Z [pre ] skip  C:\dev\abd-context-driven-delivery\contexts\cdd\sketch-template.md
2026-07-19T17:03:39Z [read] skip  C:\dev\abd-context-driven-delivery\contexts\cdd\sketch-template.md
2026-07-19T17:03:40Z [post] skip  C:\dev\abd-context-driven-delivery\contexts\cdd\sketch-template.md
2026-07-19T17:03:43Z [pre ] skip  C:\dev\abd-context-driven-delivery\contexts\cdd\sketch-template.md
2026-07-19T17:03:44Z [post] skip  C:\dev\abd-context-driven-delivery\contexts\cdd\sketch-template.md
2026-07-19T17:03:45Z [post] skip  C:\dev\abd-context-driven-delivery\contexts\cdd\sketch-template.md
2026-07-19T17:03:47Z [pre ] skip  C:\dev\abd-context-driven-delivery\contexts\cdd\sketch-template.md
2026-07-19T17:03:48Z [post] skip  C:\dev\abd-context-driven-delivery\contexts\cdd\sketch-template.md
2026-07-19T17:03:49Z [post] skip  C:\dev\abd-context-driven-delivery\contexts\cdd\sketch-template.md
2026-07-19T17:03:52Z [pre ] skip  C:\dev\abd-context-driven-delivery\contexts\cdd\cdd.md
2026-07-19T17:03:53Z [pre ] FIRED  C:\dev\abd-context-driven-delivery\contexts\cdd\cdd.py  — 4 manifest line(s)
2026-07-19T17:03:53Z [read] skip  C:\dev\abd-context-driven-delivery\contexts\cdd\cdd.md
2026-07-19T17:03:54Z [post] skip  C:\dev\abd-context-driven-delivery\contexts\cdd\cdd.md
2026-07-19T17:03:54Z [read] FIRED  C:\dev\abd-context-driven-delivery\contexts\cdd\cdd.py  — 4 manifest line(s)
2026-07-19T17:03:56Z [post] FIRED  C:\dev\abd-context-driven-delivery\contexts\cdd\cdd.py  — 4 manifest line(s)
2026-07-19T17:03:56Z [pre ] skip  C:\dev\abd-context-driven-delivery\contexts\cdd\cdd.md
2026-07-19T17:03:56Z [pre ] skip  C:\dev\abd-context-driven-delivery\contexts\cdd\examples\examples.md
2026-07-19T17:03:57Z [post] skip  C:\dev\abd-context-driven-delivery\contexts\cdd\cdd.md
2026-07-19T17:03:57Z [read] skip  C:\dev\abd-context-driven-delivery\contexts\cdd\examples\examples.md
2026-07-19T17:03:58Z [pre ] FIRED  C:\dev\abd-context-driven-delivery\contexts\cdd\cdd.py  — 4 manifest line(s)
2026-07-19T17:03:58Z [post] skip  C:\dev\abd-context-driven-delivery\contexts\cdd\cdd.md
2026-07-19T17:03:58Z [post] skip  C:\dev\abd-context-driven-delivery\contexts\cdd\examples\examples.md
2026-07-19T17:03:59Z [post] FIRED  C:\dev\abd-context-driven-delivery\contexts\cdd\cdd.py  — 4 manifest line(s)
2026-07-19T17:04:00Z [pre ] skip  C:\dev\abd-context-driven-delivery\contexts\cdd\examples\examples.md
2026-07-19T17:04:01Z [post] FIRED  C:\dev\abd-context-driven-delivery\contexts\cdd\cdd.py  — 4 manifest line(s)
2026-07-19T17:04:01Z [post] skip  C:\dev\abd-context-driven-delivery\contexts\cdd\examples\examples.md
2026-07-19T17:04:02Z [post] skip  C:\dev\abd-context-driven-delivery\contexts\cdd\examples\examples.md
2026-07-19T17:05:19Z [post] skip  C:\dev\abd-context-driven-delivery\contexts\clean_engineering
2026-07-19T17:12:14Z [post] skip  C:\dev\abd-context-driven-delivery\contexts\clean_engineering
2026-07-19T17:19:30Z [pre ] skip  C:\dev\abd-context-driven-delivery\contexts\cdd\.context\connected-contexts.md
2026-07-19T17:19:32Z [post] skip  C:\dev\abd-context-driven-delivery\contexts\cdd\.context\connected-contexts.md
2026-07-19T17:19:33Z [post] skip  C:\dev\abd-context-driven-delivery\contexts\cdd\.context\connected-contexts.md
2026-07-19T17:19:41Z [post] skip  C:\dev\abd-context-driven-delivery
2026-07-19T17:19:44Z [pre ] skip  C:\dev\abd-context-driven-delivery\contexts\clean_engineering\sketch-template.md
2026-07-19T17:19:44Z [pre ] FIRED  C:\dev\abd-context-driven-delivery\contexts\clean_engineering\clean_engineering.py  — 5 manifest line(s)
2026-07-19T17:19:45Z [read] skip  C:\dev\abd-context-driven-delivery\contexts\clean_engineering\sketch-template.md
2026-07-19T17:19:46Z [post] skip  C:\dev\abd-context-driven-delivery\contexts\clean_engineering\sketch-template.md
2026-07-19T17:19:46Z [read] FIRED  C:\dev\abd-context-driven-delivery\contexts\clean_engineering\clean_engineering.py  — 5 manifest line(s)
2026-07-19T17:19:47Z [post] FIRED  C:\dev\abd-context-driven-delivery\contexts\clean_engineering\clean_engineering.py  — 5 manifest line(s)
2026-07-19T17:19:53Z [pre ] skip  C:\dev\abd-context-driven-delivery\contexts\clean_engineering\sketch-template.md
2026-07-19T17:19:54Z [read] skip  C:\dev\abd-context-driven-delivery\contexts\clean_engineering\sketch-template.md
2026-07-19T17:19:55Z [post] skip  C:\dev\abd-context-driven-delivery\contexts\clean_engineering\sketch-template.md
2026-07-19T17:19:56Z [pre ] skip  C:\dev\abd-context-driven-delivery\contexts\clean_engineering\sketch-template.md
2026-07-19T17:19:57Z [post] skip  C:\dev\abd-context-driven-delivery\contexts\clean_engineering\sketch-template.md
2026-07-19T17:19:58Z [post] skip  C:\dev\abd-context-driven-delivery\contexts\clean_engineering\sketch-template.md
2026-07-19T17:28:50Z [pre ] skip  C:\dev\abd-context-driven-delivery\contexts\clean_engineering\sketch-template.md
2026-07-19T17:28:51Z [post] skip  C:\dev\abd-context-driven-delivery\contexts\clean_engineering\sketch-template.md
2026-07-19T17:28:52Z [pre ] skip  C:\dev\abd-context-driven-delivery\contexts\cdd\.context\connected-contexts.md
2026-07-19T17:28:52Z [post] skip  C:\dev\abd-context-driven-delivery\contexts\clean_engineering\sketch-template.md
2026-07-19T17:28:53Z [post] skip  C:\dev\abd-context-driven-delivery\contexts\cdd\.context\connected-contexts.md
2026-07-19T17:28:54Z [post] skip  C:\dev\abd-context-driven-delivery\contexts\cdd\.context\connected-contexts.md
2026-07-19T17:29:16Z [pre ] skip  C:\dev\abd-context-driven-delivery\contexts\clean_engineering\sketch-template.md
2026-07-19T17:29:17Z [post] skip  C:\dev\abd-context-driven-delivery\contexts\clean_engineering\sketch-template.md
2026-07-19T17:29:19Z [post] skip  C:\dev\abd-context-driven-delivery\contexts\clean_engineering\sketch-template.md
2026-07-19T17:29:25Z [pre ] skip  C:\dev\abd-context-driven-delivery\contexts\cdd\.context\connected-contexts.md
2026-07-19T17:29:26Z [post] skip  C:\dev\abd-context-driven-delivery\contexts\cdd\.context\connected-contexts.md
2026-07-19T17:29:27Z [post] skip  C:\dev\abd-context-driven-delivery\contexts\cdd\.context\connected-contexts.md
2026-07-19T17:34:37Z [pre ] skip  C:\dev\abd-context-driven-delivery\contexts\clean_engineering\sketch-template.md
2026-07-19T17:34:38Z [post] skip  C:\dev\abd-context-driven-delivery\contexts\clean_engineering\sketch-template.md
2026-07-19T17:34:39Z [pre ] skip  C:\dev\abd-context-driven-delivery\contexts\cdd\.context\connected-contexts.md
2026-07-19T17:34:39Z [post] skip  C:\dev\abd-context-driven-delivery\contexts\clean_engineering\sketch-template.md
2026-07-19T17:34:40Z [post] skip  C:\dev\abd-context-driven-delivery\contexts\cdd\.context\connected-contexts.md
2026-07-19T17:34:41Z [post] skip  C:\dev\abd-context-driven-delivery\contexts\cdd\.context\connected-contexts.md
2026-07-19T17:39:04Z [post] skip  C:\dev\abd-context-driven-delivery\contexts
2026-07-19T17:44:40Z [pre ] skip  C:\dev\abd-context-driven-delivery\contexts\cdd\.context\grill-answers.md
2026-07-19T17:44:48Z [read] skip  C:\dev\abd-context-driven-delivery\contexts\cdd\.context\grill-answers.md
2026-07-19T17:44:49Z [post] skip  C:\dev\abd-context-driven-delivery\contexts\cdd\.context\grill-answers.md
2026-07-19T17:55:57Z [pre ] skip  C:\Users\thoma\.cursor\projects\c-dev-abd-context-driven-delivery\agent-tools\17b81e37-a5bb-4950-a16d-19a774be2326.txt
2026-07-19T17:55:57Z [pre ] skip  C:\Users\thoma\.cursor\projects\c-dev-abd-context-driven-delivery\agent-tools\0002e0dc-3b39-4b1c-a592-63f973eaecfc.txt
2026-07-19T17:55:58Z [post] skip  C:\Users\thoma\.cursor\projects\c-dev-abd-context-driven-delivery\agent-tools\17b81e37-a5bb-4950-a16d-19a774be2326.txt
2026-07-19T17:55:58Z [post] skip  C:\dev\abd-context-driven-delivery\contexts
2026-07-19T17:55:59Z [post] skip  C:\Users\thoma\.cursor\projects\c-dev-abd-context-driven-delivery\agent-tools\0002e0dc-3b39-4b1c-a592-63f973eaecfc.txt
2026-07-19T17:55:59Z [post] skip  C:\dev\abd-context-driven-delivery\contexts
2026-07-19T17:56:04Z [pre ] skip  C:\dev\abd-context-driven-delivery\contexts\stories\templates\md\thin-slice.md
2026-07-19T17:56:04Z [pre ] skip  C:\dev\abd-context-driven-delivery\contexts\stories\templates\md\story-map.md
2026-07-19T17:56:05Z [pre ] skip  C:\Users\thoma\.cursor\projects\c-dev-abd-context-driven-delivery\agent-tools\17b81e37-a5bb-4950-a16d-19a774be2326.txt
2026-07-19T17:56:05Z [read] skip  C:\dev\abd-context-driven-delivery\contexts\stories\templates\md\thin-slice.md
2026-07-19T17:56:05Z [read] skip  C:\dev\abd-context-driven-delivery\contexts\stories\templates\md\story-map.md
2026-07-19T17:56:06Z [read] skip  C:\Users\thoma\.cursor\projects\c-dev-abd-context-driven-delivery\agent-tools\17b81e37-a5bb-4950-a16d-19a774be2326.txt
2026-07-19T17:56:06Z [post] skip  C:\dev\abd-context-driven-delivery\contexts
2026-07-19T17:56:06Z [post] skip  C:\dev\abd-context-driven-delivery\contexts\stories\templates\md\thin-slice.md
2026-07-19T17:56:06Z [post] skip  C:\dev\abd-context-driven-delivery\contexts\stories\templates\md\story-map.md
2026-07-19T17:56:06Z [post] skip  C:\dev\abd-context-driven-delivery\contexts\stories
2026-07-19T17:56:07Z [post] skip  C:\Users\thoma\.cursor\projects\c-dev-abd-context-driven-delivery\agent-tools\17b81e37-a5bb-4950-a16d-19a774be2326.txt
2026-07-19T17:56:11Z [pre ] skip  C:\dev\abd-context-driven-delivery\contexts\clean_engineering\examples\examples.md
2026-07-19T17:56:12Z [read] skip  C:\dev\abd-context-driven-delivery\contexts\clean_engineering\examples\examples.md
2026-07-19T17:56:13Z [post] skip  C:\dev\abd-context-driven-delivery\contexts\clean_engineering\examples\examples.md
2026-07-19T17:56:23Z [post] skip  C:\dev\abd-context-driven-delivery\contexts\cdd\connect-story-examples\story-map.md
2026-07-19T17:56:24Z [post] skip  C:\dev\abd-context-driven-delivery\contexts\cdd\connect-story-examples\story-map.md
2026-07-19T17:56:25Z [post] skip  C:\dev\abd-context-driven-delivery\contexts\cdd\connect-story-examples\thin-slice.md
2026-07-19T17:56:26Z [post] skip  C:\dev\abd-context-driven-delivery\contexts\cdd\connect-story-examples\thin-slice.md
2026-07-19T17:56:31Z [post] skip  C:\dev\abd-context-driven-delivery\contexts\cdd\example-factories\example-factories.md
2026-07-19T17:56:32Z [post] skip  C:\dev\abd-context-driven-delivery\contexts\cdd\example-factories\example-factories.md
2026-07-19T18:01:26Z [pre ] skip  C:\dev\abd-context-driven-delivery\contexts\cdd\connect-story-examples\story-map.md
2026-07-19T18:01:27Z [post] skip  C:\dev\abd-context-driven-delivery\contexts\cdd\connect-story-examples\story-map.md
2026-07-19T18:01:28Z [post] skip  C:\dev\abd-context-driven-delivery\contexts\cdd\connect-story-examples\story-map.md
2026-07-19T18:01:28Z [pre ] skip  C:\dev\abd-context-driven-delivery\contexts\cdd\connect-story-examples\thin-slice.md
2026-07-19T18:01:29Z [post] skip  C:\dev\abd-context-driven-delivery\contexts\cdd\connect-story-examples\thin-slice.md
2026-07-19T18:01:30Z [post] skip  C:\dev\abd-context-driven-delivery\contexts\cdd\connect-story-examples\thin-slice.md
2026-07-19T18:01:33Z [pre ] skip  C:\dev\abd-context-driven-delivery\contexts\cdd\example-factories\example-factories.md
2026-07-19T18:01:35Z [post] skip  C:\dev\abd-context-driven-delivery\contexts\cdd\example-factories\example-factories.md
2026-07-19T18:01:36Z [post] skip  C:\dev\abd-context-driven-delivery\contexts\cdd\example-factories\example-factories.md
2026-07-19T18:03:42Z [pre ] skip  C:\dev\abd-context-driven-delivery\contexts\stories\templates\py\{epic-verb-noun}\{sub-epic-verb-noun}\{lowest-sub-epic}\{lowest_sub_epic}_stories.py
2026-07-19T18:03:42Z [pre ] skip  C:\dev\abd-context-driven-delivery\contexts\stories\examples\py\manage-customer-orders\place-new-order\submit-order\submit_order_stories.py
2026-07-19T18:03:44Z [read] skip  C:\dev\abd-context-driven-delivery\contexts\stories\templates\py\{epic-verb-noun}\{sub-epic-verb-noun}\{lowest-sub-epic}\{lowest_sub_epic}_stories.py
2026-07-19T18:03:44Z [read] skip  C:\dev\abd-context-driven-delivery\contexts\stories\examples\py\manage-customer-orders\place-new-order\submit-order\submit_order_stories.py
2026-07-19T18:03:44Z [post] skip  C:\dev\abd-context-driven-delivery\contexts\clean_engineering
2026-07-19T18:03:45Z [post] skip  C:\dev\abd-context-driven-delivery\contexts\stories\templates\py\{epic-verb-noun}\{sub-epic-verb-noun}\{lowest-sub-epic}\{lowest_sub_epic}_stories.py
2026-07-19T18:03:45Z [post] skip  C:\dev\abd-context-driven-delivery\contexts\stories\examples\py\manage-customer-orders\place-new-order\submit-order\submit_order_stories.py
2026-07-19T18:03:52Z [post] skip  C:\dev\abd-context-driven-delivery\contexts\cdd\connect-story-examples\generate-interface-extensions\generate-fake-type-extending-interface\generate_fake_type_extending_interface_stories.py
2026-07-19T18:03:53Z [post] skip  C:\dev\abd-context-driven-delivery\contexts\cdd\connect-story-examples\generate-interface-extensions\generate-fake-type-extending-interface\generate_fake_type_extending_interface_stories.py
2026-07-19T18:03:54Z [post] skip  C:\dev\abd-context-driven-delivery\contexts\cdd\connect-story-examples\generate-interface-extensions\generate-isolated-type-extending-interface\generate_isolated_type_extending_interface_stories.py
2026-07-19T18:03:55Z [post] skip  C:\dev\abd-context-driven-delivery\contexts\cdd\connect-story-examples\generate-interface-extensions\generate-isolated-type-extending-interface\generate_isolated_type_extending_interface_stories.py
2026-07-19T18:03:55Z [post] skip  C:\dev\abd-context-driven-delivery\contexts\cdd\connect-story-examples\generate-interface-extensions\generate-production-type-extending-interface\generate_production_type_extending_interface_stories.py
2026-07-19T18:03:56Z [post] skip  C:\dev\abd-context-driven-delivery\contexts\cdd\connect-story-examples\generate-interface-extensions\generate-production-type-extending-interface\generate_production_type_extending_interface_stories.py
2026-07-19T18:03:57Z [post] skip  C:\dev\abd-context-driven-delivery\contexts\cdd\connect-story-examples\generate-stories-that-import-factories\generate-epic-that-imports-factories\generate_epic_that_imports_factories_stories.py
2026-07-19T18:03:58Z [post] skip  C:\dev\abd-context-driven-delivery\contexts\cdd\connect-story-examples\generate-stories-that-import-factories\generate-epic-that-imports-factories\generate_epic_that_imports_factories_stories.py
2026-07-19T18:03:59Z [post] skip  C:\dev\abd-context-driven-delivery\contexts\cdd\connect-story-examples\generate-stories-that-import-factories\generate-sub-epic-that-imports-factories\generate_sub_epic_that_imports_factories_stories.py
2026-07-19T18:04:00Z [post] skip  C:\dev\abd-context-driven-delivery\contexts\cdd\connect-story-examples\generate-stories-that-import-factories\generate-sub-epic-that-imports-factories\generate_sub_epic_that_imports_factories_stories.py
2026-07-19T18:04:01Z [post] skip  C:\dev\abd-context-driven-delivery\contexts\cdd\connect-story-examples\generate-stories-that-import-factories\generate-scenario-steps-that-call-factory-methods\generate_scenario_steps_that_call_factory_methods_stories.py
2026-07-19T18:04:02Z [post] skip  C:\dev\abd-context-driven-delivery\contexts\cdd\connect-story-examples\generate-stories-that-import-factories\generate-scenario-steps-that-call-factory-methods\generate_scenario_steps_that_call_factory_methods_stories.py
2026-07-19T18:04:08Z [post] FIRED  C:\dev\abd-context-driven-delivery\contexts\cdd\example-factories\itype.py  — 3 manifest line(s)
2026-07-19T18:04:10Z [post] FIRED  C:\dev\abd-context-driven-delivery\contexts\cdd\example-factories\itype.py  — 3 manifest line(s)
2026-07-19T18:04:11Z [post] FIRED  C:\dev\abd-context-driven-delivery\contexts\cdd\example-factories\icart.py  — 3 manifest line(s)
2026-07-19T18:04:11Z [post] FIRED  C:\dev\abd-context-driven-delivery\contexts\cdd\example-factories\iproduct.py  — 3 manifest line(s)
2026-07-19T18:04:12Z [post] FIRED  C:\dev\abd-context-driven-delivery\contexts\cdd\example-factories\icart.py  — 3 manifest line(s)
2026-07-19T18:04:12Z [post] FIRED  C:\dev\abd-context-driven-delivery\contexts\cdd\example-factories\iproduct.py  — 3 manifest line(s)
2026-07-19T18:04:13Z [post] FIRED  C:\dev\abd-context-driven-delivery\contexts\cdd\example-factories\icart_example_factory.py  — 3 manifest line(s)
2026-07-19T18:04:14Z [post] skip  C:\dev\abd-context-driven-delivery\contexts\cdd\example-factories\.context\module-context.md
2026-07-19T18:04:14Z [post] FIRED  C:\dev\abd-context-driven-delivery\contexts\cdd\example-factories\icart_example_factory.py  — 3 manifest line(s)
2026-07-19T18:04:15Z [post] skip  C:\dev\abd-context-driven-delivery\contexts\cdd\example-factories\.context\module-context.md
2026-07-19T18:04:21Z [pre ] FIRED  C:\dev\abd-context-driven-delivery\contexts\cdd\example-factories\itype.py  — 3 manifest line(s)
2026-07-19T18:04:22Z [pre ] FIRED  C:\dev\abd-context-driven-delivery\contexts\cdd\example-factories\icart.py  — 3 manifest line(s)
2026-07-19T18:04:22Z [pre ] FIRED  C:\dev\abd-context-driven-delivery\contexts\cdd\example-factories\iproduct.py  — 3 manifest line(s)
2026-07-19T18:04:22Z [pre ] FIRED  C:\dev\abd-context-driven-delivery\contexts\cdd\example-factories\icart_example_factory.py  — 3 manifest line(s)
2026-07-19T18:04:23Z [post] skip  C:\dev\abd-context-driven-delivery\contexts\cdd\example-factories\icart.py
2026-07-19T18:04:23Z [post] skip  C:\dev\abd-context-driven-delivery\contexts\cdd\example-factories\itype.py
2026-07-19T18:04:23Z [post] skip  C:\dev\abd-context-driven-delivery\contexts\cdd\example-factories\iproduct.py
2026-07-19T18:04:23Z [post] skip  C:\dev\abd-context-driven-delivery\contexts\cdd\example-factories\icart_example_factory.py
2026-07-19T18:04:24Z [pre ] skip  C:\dev\abd-context-driven-delivery\contexts\cdd\example-factories\.context\module-context.md
2026-07-19T18:04:25Z [post] skip  C:\dev\abd-context-driven-delivery\contexts\cdd\example-factories\.context\module-context.md
2026-07-19T18:04:25Z [post] FIRED  C:\dev\abd-context-driven-delivery\contexts\cdd\example-factories\example_factories.py  — 3 manifest line(s)
2026-07-19T18:04:26Z [post] skip  C:\dev\abd-context-driven-delivery\contexts\cdd\example-factories\.context\module-context.md
2026-07-19T18:04:26Z [post] FIRED  C:\dev\abd-context-driven-delivery\contexts\cdd\example-factories\example_factories.py  — 3 manifest line(s)
2026-07-19T18:31:03Z [post] skip  C:\dev\abd-context-driven-delivery\contexts\cdd
2026-07-19T18:31:08Z [pre ] skip  C:\dev\abd-context-driven-delivery\contexts\cdd\connect-story-examples\generate-interface-extensions\generate-fake-type-extending-interface\generate_fake_type_extending_interface_stories.py
2026-07-19T18:31:09Z [post] skip  C:\dev\abd-context-driven-delivery\contexts\cdd\connect-story-examples\generate-interface-extensions\generate-fake-type-extending-interface\generate_fake_type_extending_interface_stories.py
2026-07-19T18:31:09Z [pre ] skip  C:\dev\abd-context-driven-delivery\contexts\cdd\connect-story-examples\generate-interface-extensions\generate-isolated-type-extending-interface\generate_isolated_type_extending_interface_stories.py
2026-07-19T18:31:10Z [post] skip  C:\dev\abd-context-driven-delivery\contexts\cdd\connect-story-examples\generate-interface-extensions\generate-fake-type-extending-interface\generate_fake_type_extending_interface_stories.py
2026-07-19T18:31:10Z [post] skip  C:\dev\abd-context-driven-delivery\contexts\cdd\connect-story-examples\generate-interface-extensions\generate-isolated-type-extending-interface\generate_isolated_type_extending_interface_stories.py
2026-07-19T18:31:10Z [pre ] skip  C:\dev\abd-context-driven-delivery\contexts\cdd\connect-story-examples\generate-interface-extensions\generate-production-type-extending-interface\generate_production_type_extending_interface_stories.py
2026-07-19T18:31:11Z [post] skip  C:\dev\abd-context-driven-delivery\contexts\cdd\connect-story-examples\generate-interface-extensions\generate-isolated-type-extending-interface\generate_isolated_type_extending_interface_stories.py
2026-07-19T18:31:11Z [post] skip  C:\dev\abd-context-driven-delivery\contexts\cdd\connect-story-examples\generate-interface-extensions\generate-production-type-extending-interface\generate_production_type_extending_interface_stories.py
2026-07-19T18:31:12Z [pre ] skip  C:\dev\abd-context-driven-delivery\contexts\cdd\connect-story-examples\generate-stories-that-import-factories\generate-epic-that-imports-factories\generate_epic_that_imports_factories_stories.py
2026-07-19T18:31:12Z [post] skip  C:\dev\abd-context-driven-delivery\contexts\cdd\connect-story-examples\generate-interface-extensions\generate-production-type-extending-interface\generate_production_type_extending_interface_stories.py
2026-07-19T18:31:13Z [post] skip  C:\dev\abd-context-driven-delivery\contexts\cdd\connect-story-examples\generate-stories-that-import-factories\generate-epic-that-imports-factories\generate_epic_that_imports_factories_stories.py
2026-07-19T18:31:14Z [pre ] skip  C:\dev\abd-context-driven-delivery\contexts\cdd\connect-story-examples\generate-stories-that-import-factories\generate-sub-epic-that-imports-factories\generate_sub_epic_that_imports_factories_stories.py
2026-07-19T18:31:14Z [post] skip  C:\dev\abd-context-driven-delivery\contexts\cdd\connect-story-examples\generate-stories-that-import-factories\generate-epic-that-imports-factories\generate_epic_that_imports_factories_stories.py
2026-07-19T18:31:15Z [post] skip  C:\dev\abd-context-driven-delivery\contexts\cdd\connect-story-examples\generate-stories-that-import-factories\generate-sub-epic-that-imports-factories\generate_sub_epic_that_imports_factories_stories.py
2026-07-19T18:31:15Z [pre ] skip  C:\dev\abd-context-driven-delivery\contexts\cdd\connect-story-examples\generate-stories-that-import-factories\generate-scenario-steps-that-call-factory-methods\generate_scenario_steps_that_call_factory_methods_stories.py
2026-07-19T18:31:16Z [post] skip  C:\dev\abd-context-driven-delivery\contexts\cdd\connect-story-examples\generate-stories-that-import-factories\generate-sub-epic-that-imports-factories\generate_sub_epic_that_imports_factories_stories.py
2026-07-19T18:31:16Z [post] skip  C:\dev\abd-context-driven-delivery\contexts\cdd\connect-story-examples\generate-stories-that-import-factories\generate-scenario-steps-that-call-factory-methods\generate_scenario_steps_that_call_factory_methods_stories.py
2026-07-19T18:31:17Z [pre ] FIRED  C:\dev\abd-context-driven-delivery\contexts\cdd\example-factories\example_factories.py  — 3 manifest line(s)
2026-07-19T18:31:17Z [post] skip  C:\dev\abd-context-driven-delivery\contexts\cdd\connect-story-examples\generate-stories-that-import-factories\generate-scenario-steps-that-call-factory-methods\generate_scenario_steps_that_call_factory_methods_stories.py
2026-07-19T18:31:18Z [post] FIRED  C:\dev\abd-context-driven-delivery\contexts\cdd\example-factories\example_factories.py  — 3 manifest line(s)
2026-07-19T18:31:19Z [post] FIRED  C:\dev\abd-context-driven-delivery\contexts\cdd\example-factories\example_factories.py  — 3 manifest line(s)
2026-07-19T18:31:20Z [pre ] skip  C:\dev\abd-context-driven-delivery\contexts\cdd\example-factories\.context\module-context.md
2026-07-19T18:31:21Z [post] skip  C:\dev\abd-context-driven-delivery\contexts\cdd\example-factories\.context\module-context.md
2026-07-19T18:31:22Z [post] skip  C:\dev\abd-context-driven-delivery\contexts\cdd\example-factories\.context\module-context.md
2026-07-19T18:45:17Z [pre ] skip  C:\dev\abd-context-driven-delivery\contexts\cdd\connect-story-examples\story-map.md
2026-07-19T18:45:19Z [post] skip  C:\dev\abd-context-driven-delivery\contexts\cdd\connect-story-examples\story-map.md
2026-07-19T18:45:19Z [pre ] skip  C:\dev\abd-context-driven-delivery\contexts\cdd\connect-story-examples\thin-slice.md
2026-07-19T18:45:20Z [post] skip  C:\dev\abd-context-driven-delivery\contexts\cdd\connect-story-examples\story-map.md
2026-07-19T18:45:20Z [read] skip  C:\dev\abd-context-driven-delivery\contexts\cdd\connect-story-examples\thin-slice.md
2026-07-19T18:45:22Z [post] skip  C:\dev\abd-context-driven-delivery\contexts\cdd\connect-story-examples\thin-slice.md
2026-07-19T18:45:24Z [pre ] skip  C:\dev\abd-context-driven-delivery\contexts\cdd\connect-story-examples\thin-slice.md
2026-07-19T18:45:25Z [post] skip  C:\dev\abd-context-driven-delivery\contexts\cdd\connect-story-examples\thin-slice.md
2026-07-19T18:45:29Z [post] skip  C:\dev\abd-context-driven-delivery\contexts\cdd\connect-story-examples\thin-slice.md
2026-07-19T18:53:21Z [post] skip  C:\dev\abd-context-driven-delivery\contexts\clean_engineering
2026-07-19T18:53:21Z [post] skip  C:\dev\abd-context-driven-delivery\contexts\stories
2026-07-19T18:53:21Z [post] skip  C:\dev\abd-context-driven-delivery\contexts
2026-07-19T18:53:21Z [post] skip  C:\dev\abd-context-driven-delivery\contexts\stories
2026-07-19T18:53:28Z [pre ] skip  C:\dev\abd-context-driven-delivery\contexts\stories\stories.md
2026-07-19T18:53:28Z [pre ] FIRED  C:\dev\abd-context-driven-delivery\contexts\clean_engineering\templates\clean_engineering-templates.py  — 3 manifest line(s)
2026-07-19T18:53:29Z [read] skip  C:\dev\abd-context-driven-delivery\contexts\stories\stories.md
2026-07-19T18:53:29Z [read] FIRED  C:\dev\abd-context-driven-delivery\contexts\clean_engineering\templates\clean_engineering-templates.py  — 3 manifest line(s)
2026-07-19T18:53:30Z [post] skip  C:\dev\abd-context-driven-delivery\contexts\stories\stories.md
2026-07-19T18:53:30Z [post] FIRED  C:\dev\abd-context-driven-delivery\contexts\clean_engineering\templates\clean_engineering-templates.py  — 3 manifest line(s)
2026-07-19T18:53:54Z [pre ] skip  C:\dev\abd-context-driven-delivery\contexts\clean_engineering\contexts.md
2026-07-19T18:53:55Z [post] skip  C:\dev\abd-context-driven-delivery\contexts\clean_engineering\contexts.md
2026-07-19T18:53:56Z [post] skip  C:\dev\abd-context-driven-delivery\contexts\clean_engineering\contexts.md
2026-07-19T18:53:57Z [pre ] FIRED  C:\dev\abd-context-driven-delivery\contexts\clean_engineering\templates\clean_engineering-templates.py  — 3 manifest line(s)
2026-07-19T18:53:58Z [pre ] skip  C:\dev\abd-context-driven-delivery\contexts\clean_engineering\clean_engineering.md
2026-07-19T18:53:58Z [read] FIRED  C:\dev\abd-context-driven-delivery\contexts\clean_engineering\templates\clean_engineering-templates.py  — 3 manifest line(s)
2026-07-19T18:53:59Z [post] skip  C:\dev\abd-context-driven-delivery\contexts\clean_engineering\clean_engineering.md
2026-07-19T18:54:00Z [post] FIRED  C:\dev\abd-context-driven-delivery\contexts\clean_engineering\templates\clean_engineering-templates.py  — 3 manifest line(s)
2026-07-19T18:54:00Z [post] skip  C:\dev\abd-context-driven-delivery\contexts\clean_engineering\clean_engineering.md
2026-07-19T18:54:06Z [pre ] skip  C:\dev\abd-context-driven-delivery\contexts\stories\stories.md
2026-07-19T18:54:07Z [pre ] FIRED  C:\dev\abd-context-driven-delivery\contexts\clean_engineering\templates\clean_engineering-templates.py  — 3 manifest line(s)
2026-07-19T18:54:07Z [post] skip  C:\dev\abd-context-driven-delivery\contexts\stories\stories.md
2026-07-19T18:54:08Z [read] FIRED  C:\dev\abd-context-driven-delivery\contexts\clean_engineering\templates\clean_engineering-templates.py  — 3 manifest line(s)
2026-07-19T18:54:09Z [post] FIRED  C:\dev\abd-context-driven-delivery\contexts\clean_engineering\templates\clean_engineering-templates.py  — 3 manifest line(s)
2026-07-19T18:54:24Z [pre ] FIRED  C:\dev\abd-context-driven-delivery\contexts\clean_engineering\templates\clean_engineering-templates.py  — 3 manifest line(s)
2026-07-19T18:54:26Z [read] FIRED  C:\dev\abd-context-driven-delivery\contexts\clean_engineering\templates\clean_engineering-templates.py  — 3 manifest line(s)
2026-07-19T18:54:27Z [post] FIRED  C:\dev\abd-context-driven-delivery\contexts\clean_engineering\templates\clean_engineering-templates.py  — 3 manifest line(s)
2026-07-19T18:54:29Z [pre ] skip  C:\dev\abd-context-driven-delivery\contexts\stories\stories.md
2026-07-19T18:54:29Z [pre ] FIRED  C:\dev\abd-context-driven-delivery\contexts\clean_engineering\templates\clean_engineering-templates.py  — 3 manifest line(s)
2026-07-19T18:54:30Z [read] skip  C:\dev\abd-context-driven-delivery\contexts\stories\stories.md
2026-07-19T18:54:31Z [post] FIRED  C:\dev\abd-context-driven-delivery\contexts\clean_engineering\templates\clean_engineering-templates.py  — 3 manifest line(s)
2026-07-19T18:54:31Z [post] skip  C:\dev\abd-context-driven-delivery\contexts\stories\stories.md
2026-07-19T18:54:32Z [post] FIRED  C:\dev\abd-context-driven-delivery\contexts\clean_engineering\templates\clean_engineering-templates.py  — 3 manifest line(s)
2026-07-19T18:54:51Z [pre ] FIRED  C:\dev\abd-context-driven-delivery\contexts\clean_engineering\templates\clean_engineering-templates.py  — 3 manifest line(s)
2026-07-19T18:54:53Z [post] FIRED  C:\dev\abd-context-driven-delivery\contexts\clean_engineering\templates\clean_engineering-templates.py  — 3 manifest line(s)
2026-07-19T18:54:54Z [post] FIRED  C:\dev\abd-context-driven-delivery\contexts\clean_engineering\templates\clean_engineering-templates.py  — 3 manifest line(s)
2026-07-19T18:54:59Z [pre ] skip  C:\dev\abd-context-driven-delivery\contexts\stories\stories.md
2026-07-19T18:54:59Z [pre ] skip  C:\dev\abd-context-driven-delivery\contexts\clean_engineering\sketch-template.md
2026-07-19T18:55:00Z [read] skip  C:\dev\abd-context-driven-delivery\contexts\stories\stories.md
2026-07-19T18:55:00Z [post] skip  C:\dev\abd-context-driven-delivery\contexts\clean_engineering\sketch-template.md
2026-07-19T18:55:00Z [post] skip  C:\dev\abd-context-driven-delivery\contexts\cdd
2026-07-19T18:55:01Z [post] skip  C:\dev\abd-context-driven-delivery\contexts\stories\stories.md
2026-07-19T18:55:01Z [post] skip  C:\dev\abd-context-driven-delivery\contexts\clean_engineering\sketch-template.md
2026-07-19T18:55:06Z [pre ] skip  C:\Users\thoma\.cursor\projects\c-dev-abd-context-driven-delivery\agent-tools\d687b516-7c0a-492d-85a7-cfa589c24e68.txt
2026-07-19T18:55:06Z [pre ] skip  C:\Users\thoma\.cursor\projects\c-dev-abd-context-driven-delivery\agent-transcripts\a0734cce-f804-4ad2-a13b-e423526773b4\a0734cce-f804-4ad2-a13b-e423526773b4.jsonl
2026-07-19T18:55:07Z [read] skip  C:\Users\thoma\.cursor\projects\c-dev-abd-context-driven-delivery\agent-tools\d687b516-7c0a-492d-85a7-cfa589c24e68.txt
2026-07-19T18:55:08Z [post] skip  C:\Users\thoma\.cursor\projects\c-dev-abd-context-driven-delivery\agent-transcripts\a0734cce-f804-4ad2-a13b-e423526773b4\a0734cce-f804-4ad2-a13b-e423526773b4.jsonl
2026-07-19T18:55:08Z [post] skip  C:\Users\thoma\.cursor\projects\c-dev-abd-context-driven-delivery\agent-tools\d687b516-7c0a-492d-85a7-cfa589c24e68.txt
2026-07-19T18:55:13Z [pre ] skip  C:\dev\abd-context-driven-delivery\contexts\stories\stories.md
2026-07-19T18:55:14Z [read] skip  C:\dev\abd-context-driven-delivery\contexts\stories\stories.md
2026-07-19T18:55:14Z [post] skip  C:\dev\abd-context-driven-delivery\contexts\stories
2026-07-19T18:55:14Z [post] skip  C:\dev\abd-context-driven-delivery\contexts\stories
2026-07-19T18:55:15Z [post] skip  C:\dev\abd-context-driven-delivery\contexts\stories\stories.md
2026-07-19T18:55:24Z [pre ] skip  C:\dev\abd-context-driven-delivery\contexts\stories\examples\py\manage-customer-orders\manage_customer_orders_helper.py
2026-07-19T18:55:25Z [pre ] skip  C:\dev\abd-context-driven-delivery\contexts\stories\stories.md
2026-07-19T18:55:25Z [read] skip  C:\dev\abd-context-driven-delivery\contexts\stories\examples\py\manage-customer-orders\manage_customer_orders_helper.py
2026-07-19T18:55:25Z [post] skip  C:\dev\abd-context-driven-delivery\contexts\stories
2026-07-19T18:55:26Z [read] skip  C:\dev\abd-context-driven-delivery\contexts\stories\stories.md
2026-07-19T18:55:26Z [post] skip  C:\dev\abd-context-driven-delivery\contexts\stories\examples\py\manage-customer-orders\manage_customer_orders_helper.py
2026-07-19T18:55:28Z [post] skip  C:\dev\abd-context-driven-delivery\contexts\stories\stories.md
2026-07-19T18:55:32Z [pre ] skip  C:\dev\abd-context-driven-delivery\contexts\stories\templates\py\{epic-verb-noun}\{sub-epic-verb-noun}\{lowest-sub-epic}\{lowest_sub_epic}_stories.py
2026-07-19T18:55:32Z [post] skip  C:\dev\abd-context-driven-delivery\contexts\stories
2026-07-19T18:55:33Z [read] skip  C:\dev\abd-context-driven-delivery\contexts\stories\templates\py\{epic-verb-noun}\{sub-epic-verb-noun}\{lowest-sub-epic}\{lowest_sub_epic}_stories.py
2026-07-19T18:55:33Z [post] skip  C:\dev\abd-context-driven-delivery\contexts\stories
2026-07-19T18:55:35Z [post] skip  C:\dev\abd-context-driven-delivery\contexts\stories\templates\py\{epic-verb-noun}\{sub-epic-verb-noun}\{lowest-sub-epic}\{lowest_sub_epic}_stories.py
2026-07-19T18:55:40Z [pre ] skip  C:\dev\abd-context-driven-delivery\contexts\stories\code\architecture-context.md
2026-07-19T18:55:40Z [pre ] skip  C:\dev\abd-context-driven-delivery\contexts\stories\code\python\python_story_map.py
2026-07-19T18:55:41Z [read] skip  C:\dev\abd-context-driven-delivery\contexts\stories\code\python\python_story_map.py
2026-07-19T18:55:41Z [read] skip  C:\dev\abd-context-driven-delivery\contexts\stories\code\architecture-context.md
2026-07-19T18:55:42Z [post] skip  C:\dev\abd-context-driven-delivery\contexts\stories\code\architecture-context.md
2026-07-19T18:55:42Z [post] skip  C:\dev\abd-context-driven-delivery\contexts\stories\code\python\python_story_map.py
2026-07-19T18:55:54Z [pre ] skip  C:\dev\abd-context-driven-delivery\contexts\stories\stories.md
2026-07-19T18:55:55Z [read] skip  C:\dev\abd-context-driven-delivery\contexts\stories\stories.md
2026-07-19T18:55:56Z [post] skip  C:\dev\abd-context-driven-delivery\contexts\stories\stories.md
2026-07-19T18:55:57Z [pre ] skip  C:\dev\abd-context-driven-delivery\contexts\stories\stories.md
2026-07-19T18:55:58Z [post] skip  C:\dev\abd-context-driven-delivery\contexts\stories\stories.md
2026-07-19T18:55:59Z [post] skip  C:\dev\abd-context-driven-delivery\contexts\stories\stories.md
2026-07-19T18:56:01Z [pre ] skip  C:\dev\abd-context-driven-delivery\contexts\stories\stories.md
2026-07-19T18:56:02Z [post] skip  C:\dev\abd-context-driven-delivery\contexts\stories\stories.md
2026-07-19T18:56:03Z [pre ] skip  C:\dev\abd-context-driven-delivery\contexts\stories\code\architecture-context.md
2026-07-19T18:56:03Z [post] skip  C:\dev\abd-context-driven-delivery\contexts\stories\stories.md
2026-07-19T18:56:04Z [post] skip  C:\dev\abd-context-driven-delivery\contexts\stories\code\architecture-context.md
2026-07-19T18:56:05Z [pre ] skip  C:\dev\abd-context-driven-delivery\contexts\stories\stories.md
2026-07-19T18:56:06Z [post] skip  C:\dev\abd-context-driven-delivery\contexts\stories\stories.md
2026-07-19T18:56:07Z [post] skip  C:\dev\abd-context-driven-delivery\contexts\stories\stories.md
2026-07-19T18:56:11Z [pre ] skip  C:\dev\abd-context-driven-delivery\contexts\stories\code\architecture-context.md
2026-07-19T18:56:12Z [read] skip  C:\dev\abd-context-driven-delivery\contexts\stories\code\architecture-context.md
2026-07-19T18:56:12Z [post] skip  C:\dev\abd-context-driven-delivery\contexts\clean_engineering
2026-07-19T18:56:13Z [post] skip  C:\dev\abd-context-driven-delivery\contexts\stories\code\architecture-context.md
2026-07-19T18:56:15Z [post] skip  C:\dev\abd-context-driven-delivery\contexts\cdd\connect-story-examples\generate-interface-extensions\generate-type-extending-interface\generate_type_extending_interface_stories.py
2026-07-19T18:56:16Z [post] skip  C:\dev\abd-context-driven-delivery\contexts\cdd\connect-story-examples\generate-interface-extensions\generate-type-extending-interface\generate_type_extending_interface_stories.py
2026-07-19T18:56:20Z [pre ] skip  C:\dev\abd-context-driven-delivery\contexts\stories\code\architecture-context.md
2026-07-19T18:56:20Z [pre ] skip  C:\dev\abd-context-driven-delivery\contexts\clean_engineering\templates\clean_engineering-templates.md
2026-07-19T18:56:20Z [pre ] skip  C:\dev\abd-context-driven-delivery\contexts\cdd\connect-story-examples\generate-interface-extensions\generate-fake-type-extending-interface\generate_fake_type_extending_interface_stories.py
2026-07-19T18:56:20Z [pre ] skip  C:\dev\abd-context-driven-delivery\contexts\cdd\connect-story-examples\generate-interface-extensions\generate-isolated-type-extending-interface\generate_isolated_type_extending_interface_stories.py
2026-07-19T18:56:21Z [read] skip  C:\dev\abd-context-driven-delivery\contexts\stories\code\architecture-context.md
2026-07-19T18:56:21Z [pre ] skip  C:\dev\abd-context-driven-delivery\contexts\cdd\connect-story-examples\generate-interface-extensions\generate-production-type-extending-interface\generate_production_type_extending_interface_stories.py
2026-07-19T18:56:22Z [post] skip  C:\dev\abd-context-driven-delivery\contexts\cdd\connect-story-examples\generate-interface-extensions\generate-fake-type-extending-interface\generate_fake_type_extending_interface_stories.py
2026-07-19T18:56:22Z [read] skip  C:\dev\abd-context-driven-delivery\contexts\clean_engineering\templates\clean_engineering-templates.md
2026-07-19T18:56:22Z [post] skip  C:\dev\abd-context-driven-delivery\contexts\cdd\connect-story-examples\generate-interface-extensions\generate-isolated-type-extending-interface\generate_isolated_type_extending_interface_stories.py
2026-07-19T18:56:22Z [post] skip  C:\dev\abd-context-driven-delivery\contexts\stories\code\architecture-context.md
2026-07-19T18:56:22Z [post] skip  C:\dev\abd-context-driven-delivery\contexts\cdd\connect-story-examples\generate-interface-extensions\generate-production-type-extending-interface\generate_production_type_extending_interface_stories.py
2026-07-19T18:56:23Z [post] skip  C:\dev\abd-context-driven-delivery\contexts\clean_engineering\templates\clean_engineering-templates.md
2026-07-19T18:56:23Z [pre ] skip  C:\dev\abd-context-driven-delivery\contexts\stories\templates\py\{epic-verb-noun}\{sub-epic-verb-noun}\{lowest-sub-epic}\{lowest_sub_epic}_stories.py
2026-07-19T18:56:23Z [pre ] skip  C:\dev\abd-context-driven-delivery\contexts\stories\code\architecture-context.md
2026-07-19T18:56:24Z [read] skip  C:\dev\abd-context-driven-delivery\contexts\stories\templates\py\{epic-verb-noun}\{sub-epic-verb-noun}\{lowest-sub-epic}\{lowest_sub_epic}_stories.py
2026-07-19T18:56:25Z [post] skip  C:\dev\abd-context-driven-delivery\contexts\stories\code\architecture-context.md
2026-07-19T18:56:25Z [post] skip  C:\dev\abd-context-driven-delivery\contexts\stories\templates\py\{epic-verb-noun}\{sub-epic-verb-noun}\{lowest-sub-epic}\{lowest_sub_epic}_stories.py
2026-07-19T18:56:25Z [post] skip  C:\dev\abd-context-driven-delivery\contexts\stories\code\architecture-context.md
2026-07-19T18:56:27Z [pre ] skip  C:\dev\abd-context-driven-delivery\contexts\stories\templates\py\{epic-verb-noun}\{sub-epic-verb-noun}\{lowest-sub-epic}\{lowest_sub_epic}_stories.py
2026-07-19T18:56:28Z [post] skip  C:\dev\abd-context-driven-delivery\contexts\stories\templates\py\{epic-verb-noun}\{sub-epic-verb-noun}\{lowest-sub-epic}\{lowest_sub_epic}_stories.py
2026-07-19T18:56:29Z [post] skip  C:\dev\abd-context-driven-delivery\contexts\stories\templates\py\{epic-verb-noun}\{sub-epic-verb-noun}\{lowest-sub-epic}\{lowest_sub_epic}_stories.py
2026-07-19T18:56:31Z [pre ] skip  C:\dev\abd-context-driven-delivery\contexts\clean_engineering\templates\clean_engineering-templates.md
2026-07-19T18:56:32Z [read] skip  C:\dev\abd-context-driven-delivery\contexts\clean_engineering\templates\clean_engineering-templates.md
2026-07-19T18:56:33Z [post] skip  C:\dev\abd-context-driven-delivery\contexts\clean_engineering\templates\clean_engineering-templates.md
2026-07-19T18:56:38Z [pre ] skip  C:\dev\abd-context-driven-delivery\contexts\clean_engineering\templates\clean_engineering-templates.md
2026-07-19T18:56:39Z [read] skip  C:\dev\abd-context-driven-delivery\contexts\clean_engineering\templates\clean_engineering-templates.md
2026-07-19T18:56:40Z [post] skip  C:\dev\abd-context-driven-delivery\contexts\clean_engineering\templates\clean_engineering-templates.md
2026-07-19T18:56:41Z [pre ] skip  C:\dev\abd-context-driven-delivery\contexts\clean_engineering\templates\clean_engineering-templates.md
2026-07-19T18:56:43Z [post] skip  C:\dev\abd-context-driven-delivery\contexts\clean_engineering\templates\clean_engineering-templates.md
2026-07-19T18:56:44Z [post] skip  C:\dev\abd-context-driven-delivery\contexts\clean_engineering\templates\clean_engineering-templates.md
2026-07-19T18:57:03Z [pre ] skip  C:\dev\abd-context-driven-delivery\contexts\cdd\connect-story-examples\generate-stories-that-import-factories\generate-epic-that-imports-factories\generate_epic_that_imports_factories_stories.py
2026-07-19T18:57:04Z [read] skip  C:\dev\abd-context-driven-delivery\contexts\cdd\connect-story-examples\generate-stories-that-import-factories\generate-epic-that-imports-factories\generate_epic_that_imports_factories_stories.py
2026-07-19T18:57:05Z [post] skip  C:\dev\abd-context-driven-delivery\contexts\cdd\connect-story-examples\generate-stories-that-import-factories\generate-epic-that-imports-factories\generate_epic_that_imports_factories_stories.py
2026-07-19T18:57:06Z [pre ] skip  C:\dev\abd-context-driven-delivery\contexts\cdd\connect-story-examples\generate-stories-that-import-factories\generate-sub-epic-that-imports-factories\generate_sub_epic_that_imports_factories_stories.py
2026-07-19T18:57:07Z [pre ] skip  C:\dev\abd-context-driven-delivery\contexts\cdd\connect-story-examples\generate-stories-that-import-factories\generate-epic-that-imports-factories\generate_epic_that_imports_factories_stories.py
2026-07-19T18:57:07Z [post] skip  C:\dev\abd-context-driven-delivery\contexts\cdd\connect-story-examples\generate-stories-that-import-factories\generate-sub-epic-that-imports-factories\generate_sub_epic_that_imports_factories_stories.py
2026-07-19T18:57:08Z [post] skip  C:\dev\abd-context-driven-delivery\contexts\cdd\connect-story-examples\generate-stories-that-import-factories\generate-epic-that-imports-factories\generate_epic_that_imports_factories_stories.py
2026-07-19T18:57:08Z [pre ] skip  C:\dev\abd-context-driven-delivery\contexts\cdd\connect-story-examples\generate-stories-that-import-factories\generate-scenario-steps-that-call-factory-methods\generate_scenario_steps_that_call_factory_methods_stories.py
2026-07-19T18:57:08Z [post] skip  C:\dev\abd-context-driven-delivery\contexts\cdd\connect-story-examples\generate-stories-that-import-factories\generate-sub-epic-that-imports-factories\generate_sub_epic_that_imports_factories_stories.py
2026-07-19T18:57:09Z [post] skip  C:\dev\abd-context-driven-delivery\contexts\cdd\connect-story-examples\generate-stories-that-import-factories\generate-epic-that-imports-factories\generate_epic_that_imports_factories_stories.py
2026-07-19T18:57:09Z [post] skip  C:\dev\abd-context-driven-delivery\contexts\cdd\connect-story-examples\generate-stories-that-import-factories\generate-scenario-steps-that-call-factory-methods\generate_scenario_steps_that_call_factory_methods_stories.py
2026-07-19T18:57:10Z [post] skip  C:\dev\abd-context-driven-delivery\contexts\cdd\connect-story-examples\generate-stories-that-import-factories\generate-scenario-steps-that-call-factory-methods\generate_scenario_steps_that_call_factory_methods_stories.py
2026-07-19T18:58:09Z [post] skip  C:\dev\abd-context-driven-delivery\contexts\cdd\connect-story-examples
2026-07-19T19:23:56Z [post] skip  C:\dev\abd-context-driven-delivery\contexts\clean_engineering
2026-07-19T19:23:56Z [post] skip  C:\dev\abd-context-driven-delivery\contexts\clean_engineering
2026-07-19T19:24:56Z [pre ] skip  C:\dev\abd-context-driven-delivery\contexts\clean_engineering\class_model\python_class_model.py
2026-07-19T19:24:57Z [read] skip  C:\dev\abd-context-driven-delivery\contexts\clean_engineering\class_model\python_class_model.py
2026-07-19T19:24:58Z [post] skip  C:\dev\abd-context-driven-delivery\contexts\clean_engineering\class_model
2026-07-19T19:24:58Z [post] skip  C:\dev\abd-context-driven-delivery\contexts\clean_engineering\class_model\python_class_model.py
2026-07-19T19:25:07Z [pre ] skip  C:\dev\abd-context-driven-delivery\contexts\clean_engineering\class_model\python_class_model.py
2026-07-19T19:25:07Z [pre ] skip  C:\dev\abd-context-driven-delivery\contexts\clean_engineering\class_model\markdown_class_model.py
2026-07-19T19:25:07Z [pre ] skip  C:\dev\abd-context-driven-delivery\contexts\clean_engineering\class_model\javascript_class_model.py
2026-07-19T19:25:08Z [read] skip  C:\dev\abd-context-driven-delivery\contexts\clean_engineering\class_model\python_class_model.py
2026-07-19T19:25:08Z [read] skip  C:\dev\abd-context-driven-delivery\contexts\clean_engineering\class_model\markdown_class_model.py
2026-07-19T19:25:08Z [read] skip  C:\dev\abd-context-driven-delivery\contexts\clean_engineering\class_model\javascript_class_model.py
2026-07-19T19:25:09Z [post] skip  C:\dev\abd-context-driven-delivery\contexts\clean_engineering\class_model\python_class_model.py
2026-07-19T19:25:09Z [post] skip  C:\dev\abd-context-driven-delivery\contexts\clean_engineering\class_model\javascript_class_model.py
2026-07-19T19:25:09Z [post] skip  C:\dev\abd-context-driven-delivery\contexts\clean_engineering\class_model\markdown_class_model.py
2026-07-19T19:25:14Z [pre ] skip  C:\dev\abd-context-driven-delivery\contexts\clean_engineering\class_model\python_class_model.py
2026-07-19T19:25:15Z [pre ] skip  C:\dev\abd-context-driven-delivery\contexts\clean_engineering\class_model\base_class_model_spec.py
2026-07-19T19:25:15Z [pre ] skip  C:\dev\abd-context-driven-delivery\contexts\clean_engineering\clean_engineering_transform_spec.py
2026-07-19T19:25:16Z [read] skip  C:\dev\abd-context-driven-delivery\contexts\clean_engineering\class_model\python_class_model.py
2026-07-19T19:25:16Z [read] skip  C:\dev\abd-context-driven-delivery\contexts\clean_engineering\class_model\base_class_model_spec.py
2026-07-19T19:25:16Z [post] skip  C:\dev\abd-context-driven-delivery\contexts\clean_engineering
2026-07-19T19:25:16Z [post] skip  C:\dev\abd-context-driven-delivery\contexts\clean_engineering\clean_engineering_transform_spec.py
2026-07-19T19:25:17Z [post] skip  C:\dev\abd-context-driven-delivery\contexts\clean_engineering\class_model\python_class_model.py
2026-07-19T19:25:17Z [post] skip  C:\dev\abd-context-driven-delivery\contexts\clean_engineering\class_model\base_class_model_spec.py
2026-07-19T19:25:22Z [pre ] skip  C:\dev\abd-context-driven-delivery\contexts\clean_engineering\class_model\markdown_class_model.py
2026-07-19T19:25:22Z [pre ] skip  C:\dev\abd-context-driven-delivery\contexts\clean_engineering\class_model\base_class_model_spec.py
2026-07-19T19:25:22Z [pre ] skip  C:\dev\abd-context-driven-delivery\contexts\clean_engineering\clean_engineering_transform_spec.py
2026-07-19T19:25:23Z [read] skip  C:\dev\abd-context-driven-delivery\contexts\clean_engineering\class_model\markdown_class_model.py
2026-07-19T19:25:23Z [read] skip  C:\dev\abd-context-driven-delivery\contexts\clean_engineering\clean_engineering_transform_spec.py
2026-07-19T19:25:23Z [post] skip  C:\dev\abd-context-driven-delivery\contexts\clean_engineering\class_model\base_class_model_spec.py
2026-07-19T19:25:24Z [post] skip  C:\dev\abd-context-driven-delivery\contexts\clean_engineering\class_model\markdown_class_model.py
2026-07-19T19:25:24Z [post] skip  C:\dev\abd-context-driven-delivery\contexts\clean_engineering\clean_engineering_transform_spec.py
2026-07-19T19:25:38Z [pre ] skip  C:\dev\abd-context-driven-delivery\contexts\clean_engineering\class_model\base_class_model.py
2026-07-19T19:25:39Z [post] skip  C:\dev\abd-context-driven-delivery\contexts\clean_engineering\class_model\base_class_model.py
2026-07-19T19:25:40Z [post] skip  C:\dev\abd-context-driven-delivery\contexts\clean_engineering\class_model\base_class_model.py
2026-07-19T19:25:45Z [pre ] skip  C:\dev\abd-context-driven-delivery\contexts\clean_engineering\class_model\markdown_class_model.py
2026-07-19T19:25:45Z [pre ] skip  C:\dev\abd-context-driven-delivery\contexts\clean_engineering\class_model\base_class_model_spec.py
2026-07-19T19:25:46Z [read] skip  C:\dev\abd-context-driven-delivery\contexts\clean_engineering\class_model\markdown_class_model.py
2026-07-19T19:25:46Z [read] skip  C:\dev\abd-context-driven-delivery\contexts\clean_engineering\class_model\base_class_model_spec.py
2026-07-19T19:25:47Z [post] skip  C:\dev\abd-context-driven-delivery\contexts\clean_engineering\class_model\markdown_class_model.py
2026-07-19T19:25:47Z [pre ] skip  C:\dev\abd-context-driven-delivery\contexts\clean_engineering\clean_engineering.md
2026-07-19T19:25:47Z [post] skip  C:\dev\abd-context-driven-delivery\contexts\clean_engineering\class_model\base_class_model_spec.py
2026-07-19T19:25:48Z [post] skip  C:\dev\abd-context-driven-delivery\contexts\clean_engineering\clean_engineering.md
2026-07-19T19:25:48Z [pre ] skip  C:\dev\abd-context-driven-delivery\contexts\clean_engineering\class_model\markdown_class_model.py
2026-07-19T19:25:49Z [post] skip  C:\dev\abd-context-driven-delivery\contexts\clean_engineering\clean_engineering.md
2026-07-19T19:25:49Z [post] skip  C:\dev\abd-context-driven-delivery\contexts\clean_engineering\class_model\markdown_class_model.py
2026-07-19T19:25:50Z [post] skip  C:\dev\abd-context-driven-delivery\contexts\clean_engineering\class_model\markdown_class_model.py
2026-07-19T19:25:54Z [pre ] skip  C:\dev\abd-context-driven-delivery\contexts\clean_engineering\class_model\base_class_model_spec.py
2026-07-19T19:25:55Z [read] skip  C:\dev\abd-context-driven-delivery\contexts\clean_engineering\class_model\base_class_model_spec.py
2026-07-19T19:25:56Z [post] skip  C:\dev\abd-context-driven-delivery\contexts\clean_engineering\class_model\base_class_model_spec.py
2026-07-19T19:25:57Z [pre ] skip  C:\dev\abd-context-driven-delivery\contexts\clean_engineering\class_model\base_class_model_spec.py
2026-07-19T19:25:58Z [post] skip  C:\dev\abd-context-driven-delivery\contexts\clean_engineering\class_model\base_class_model_spec.py
2026-07-19T19:25:59Z [post] skip  C:\dev\abd-context-driven-delivery\contexts\clean_engineering\class_model\base_class_model_spec.py
2026-07-19T19:26:01Z [pre ] skip  C:\dev\abd-context-driven-delivery\contexts\clean_engineering\class_model\base_class_model_spec.py
2026-07-19T19:26:02Z [post] skip  C:\dev\abd-context-driven-delivery\contexts\clean_engineering\class_model\base_class_model_spec.py
2026-07-19T19:26:03Z [post] skip  C:\dev\abd-context-driven-delivery\contexts\clean_engineering\class_model\base_class_model_spec.py
2026-07-19T19:26:03Z [post] skip  C:\dev\abd-context-driven-delivery\contexts\clean_engineering\class_model\example_factory_convert_spec.py
2026-07-19T19:26:04Z [post] skip  C:\dev\abd-context-driven-delivery\contexts\clean_engineering\class_model\example_factory_convert_spec.py
2026-07-19T19:26:19Z [post] skip  C:\dev\abd-context-driven-delivery\contexts\clean_engineering
2026-07-19T19:26:31Z [pre ] skip  C:\dev\abd-context-driven-delivery\contexts\clean_engineering\class_model\markdown_class_model.py
2026-07-19T19:26:32Z [post] skip  C:\dev\abd-context-driven-delivery\contexts\clean_engineering\class_model\markdown_class_model.py
2026-07-19T19:26:33Z [post] skip  C:\dev\abd-context-driven-delivery\contexts\clean_engineering\class_model\markdown_class_model.py
2026-07-19T19:26:41Z [pre ] skip  C:\dev\abd-context-driven-delivery\contexts\clean_engineering\class_model\example_factory_convert_spec.py
2026-07-19T19:26:42Z [post] skip  C:\dev\abd-context-driven-delivery\contexts\clean_engineering\class_model\example_factory_convert_spec.py
2026-07-19T19:26:42Z [post] skip  C:\dev\abd-context-driven-delivery\contexts\clean_engineering\class_model\example_factory_convert_spec.py
2026-07-19T19:29:56Z [pre ] skip  C:\dev\abd-context-driven-delivery\contexts\stories\code\python\python_story_map.py
2026-07-19T19:29:58Z [read] skip  C:\dev\abd-context-driven-delivery\contexts\stories\code\python\python_story_map.py
2026-07-19T19:29:58Z [post] skip  C:\dev\abd-context-driven-delivery\contexts\stories\code
2026-07-19T19:29:58Z [post] skip  C:\dev\abd-context-driven-delivery\contexts\stories
2026-07-19T19:29:59Z [post] skip  C:\dev\abd-context-driven-delivery\contexts\stories\code\python\python_story_map.py
2026-07-19T19:30:07Z [pre ] skip  C:\dev\abd-context-driven-delivery\contexts\stories\code\code_story_map.py
2026-07-19T19:30:07Z [pre ] skip  C:\dev\abd-context-driven-delivery\contexts\stories\document\markdown\tree.py
2026-07-19T19:30:07Z [pre ] skip  C:\dev\abd-context-driven-delivery\contexts\stories\code\javascript\tree.py
2026-07-19T19:30:08Z [read] skip  C:\dev\abd-context-driven-delivery\contexts\stories\code\code_story_map.py
2026-07-19T19:30:08Z [post] skip  C:\dev\abd-context-driven-delivery\contexts\stories\code\javascript
2026-07-19T19:30:08Z [post] skip  C:\dev\abd-context-driven-delivery\contexts\stories\story_model
2026-07-19T19:30:08Z [read] skip  C:\dev\abd-context-driven-delivery\contexts\stories\document\markdown\tree.py
2026-07-19T19:30:08Z [read] skip  C:\dev\abd-context-driven-delivery\contexts\stories\code\javascript\tree.py
2026-07-19T19:30:09Z [post] skip  C:\dev\abd-context-driven-delivery\contexts\stories\code\code_story_map.py
2026-07-19T19:30:09Z [post] skip  C:\dev\abd-context-driven-delivery\contexts\stories\code\javascript\tree.py

2026-07-19T19:30:14Z [pre ] skip  C:\dev\abd-context-driven-delivery\contexts\stories\story_model\nodes.py
2026-07-19T19:30:14Z [pre ] skip  C:\dev\abd-context-driven-delivery\contexts\stories\code\code_story_map.py
2026-07-19T19:30:15Z [pre ] skip  C:\dev\abd-context-driven-delivery\contexts\stories\document\markdown\nodes.py
2026-07-19T19:30:15Z [pre ] skip  C:\dev\abd-context-driven-delivery\contexts\stories\code\javascript\spec_file.py
2026-07-19T19:30:15Z [pre ] skip  C:\dev\abd-context-driven-delivery\contexts\stories\code\typescript\spec_file.py
2026-07-19T19:30:15Z [read] skip  C:\dev\abd-context-driven-delivery\contexts\stories\story_model\nodes.py
2026-07-19T19:30:16Z [read] skip  C:\dev\abd-context-driven-delivery\contexts\stories\code\code_story_map.py
2026-07-19T19:30:16Z [post] skip  C:\dev\abd-context-driven-delivery\contexts\stories\document\markdown\nodes.py
2026-07-19T19:30:16Z [read] skip  C:\dev\abd-context-driven-delivery\contexts\stories\code\javascript\spec_file.py
2026-07-19T19:30:16Z [read] skip  C:\dev\abd-context-driven-delivery\contexts\stories\code\typescript\spec_file.py
2026-07-19T19:30:16Z [post] skip  C:\dev\abd-context-driven-delivery\contexts\stories\story_model\nodes.py
2026-07-19T19:30:17Z [post] skip  C:\dev\abd-context-driven-delivery\contexts\stories\code\code_story_map.py
2026-07-19T19:30:17Z [post] skip  C:\dev\abd-context-driven-delivery\contexts\stories\code\javascript\spec_file.py
2026-07-19T19:30:17Z [post] skip  C:\dev\abd-context-driven-delivery\contexts\stories\code\typescript\spec_file.py
2026-07-19T19:30:28Z [pre ] skip  C:\dev\abd-context-driven-delivery\contexts\stories\story_model\nodes.py
2026-07-19T19:30:28Z [pre ] skip  C:\dev\abd-context-driven-delivery\contexts\stories\document\markdown\nodes.py
2026-07-19T19:30:28Z [pre ] skip  C:\dev\abd-context-driven-delivery\contexts\stories\document\markdown\nodes.py
2026-07-19T19:30:29Z [read] skip  C:\dev\abd-context-driven-delivery\contexts\stories\story_model\nodes.py
2026-07-19T19:30:29Z [read] skip  C:\dev\abd-context-driven-delivery\contexts\stories\document\markdown\nodes.py
2026-07-19T19:30:30Z [post] skip  C:\dev\abd-context-driven-delivery\contexts\stories\document\markdown\nodes.py
2026-07-19T19:30:30Z [post] skip  C:\dev\abd-context-driven-delivery\contexts\stories\story_model\nodes.py
2026-07-19T19:30:30Z [post] skip  C:\dev\abd-context-driven-delivery\contexts\stories\document\markdown\nodes.py
2026-07-19T19:30:35Z [pre ] skip  C:\dev\abd-context-driven-delivery\contexts\stories\document\markdown\nodes.py
2026-07-19T19:30:35Z [pre ] skip  C:\dev\abd-context-driven-delivery\contexts\stories\code\python\python_story_map_spec.py
2026-07-19T19:30:36Z [read] skip  C:\dev\abd-context-driven-delivery\contexts\stories\document\markdown\nodes.py
2026-07-19T19:30:36Z [read] skip  C:\dev\abd-context-driven-delivery\contexts\stories\code\python\python_story_map_spec.py
2026-07-19T19:30:37Z [post] skip  C:\dev\abd-context-driven-delivery\contexts\stories\document\markdown\nodes.py
2026-07-19T19:30:37Z [post] skip  C:\dev\abd-context-driven-delivery\contexts\stories\code\python\python_story_map_spec.py
2026-07-19T19:30:49Z [post] skip  C:\dev\abd-context-driven-delivery\contexts\stories\code\example_factories.py
2026-07-19T19:30:50Z [pre ] skip  C:\dev\abd-context-driven-delivery\contexts\stories\story_model\nodes.py
2026-07-19T19:30:50Z [post] skip  C:\dev\abd-context-driven-delivery\contexts\stories\code\example_factories.py
2026-07-19T19:30:51Z [read] skip  C:\dev\abd-context-driven-delivery\contexts\stories\story_model\nodes.py
2026-07-19T19:30:52Z [post] skip  C:\dev\abd-context-driven-delivery\contexts\stories\story_model\nodes.py
2026-07-19T19:30:53Z [pre ] skip  C:\dev\abd-context-driven-delivery\contexts\stories\story_model\nodes.py
2026-07-19T19:30:54Z [post] skip  C:\dev\abd-context-driven-delivery\contexts\stories\story_model\nodes.py
2026-07-19T19:30:55Z [post] skip  C:\dev\abd-context-driven-delivery\contexts\stories\story_model\nodes.py
2026-07-19T19:30:57Z [pre ] skip  C:\dev\abd-context-driven-delivery\contexts\stories\story_model\nodes.py
2026-07-19T19:30:58Z [post] skip  C:\dev\abd-context-driven-delivery\contexts\stories\story_model\nodes.py
2026-07-19T19:30:59Z [post] skip  C:\dev\abd-context-driven-delivery\contexts\stories\story_model\nodes.py
2026-07-19T19:31:00Z [pre ] skip  C:\dev\abd-context-driven-delivery\contexts\stories\story_model\nodes.py
2026-07-19T19:31:02Z [post] skip  C:\dev\abd-context-driven-delivery\contexts\stories\story_model\nodes.py
2026-07-19T19:31:03Z [post] skip  C:\dev\abd-context-driven-delivery\contexts\stories\story_model\nodes.py
2026-07-19T19:31:13Z [pre ] skip  C:\dev\abd-context-driven-delivery\contexts\stories\code\python\python_story_map.py
2026-07-19T19:31:14Z [read] skip  C:\dev\abd-context-driven-delivery\contexts\stories\code\python\python_story_map.py
2026-07-19T19:31:15Z [post] skip  C:\dev\abd-context-driven-delivery\contexts\stories\code\python\python_story_map.py
2026-07-19T19:31:17Z [pre ] skip  C:\dev\abd-context-driven-delivery\contexts\stories\code\python\python_story_map.py
2026-07-19T19:31:18Z [post] skip  C:\dev\abd-context-driven-delivery\contexts\stories\code\python\python_story_map.py
2026-07-19T19:31:19Z [pre ] skip  C:\dev\abd-context-driven-delivery\contexts\stories\code\javascript\tree.py
2026-07-19T19:31:19Z [post] skip  C:\dev\abd-context-driven-delivery\contexts\stories\code\python\python_story_map.py
2026-07-19T19:31:20Z [read] skip  C:\dev\abd-context-driven-delivery\contexts\stories\code\javascript\tree.py
2026-07-19T19:31:20Z [pre ] skip  C:\dev\abd-context-driven-delivery\contexts\stories\document\markdown\nodes.py
2026-07-19T19:31:21Z [post] skip  C:\dev\abd-context-driven-delivery\contexts\stories\code\javascript\tree.py
2026-07-19T19:31:21Z [read] skip  C:\dev\abd-context-driven-delivery\contexts\stories\document\markdown\nodes.py
2026-07-19T19:31:22Z [post] skip  C:\dev\abd-context-driven-delivery\contexts\stories\document\markdown\nodes.py
2026-07-19T19:31:22Z [pre ] skip  C:\dev\abd-context-driven-delivery\contexts\stories\code\javascript\tree.py
2026-07-19T19:31:23Z [post] skip  C:\dev\abd-context-driven-delivery\contexts\stories\code\javascript\tree.py
2026-07-19T19:31:23Z [pre ] skip  C:\dev\abd-context-driven-delivery\contexts\stories\document\markdown\nodes.py
2026-07-19T19:31:24Z [post] skip  C:\dev\abd-context-driven-delivery\contexts\stories\code\javascript\tree.py
2026-07-19T19:31:25Z [post] skip  C:\dev\abd-context-driven-delivery\contexts\stories\document\markdown\nodes.py
2026-07-19T19:31:26Z [post] skip  C:\dev\abd-context-driven-delivery\contexts\stories\document\markdown\nodes.py
2026-07-19T19:31:27Z [pre ] skip  C:\dev\abd-context-driven-delivery\contexts\stories\document\markdown\nodes.py
2026-07-19T19:31:28Z [post] skip  C:\dev\abd-context-driven-delivery\contexts\stories\document\markdown\nodes.py
2026-07-19T19:31:29Z [post] skip  C:\dev\abd-context-driven-delivery\contexts\stories\document\markdown\nodes.py
2026-07-19T19:31:34Z [pre ] skip  C:\dev\abd-context-driven-delivery\contexts\stories\code\javascript\tree.py
2026-07-19T19:31:35Z [post] skip  C:\dev\abd-context-driven-delivery\contexts\stories\code\javascript\tree.py
2026-07-19T19:31:36Z [post] skip  C:\dev\abd-context-driven-delivery\contexts\stories\code\javascript\tree.py
2026-07-19T19:31:51Z [pre ] skip  C:\dev\abd-context-driven-delivery\contexts\stories\document\markdown\nodes.py
2026-07-19T19:31:53Z [post] skip  C:\dev\abd-context-driven-delivery\contexts\stories\document\markdown\nodes.py
2026-07-19T19:31:54Z [post] skip  C:\dev\abd-context-driven-delivery\contexts\stories\document\markdown\nodes.py
2026-07-19T19:32:08Z [post] skip  C:\dev\abd-context-driven-delivery\contexts\stories\code\example_factories_spec.py
2026-07-19T19:32:09Z [post] skip  C:\dev\abd-context-driven-delivery\contexts\stories\code\example_factories_spec.py
2026-07-19T19:32:28Z [pre ] skip  C:\dev\abd-context-driven-delivery\contexts\stories\document\markdown\nodes.py
2026-07-19T19:32:28Z [pre ] skip  C:\dev\abd-context-driven-delivery\contexts\stories\code\code_story_map.py
2026-07-19T19:32:29Z [post] skip  C:\dev\abd-context-driven-delivery\contexts\stories\document\markdown\nodes.py
2026-07-19T19:32:29Z [post] skip  C:\dev\abd-context-driven-delivery\contexts\stories\code\code_story_map.py
2026-07-19T19:33:10Z [pre ] skip  C:\dev\abd-context-driven-delivery\contexts\stories\document\markdown\nodes.py
2026-07-19T19:33:11Z [post] skip  C:\dev\abd-context-driven-delivery\contexts\stories\document\markdown\nodes.py
2026-07-19T19:33:31Z [pre ] skip  C:\dev\abd-context-driven-delivery\contexts\stories\stories.md
2026-07-19T19:33:32Z [post] skip  C:\dev\abd-context-driven-delivery\contexts\stories\stories.md
2026-07-19T19:33:34Z [post] skip  C:\dev\abd-context-driven-delivery\contexts\stories\stories.md
2026-07-19T19:34:14Z [pre ] skip  C:\dev\abd-context-driven-delivery\contexts\stories\document\markdown\nodes.py
2026-07-19T19:34:15Z [post] skip  C:\dev\abd-context-driven-delivery\contexts\stories\document\markdown\nodes.py
2026-07-19T19:34:16Z [post] skip  C:\dev\abd-context-driven-delivery\contexts\stories\document\markdown\nodes.py
2026-07-19T19:37:30Z [pre ] FIRED  C:\dev\abd-context-driven-delivery\contexts\clean_engineering\templates\clean_engineering-templates.py  — 3 manifest line(s)
2026-07-19T19:37:31Z [post] FIRED  C:\dev\abd-context-driven-delivery\contexts\clean_engineering\templates\clean_engineering-templates.py  — 3 manifest line(s)
2026-07-19T19:37:33Z [post] FIRED  C:\dev\abd-context-driven-delivery\contexts\clean_engineering\templates\clean_engineering-templates.py  — 3 manifest line(s)
2026-07-19T19:37:48Z [pre ] skip  C:\dev\abd-context-driven-delivery\contexts\clean_engineering\templates\clean_engineering-templates.md
2026-07-19T19:37:49Z [post] skip  C:\dev\abd-context-driven-delivery\contexts\clean_engineering\templates\clean_engineering-templates.md
2026-07-19T19:38:00Z [pre ] FIRED  C:\dev\abd-context-driven-delivery\contexts\clean_engineering\templates\clean_engineering-templates.py  — 3 manifest line(s)
2026-07-19T19:38:02Z [post] FIRED  C:\dev\abd-context-driven-delivery\contexts\clean_engineering\templates\clean_engineering-templates.py  — 3 manifest line(s)
2026-07-19T19:38:03Z [post] FIRED  C:\dev\abd-context-driven-delivery\contexts\clean_engineering\templates\clean_engineering-templates.py  — 3 manifest line(s)
2026-07-19T19:38:06Z [pre ] FIRED  C:\dev\abd-context-driven-delivery\contexts\clean_engineering\templates\clean_engineering-templates.py  — 3 manifest line(s)
2026-07-19T19:38:07Z [post] FIRED  C:\dev\abd-context-driven-delivery\contexts\clean_engineering\templates\clean_engineering-templates.py  — 3 manifest line(s)
2026-07-19T19:38:09Z [post] FIRED  C:\dev\abd-context-driven-delivery\contexts\clean_engineering\templates\clean_engineering-templates.py  — 3 manifest line(s)
2026-07-19T19:38:10Z [pre ] FIRED  C:\dev\abd-context-driven-delivery\contexts\clean_engineering\templates\clean_engineering-templates.py  — 3 manifest line(s)
2026-07-19T19:38:12Z [post] FIRED  C:\dev\abd-context-driven-delivery\contexts\clean_engineering\templates\clean_engineering-templates.py  — 3 manifest line(s)
2026-07-19T19:38:13Z [post] FIRED  C:\dev\abd-context-driven-delivery\contexts\clean_engineering\templates\clean_engineering-templates.py  — 3 manifest line(s)
2026-07-19T19:38:15Z [pre ] FIRED  C:\dev\abd-context-driven-delivery\contexts\clean_engineering\templates\clean_engineering-templates.py  — 3 manifest line(s)
2026-07-19T19:38:17Z [post] FIRED  C:\dev\abd-context-driven-delivery\contexts\clean_engineering\templates\clean_engineering-templates.py  — 3 manifest line(s)
2026-07-19T19:38:19Z [post] FIRED  C:\dev\abd-context-driven-delivery\contexts\clean_engineering\templates\clean_engineering-templates.py  — 3 manifest line(s)
2026-07-19T19:38:23Z [pre ] FIRED  C:\dev\abd-context-driven-delivery\contexts\clean_engineering\templates\clean_engineering-templates.py  — 3 manifest line(s)
2026-07-19T19:38:25Z [pre ] FIRED  C:\dev\abd-context-driven-delivery\contexts\clean_engineering\templates\clean_engineering-templates.py  — 3 manifest line(s)
2026-07-19T19:38:27Z [post] FIRED  C:\dev\abd-context-driven-delivery\contexts\clean_engineering\templates\clean_engineering-templates.py  — 3 manifest line(s)
2026-07-19T19:38:54Z [pre ] FIRED  C:\dev\abd-context-driven-delivery\contexts\clean_engineering\templates\clean_engineering-templates.py  — 3 manifest line(s)
2026-07-19T19:38:56Z [post] FIRED  C:\dev\abd-context-driven-delivery\contexts\clean_engineering\templates\clean_engineering-templates.py  — 3 manifest line(s)
2026-07-19T19:38:57Z [post] FIRED  C:\dev\abd-context-driven-delivery\contexts\clean_engineering\templates\clean_engineering-templates.py  — 3 manifest line(s)
2026-07-19T19:38:59Z [pre ] FIRED  C:\dev\abd-context-driven-delivery\contexts\clean_engineering\templates\clean_engineering-templates.py  — 3 manifest line(s)
2026-07-19T19:39:00Z [post] FIRED  C:\dev\abd-context-driven-delivery\contexts\clean_engineering\templates\clean_engineering-templates.py  — 3 manifest line(s)
2026-07-19T19:39:02Z [post] FIRED  C:\dev\abd-context-driven-delivery\contexts\clean_engineering\templates\clean_engineering-templates.py  — 3 manifest line(s)
2026-07-19T19:39:05Z [pre ] FIRED  C:\dev\abd-context-driven-delivery\contexts\clean_engineering\templates\clean_engineering-templates.py  — 3 manifest line(s)
2026-07-19T19:39:07Z [post] FIRED  C:\dev\abd-context-driven-delivery\contexts\clean_engineering\templates\clean_engineering-templates.py  — 3 manifest line(s)
2026-07-19T19:39:25Z [pre ] FIRED  C:\dev\abd-context-driven-delivery\contexts\clean_engineering\templates\clean_engineering-templates.py  — 3 manifest line(s)
2026-07-19T19:39:26Z [post] FIRED  C:\dev\abd-context-driven-delivery\contexts\clean_engineering\templates\clean_engineering-templates.py  — 3 manifest line(s)
2026-07-19T19:39:28Z [post] FIRED  C:\dev\abd-context-driven-delivery\contexts\clean_engineering\templates\clean_engineering-templates.py  — 3 manifest line(s)
2026-07-19T19:39:35Z [pre ] FIRED  C:\dev\abd-context-driven-delivery\contexts\clean_engineering\templates\clean_engineering-templates.py  — 3 manifest line(s)
2026-07-19T19:39:37Z [post] FIRED  C:\dev\abd-context-driven-delivery\contexts\clean_engineering\templates\clean_engineering-templates.py  — 3 manifest line(s)
2026-07-19T19:39:38Z [post] FIRED  C:\dev\abd-context-driven-delivery\contexts\clean_engineering\templates\clean_engineering-templates.py  — 3 manifest line(s)
2026-07-19T19:39:40Z [pre ] FIRED  C:\dev\abd-context-driven-delivery\contexts\clean_engineering\templates\clean_engineering-templates.py  — 3 manifest line(s)
2026-07-19T19:39:41Z [post] FIRED  C:\dev\abd-context-driven-delivery\contexts\clean_engineering\templates\clean_engineering-templates.py  — 3 manifest line(s)
2026-07-19T19:39:42Z [post] FIRED  C:\dev\abd-context-driven-delivery\contexts\clean_engineering\templates\clean_engineering-templates.py  — 3 manifest line(s)
2026-07-19T19:41:28Z [pre ] skip  C:\dev\abd-context-driven-delivery\contexts\clean_engineering\class_model\javascript_class_model.py
2026-07-19T19:41:29Z [post] skip  C:\dev\abd-context-driven-delivery\contexts\clean_engineering
2026-07-19T19:41:29Z [read] skip  C:\dev\abd-context-driven-delivery\contexts\clean_engineering\class_model\javascript_class_model.py
2026-07-19T19:41:29Z [post] skip  C:\dev\abd-context-driven-delivery\contexts\clean_engineering
2026-07-19T19:41:30Z [post] skip  C:\dev\abd-context-driven-delivery\contexts\clean_engineering\class_model\javascript_class_model.py
2026-07-19T19:41:35Z [pre ] skip  C:\dev\abd-context-driven-delivery\contexts\clean_engineering\class_model\python_class_model.py
2026-07-19T19:41:36Z [pre ] FIRED  C:\dev\abd-context-driven-delivery\contexts\clean_engineering\clean_engineering.py  — 5 manifest line(s)
2026-07-19T19:41:36Z [post] skip  C:\dev\abd-context-driven-delivery\contexts\clean_engineering
2026-07-19T19:41:36Z [read] skip  C:\dev\abd-context-driven-delivery\contexts\clean_engineering\class_model\python_class_model.py
2026-07-19T19:41:37Z [post] FIRED  C:\dev\abd-context-driven-delivery\contexts\clean_engineering\clean_engineering.py  — 5 manifest line(s)
2026-07-19T19:41:37Z [post] skip  C:\dev\abd-context-driven-delivery\contexts\clean_engineering\class_model\python_class_model.py
2026-07-19T19:41:43Z [pre ] skip  C:\dev\abd-context-driven-delivery\contexts\clean_engineering\clean_engineering_spec.py
2026-07-19T19:41:43Z [pre ] skip  C:\dev\abd-context-driven-delivery\contexts\clean_engineering\class_model\typescript_class_model.py
2026-07-19T19:41:43Z [read] skip  C:\dev\abd-context-driven-delivery\contexts\clean_engineering\clean_engineering_spec.py
2026-07-19T19:41:44Z [post] skip  C:\dev\abd-context-driven-delivery\contexts\clean_engineering
2026-07-19T19:41:44Z [read] skip  C:\dev\abd-context-driven-delivery\contexts\clean_engineering\class_model\typescript_class_model.py
2026-07-19T19:41:44Z [post] skip  C:\dev\abd-context-driven-delivery\contexts\clean_engineering\clean_engineering_spec.py
2026-07-19T19:41:45Z [post] skip  C:\dev\abd-context-driven-delivery\contexts\clean_engineering\class_model\typescript_class_model.py
2026-07-19T19:41:50Z [post] skip  C:\dev\abd-context-driven-delivery\primitives
2026-07-19T19:41:50Z [post] skip  C:\dev\abd-context-driven-delivery\contexts\clean_engineering
2026-07-19T19:42:08Z [pre ] skip  C:\dev\abd-context-driven-delivery\primitives\instructions\instruction_spec.py
2026-07-19T19:42:09Z [read] skip  C:\dev\abd-context-driven-delivery\primitives\instructions\instruction_spec.py
2026-07-19T19:42:10Z [post] skip  C:\dev\abd-context-driven-delivery\primitives\instructions\instruction_spec.py
2026-07-19T19:42:16Z [pre ] FIRED  C:\dev\abd-context-driven-delivery\contexts\clean_engineering\clean_engineering.py  — 5 manifest line(s)
2026-07-19T19:42:18Z [read] FIRED  C:\dev\abd-context-driven-delivery\contexts\clean_engineering\clean_engineering.py  — 5 manifest line(s)
2026-07-19T19:42:18Z [post] FIRED  C:\dev\abd-context-driven-delivery\contexts\clean_engineering\clean_engineering.py  — 5 manifest line(s)
2026-07-19T19:42:19Z [post] FIRED  C:\dev\abd-context-driven-delivery\contexts\clean_engineering\clean_engineering.py  — 5 manifest line(s)
2026-07-19T19:42:27Z [pre ] skip  C:\dev\abd-context-driven-delivery\contexts\clean_engineering\clean_engineering_spec.py
2026-07-19T19:42:30Z [post] skip  C:\dev\abd-context-driven-delivery\primitives\assets
2026-07-19T19:42:30Z [read] skip  C:\dev\abd-context-driven-delivery\contexts\clean_engineering\clean_engineering_spec.py
2026-07-19T19:42:31Z [post] skip  C:\dev\abd-context-driven-delivery\contexts\clean_engineering\clean_engineering_spec.py
2026-07-19T19:42:34Z [pre ] skip  C:\dev\abd-context-driven-delivery\primitives\assets\asset_spec.py
2026-07-19T19:42:35Z [read] skip  C:\dev\abd-context-driven-delivery\primitives\assets\asset_spec.py
2026-07-19T19:42:36Z [post] skip  C:\dev\abd-context-driven-delivery\primitives\assets\asset_spec.py
2026-07-19T19:42:45Z [pre ] skip  C:\dev\abd-context-driven-delivery\primitives\instructions\instructions.py
2026-07-19T19:42:46Z [post] skip  C:\dev\abd-context-driven-delivery\primitives\instructions\instructions.py
2026-07-19T19:42:47Z [pre ] skip  C:\dev\abd-context-driven-delivery\primitives\assets\assets.py
2026-07-19T19:42:47Z [post] skip  C:\dev\abd-context-driven-delivery\primitives\instructions\instructions.py
2026-07-19T19:42:48Z [post] skip  C:\dev\abd-context-driven-delivery\primitives\assets\assets.py
2026-07-19T19:42:49Z [post] skip  C:\dev\abd-context-driven-delivery\primitives\assets\assets.py
2026-07-19T19:42:54Z [post] skip  C:\dev\abd-context-driven-delivery\contexts\clean_engineering\templates\clean_engineering-templates.js
2026-07-19T19:42:55Z [post] skip  C:\dev\abd-context-driven-delivery\contexts\clean_engineering\templates\clean_engineering-templates.js
2026-07-19T19:42:58Z [pre ] skip  C:\dev\abd-context-driven-delivery\primitives\assets\assets.py
2026-07-19T19:42:59Z [post] skip  C:\dev\abd-context-driven-delivery\primitives\assets\assets.py
2026-07-19T19:43:00Z [post] skip  C:\dev\abd-context-driven-delivery\primitives\assets\assets.py
2026-07-19T19:43:02Z [pre ] skip  C:\dev\abd-context-driven-delivery\primitives\assets\assets.py
2026-07-19T19:43:03Z [post] skip  C:\dev\abd-context-driven-delivery\primitives\assets\assets.py
2026-07-19T19:43:04Z [post] skip  C:\dev\abd-context-driven-delivery\primitives\assets\assets.py
2026-07-19T19:43:07Z [pre ] skip  C:\dev\abd-context-driven-delivery\contexts\clean_engineering\templates\clean_engineering-templates.md
2026-07-19T19:43:08Z [post] skip  C:\dev\abd-context-driven-delivery\contexts\clean_engineering\templates\clean_engineering-templates.md
2026-07-19T19:43:10Z [post] skip  C:\dev\abd-context-driven-delivery\contexts\clean_engineering\templates\clean_engineering-templates.md
2026-07-19T19:43:17Z [pre ] skip  C:\dev\abd-context-driven-delivery\contexts\clean_engineering\class_model\javascript_class_model.py
2026-07-19T19:43:18Z [read] skip  C:\dev\abd-context-driven-delivery\contexts\clean_engineering\class_model\javascript_class_model.py
2026-07-19T19:43:19Z [post] skip  C:\dev\abd-context-driven-delivery\contexts\clean_engineering\class_model\javascript_class_model.py
2026-07-19T19:43:20Z [pre ] skip  C:\dev\abd-context-driven-delivery\contexts\clean_engineering\class_model\javascript_class_model.py
2026-07-19T19:43:21Z [post] skip  C:\dev\abd-context-driven-delivery\contexts\clean_engineering\class_model\javascript_class_model.py
2026-07-19T19:43:22Z [post] skip  C:\dev\abd-context-driven-delivery\contexts\clean_engineering\class_model\javascript_class_model.py
2026-07-19T19:43:30Z [pre ] skip  C:\dev\abd-context-driven-delivery\contexts\clean_engineering\class_model\javascript_class_model.py
2026-07-19T19:43:31Z [post] skip  C:\dev\abd-context-driven-delivery\contexts\clean_engineering\class_model\javascript_class_model.py
2026-07-19T19:43:32Z [post] skip  C:\dev\abd-context-driven-delivery\contexts\clean_engineering\class_model\javascript_class_model.py
2026-07-19T19:43:34Z [pre ] skip  C:\dev\abd-context-driven-delivery\contexts\clean_engineering\class_model\javascript_class_model.py
2026-07-19T19:43:35Z [post] skip  C:\dev\abd-context-driven-delivery\contexts\clean_engineering\class_model\javascript_class_model.py
2026-07-19T19:43:36Z [pre ] skip  C:\dev\abd-context-driven-delivery\contexts\clean_engineering\class_model\base_class_model.py
2026-07-19T19:43:36Z [post] skip  C:\dev\abd-context-driven-delivery\contexts\clean_engineering\class_model\javascript_class_model.py
2026-07-19T19:43:37Z [post] skip  C:\dev\abd-context-driven-delivery\contexts\clean_engineering\class_model\base_class_model.py
2026-07-19T19:43:38Z [post] skip  C:\dev\abd-context-driven-delivery\contexts\clean_engineering\class_model\base_class_model.py
2026-07-19T19:43:42Z [pre ] skip  C:\dev\abd-context-driven-delivery\contexts\clean_engineering\class_model\base_class_model.py
2026-07-19T19:43:43Z [post] skip  C:\dev\abd-context-driven-delivery\contexts\clean_engineering\class_model\base_class_model.py
2026-07-19T19:43:50Z [pre ] skip  C:\dev\abd-context-driven-delivery\contexts\clean_engineering\class_model\example_factory_convert_spec.py
2026-07-19T19:43:50Z [pre ] FIRED  C:\dev\abd-context-driven-delivery\contexts\clean_engineering\clean_engineering.py  — 5 manifest line(s)
2026-07-19T19:43:51Z [post] skip  C:\dev\abd-context-driven-delivery\contexts\clean_engineering\class_model\example_factory_convert_spec.py
2026-07-19T19:43:51Z [pre ] skip  C:\dev\abd-context-driven-delivery\primitives\assets\asset_spec.py
2026-07-19T19:43:52Z [post] skip  C:\dev\abd-context-driven-delivery\contexts\clean_engineering\class_model\example_factory_convert_spec.py
2026-07-19T19:43:52Z [read] FIRED  C:\dev\abd-context-driven-delivery\contexts\clean_engineering\clean_engineering.py  — 5 manifest line(s)
2026-07-19T19:43:52Z [read] skip  C:\dev\abd-context-driven-delivery\primitives\assets\asset_spec.py
2026-07-19T19:43:53Z [post] skip  C:\dev\abd-context-driven-delivery\primitives\assets\asset_spec.py
2026-07-19T19:43:53Z [post] FIRED  C:\dev\abd-context-driven-delivery\contexts\clean_engineering\clean_engineering.py  — 5 manifest line(s)
2026-07-19T19:43:55Z [pre ] skip  C:\dev\abd-context-driven-delivery\primitives\assets\asset_spec.py
2026-07-19T19:43:55Z [pre ] FIRED  C:\dev\abd-context-driven-delivery\contexts\clean_engineering\clean_engineering.py  — 5 manifest line(s)
2026-07-19T19:43:56Z [post] skip  C:\dev\abd-context-driven-delivery\primitives\assets\asset_spec.py
2026-07-19T19:43:57Z [post] skip  C:\dev\abd-context-driven-delivery\primitives\assets\asset_spec.py
2026-07-19T19:43:57Z [post] FIRED  C:\dev\abd-context-driven-delivery\contexts\clean_engineering\clean_engineering.py  — 5 manifest line(s)
2026-07-19T19:43:58Z [post] FIRED  C:\dev\abd-context-driven-delivery\contexts\clean_engineering\clean_engineering.py  — 5 manifest line(s)
2026-07-19T19:44:09Z [pre ] skip  C:\dev\abd-context-driven-delivery\primitives\instructions\__init__.py
2026-07-19T19:44:10Z [post] skip  C:\dev\abd-context-driven-delivery\primitives\instructions\__init__.py
2026-07-19T19:44:11Z [post] skip  C:\dev\abd-context-driven-delivery\primitives\instructions\__init__.py
2026-07-19T19:44:20Z [post] skip  C:\dev\abd-context-driven-delivery\primitives
2026-07-19T19:44:29Z [pre ] skip  C:\dev\abd-context-driven-delivery\primitives\assets\assets.py
2026-07-19T19:44:30Z [post] skip  C:\dev\abd-context-driven-delivery\primitives\assets\assets.py
2026-07-19T19:44:31Z [post] skip  C:\dev\abd-context-driven-delivery\primitives\assets\assets.py
2026-07-19T19:47:05Z [post] skip  C:\dev\abd-context-driven-delivery\contexts\clean_engineering
2026-07-19T19:47:05Z [post] skip  C:\dev\abd-context-driven-delivery\contexts\stories
2026-07-19T19:51:25Z [post] skip  C:\dev\abd-context-driven-delivery\contexts\stories\code
2026-07-19T19:51:25Z [post] skip  C:\dev\abd-context-driven-delivery\contexts\stories
2026-07-19T19:51:29Z [pre ] skip  C:\dev\abd-context-driven-delivery\contexts\stories\code\python\nodes.py
2026-07-19T19:51:29Z [pre ] skip  C:\dev\abd-context-driven-delivery\contexts\stories\code\javascript\nodes.py
2026-07-19T19:51:30Z [read] skip  C:\dev\abd-context-driven-delivery\contexts\stories\code\python\nodes.py
2026-07-19T19:51:30Z [read] skip  C:\dev\abd-context-driven-delivery\contexts\stories\code\javascript\nodes.py
2026-07-19T19:51:31Z [post] skip  C:\dev\abd-context-driven-delivery\contexts\stories\code\python\nodes.py
2026-07-19T19:51:31Z [post] skip  C:\dev\abd-context-driven-delivery\contexts\stories\code\javascript\nodes.py
2026-07-19T19:52:30Z [post] skip  C:\dev\abd-context-driven-delivery
2026-07-19T19:52:37Z [pre ] skip  C:\dev\abd-context-driven-delivery\contexts\stories\code\code_story_map.py
2026-07-19T19:52:38Z [post] skip  C:\dev\abd-context-driven-delivery\contexts\stories\code\code_story_map.py
2026-07-19T19:52:38Z [post] skip  C:\dev\abd-context-driven-delivery\contexts\stories
2026-07-19T19:52:55Z [pre ] skip  C:\dev\abd-context-driven-delivery\contexts\stories\code\example_factories.py
2026-07-19T19:52:56Z [post] skip  C:\dev\abd-context-driven-delivery\contexts\stories\code\example_factories.py
2026-07-19T19:52:57Z [post] skip  C:\dev\abd-context-driven-delivery\contexts\stories\code\example_factories.py
2026-07-19T19:52:58Z [post] skip  C:\dev\abd-context-driven-delivery\contexts\stories\code\python\example_factories.py
2026-07-19T19:52:59Z [post] skip  C:\dev\abd-context-driven-delivery\contexts\stories\code\python\example_factories.py
2026-07-19T19:52:59Z [post] skip  C:\dev\abd-context-driven-delivery\contexts\stories\code\javascript\example_factories.py
2026-07-19T19:53:00Z [post] skip  C:\dev\abd-context-driven-delivery\contexts\stories\code\javascript\example_factories.py
2026-07-19T19:53:04Z [post] skip  C:\dev\abd-context-driven-delivery\contexts\stories\document\markdown\example_factories.py
2026-07-19T19:53:05Z [post] skip  C:\dev\abd-context-driven-delivery\contexts\stories\document\markdown\example_factories.py
2026-07-19T19:53:14Z [pre ] skip  C:\dev\abd-context-driven-delivery\contexts\stories\code\code_story_map.py
2026-07-19T19:53:15Z [read] skip  C:\dev\abd-context-driven-delivery\contexts\stories\code\code_story_map.py
2026-07-19T19:53:15Z [pre ] skip  C:\dev\abd-context-driven-delivery\contexts\stories\code\python\python_story_map.py
2026-07-19T19:53:15Z [pre ] skip  C:\dev\abd-context-driven-delivery\contexts\stories\code\javascript\tree.py
2026-07-19T19:53:16Z [post] skip  C:\dev\abd-context-driven-delivery\contexts\stories\code\code_story_map.py
2026-07-19T19:53:17Z [pre ] skip  C:\dev\abd-context-driven-delivery\contexts\stories\document\markdown\nodes.py
2026-07-19T19:53:17Z [post] skip  C:\dev\abd-context-driven-delivery\contexts\stories\code\python\python_story_map.py
2026-07-19T19:53:17Z [pre ] skip  C:\dev\abd-context-driven-delivery\contexts\stories\code\example_factories_spec.py
2026-07-19T19:53:17Z [pre ] skip  C:\dev\abd-context-driven-delivery\contexts\stories\stories.md
2026-07-19T19:53:17Z [post] skip  C:\dev\abd-context-driven-delivery\contexts\stories\code\javascript\tree.py
2026-07-19T19:53:18Z [post] skip  C:\dev\abd-context-driven-delivery\contexts\stories\code\python\python_story_map.py
2026-07-19T19:53:18Z [post] skip  C:\dev\abd-context-driven-delivery\contexts\stories\code\example_factories_spec.py
2026-07-19T19:53:18Z [post] skip  C:\dev\abd-context-driven-delivery\contexts\stories\document\markdown\nodes.py
2026-07-19T19:53:18Z [post] skip  C:\dev\abd-context-driven-delivery\contexts\stories\code\javascript\tree.py
2026-07-19T19:53:18Z [post] skip  C:\dev\abd-context-driven-delivery\contexts\stories\stories.md
2026-07-19T19:53:19Z [post] skip  C:\dev\abd-context-driven-delivery\contexts\stories\code\example_factories_spec.py
2026-07-19T19:53:19Z [post] skip  C:\dev\abd-context-driven-delivery\contexts\stories\document\markdown\nodes.py
2026-07-19T19:53:19Z [post] skip  C:\dev\abd-context-driven-delivery\contexts\stories\stories.md
2026-07-19T19:53:26Z [pre ] skip  C:\dev\abd-context-driven-delivery\contexts\stories\code\python\example_factories.py
2026-07-19T19:53:27Z [pre ] skip  C:\dev\abd-context-driven-delivery\contexts\stories\code\javascript\example_factories.py
2026-07-19T19:53:27Z [post] skip  C:\dev\abd-context-driven-delivery\contexts\stories\code\python\example_factories.py
2026-07-19T19:53:28Z [post] skip  C:\dev\abd-context-driven-delivery\contexts\stories\code\javascript\example_factories.py
2026-07-19T19:53:28Z [post] skip  C:\dev\abd-context-driven-delivery\contexts\stories\code\python\example_factories.py
2026-07-19T19:53:29Z [post] skip  C:\dev\abd-context-driven-delivery\contexts\stories\code\javascript\example_factories.py
2026-07-19T19:53:44Z [post] skip  C:\dev\abd-context-driven-delivery\contexts\stories
2026-07-19T19:57:09Z [post] skip  C:\dev\abd-context-driven-delivery
2026-07-19T19:57:13Z [post] skip  C:\dev\abd-context-driven-delivery\contexts\stories
2026-07-19T19:59:29Z [pre ] skip  C:\dev\abd-context-driven-delivery\.context\conventions\focused-examples.md
2026-07-19T19:59:30Z [post] skip  C:\dev\abd-context-driven-delivery\.cursor\skills\bdd
2026-07-19T19:59:30Z [post] skip  C:\dev\abd-context-driven-delivery\contexts\stories
2026-07-19T19:59:30Z [read] skip  C:\dev\abd-context-driven-delivery\.context\conventions\focused-examples.md
2026-07-19T19:59:31Z [post] skip  C:\dev\abd-context-driven-delivery\.context\conventions\focused-examples.md
2026-07-19T19:59:35Z [pre ] skip  C:\dev\abd-context-driven-delivery\.cursor\skills\bdd\SKILL.md
2026-07-19T19:59:36Z [read] skip  C:\dev\abd-context-driven-delivery\.cursor\skills\bdd\SKILL.md
2026-07-19T19:59:36Z [post] skip  C:\dev\abd-context-driven-delivery\contexts\bdd
2026-07-19T19:59:36Z [post] skip  C:\dev\abd-context-driven-delivery\contexts\bdd
2026-07-19T19:59:37Z [post] skip  C:\dev\abd-context-driven-delivery\.cursor\skills\bdd\SKILL.md
2026-07-19T19:59:41Z [pre ] skip  C:\dev\abd-context-driven-delivery\contexts\stories\code\python\python_story_map_spec.py
2026-07-19T19:59:42Z [read] skip  C:\dev\abd-context-driven-delivery\contexts\stories\code\python\python_story_map_spec.py
2026-07-19T19:59:42Z [post] skip  C:\dev\abd-context-driven-delivery\contexts\bdd
2026-07-19T19:59:42Z [post] skip  C:\dev\abd-context-driven-delivery\contexts\bdd
2026-07-19T19:59:43Z [post] skip  C:\dev\abd-context-driven-delivery\contexts\stories\code\python\python_story_map_spec.py
2026-07-19T19:59:46Z [pre ] skip  C:\dev\abd-context-driven-delivery\contexts\bdd\evals\behavior\fail\subjects-are-code-stereotypes\behavior.md
2026-07-19T19:59:46Z [pre ] skip  C:\dev\abd-context-driven-delivery\contexts\bdd\evals\behavior\fail\leaves-not-state-oriented\behavior.md
2026-07-19T19:59:46Z [pre ] skip  C:\dev\abd-context-driven-delivery\contexts\bdd\evals\behavior\fail\observations-are-mechanics\behavior.md
2026-07-19T19:59:47Z [pre ] skip  C:\dev\abd-context-driven-delivery\contexts\bdd\evals\behavior\fail\top-level-describe-is-category-label\behavior.md
2026-07-19T19:59:47Z [pre ] skip  C:\dev\abd-context-driven-delivery\contexts\bdd\bdd.md
2026-07-19T19:59:47Z [read] skip  C:\dev\abd-context-driven-delivery\contexts\bdd\evals\behavior\fail\subjects-are-code-stereotypes\behavior.md
2026-07-19T19:59:47Z [read] skip  C:\dev\abd-context-driven-delivery\contexts\bdd\evals\behavior\fail\leaves-not-state-oriented\behavior.md
2026-07-19T19:59:47Z [read] skip  C:\dev\abd-context-driven-delivery\contexts\bdd\evals\behavior\fail\observations-are-mechanics\behavior.md
2026-07-19T19:59:48Z [read] skip  C:\dev\abd-context-driven-delivery\contexts\bdd\evals\behavior\fail\top-level-describe-is-category-label\behavior.md
2026-07-19T19:59:48Z [read] skip  C:\dev\abd-context-driven-delivery\contexts\bdd\bdd.md
2026-07-19T19:59:48Z [post] skip  C:\dev\abd-context-driven-delivery\contexts\bdd\evals\behavior\fail\leaves-not-state-oriented\behavior.md
2026-07-19T19:59:48Z [post] skip  C:\dev\abd-context-driven-delivery\contexts\bdd\evals\behavior\fail\subjects-are-code-stereotypes\behavior.md
2026-07-19T19:59:48Z [post] skip  C:\dev\abd-context-driven-delivery\contexts\bdd\evals\behavior\fail\observations-are-mechanics\behavior.md
2026-07-19T19:59:49Z [post] skip  C:\dev\abd-context-driven-delivery\contexts\bdd\evals\behavior\fail\top-level-describe-is-category-label\behavior.md
2026-07-19T19:59:49Z [post] skip  C:\dev\abd-context-driven-delivery\contexts\bdd\bdd.md
2026-07-19T20:00:01Z [pre ] skip  C:\dev\abd-context-driven-delivery\contexts\stories\code\example_factories_spec.py
2026-07-19T20:00:02Z [read] skip  C:\dev\abd-context-driven-delivery\contexts\stories\code\example_factories_spec.py
2026-07-19T20:00:03Z [post] skip  C:\dev\abd-context-driven-delivery\contexts\stories\code\example_factories_spec.py
2026-07-19T20:00:04Z [pre ] skip  C:\dev\abd-context-driven-delivery\contexts\stories\code\example_factories_spec.py
2026-07-19T20:00:05Z [post] skip  C:\dev\abd-context-driven-delivery\contexts\stories\code\example_factories_spec.py
2026-07-19T20:00:06Z [post] skip  C:\dev\abd-context-driven-delivery\contexts\stories\code\example_factories_spec.py
2026-07-19T20:13:42Z [post] skip  C:\dev\abd-context-driven-delivery\sandbox\checks
2026-07-19T20:13:42Z [post] skip  C:\dev\abd-context-driven-delivery\sandbox\character
2026-07-19T20:13:53Z [pre ] FIRED  C:\dev\abd-context-driven-delivery\sandbox\checks\check.py  — 3 manifest line(s)
2026-07-19T20:13:53Z [pre ] FIRED  C:\dev\abd-context-driven-delivery\sandbox\character\character.py  — 3 manifest line(s)
2026-07-19T20:13:53Z [post] skip  C:\dev\abd-context-driven-delivery\contexts\clean_engineering
2026-07-19T20:13:53Z [post] skip  C:\dev\abd-context-driven-delivery\contexts\clean_engineering
2026-07-19T20:13:54Z [read] FIRED  C:\dev\abd-context-driven-delivery\sandbox\checks\check.py  — 3 manifest line(s)
2026-07-19T20:13:54Z [read] FIRED  C:\dev\abd-context-driven-delivery\sandbox\character\character.py  — 3 manifest line(s)
2026-07-19T20:13:55Z [post] FIRED  C:\dev\abd-context-driven-delivery\sandbox\checks\check.py  — 3 manifest line(s)
2026-07-19T20:13:55Z [post] FIRED  C:\dev\abd-context-driven-delivery\sandbox\character\character.py  — 3 manifest line(s)
2026-07-19T20:14:04Z [post] skip  C:\dev\abd-context-driven-delivery\contexts\clean_engineering
2026-07-19T20:14:15Z [post] skip  C:\dev\abd-context-driven-delivery\contexts
2026-07-19T20:14:15Z [post] skip  C:\dev\abd-context-driven-delivery
2026-07-19T20:14:23Z [pre ] skip  C:\dev\abd-context-driven-delivery\contexts\clean_engineering\clean_engineering_transform_spec.py
2026-07-19T20:14:23Z [pre ] FIRED  C:\dev\abd-context-driven-delivery\contexts\base\context.py  — 1 manifest line(s)
2026-07-19T20:14:24Z [read] skip  C:\dev\abd-context-driven-delivery\contexts\clean_engineering\clean_engineering_transform_spec.py
2026-07-19T20:14:24Z [post] skip  C:\dev\abd-context-driven-delivery\primitives\tools
2026-07-19T20:14:24Z [read] FIRED  C:\dev\abd-context-driven-delivery\contexts\base\context.py  — 1 manifest line(s)
2026-07-19T20:14:25Z [post] skip  C:\dev\abd-context-driven-delivery\contexts\clean_engineering\clean_engineering_transform_spec.py
2026-07-19T20:14:25Z [post] FIRED  C:\dev\abd-context-driven-delivery\contexts\base\context.py  — 1 manifest line(s)
2026-07-19T20:14:28Z [pre ] skip  C:\dev\abd-context-driven-delivery\primitives\tools\cli.py
2026-07-19T20:14:29Z [read] skip  C:\dev\abd-context-driven-delivery\primitives\tools\cli.py
2026-07-19T20:14:29Z [post] skip  C:\dev\abd-context-driven-delivery\primitives\tools
2026-07-19T20:14:30Z [post] skip  C:\dev\abd-context-driven-delivery\primitives\tools\cli.py
2026-07-19T20:14:33Z [pre ] skip  C:\dev\abd-context-driven-delivery\primitives\tools\tool.py
2026-07-19T20:14:34Z [pre ] FIRED  C:\dev\abd-context-driven-delivery\primitives\tools\examples\car.py  — 1 manifest line(s)
2026-07-19T20:14:34Z [post] skip  C:\dev\abd-context-driven-delivery
2026-07-19T20:14:34Z [post] skip  C:\dev\abd-context-driven-delivery\primitives\tools\tool.py
2026-07-19T20:14:35Z [read] FIRED  C:\dev\abd-context-driven-delivery\primitives\tools\examples\car.py  — 1 manifest line(s)
2026-07-19T20:14:36Z [post] FIRED  C:\dev\abd-context-driven-delivery\primitives\tools\examples\car.py  — 1 manifest line(s)
2026-07-19T20:14:39Z [pre ] skip  C:\dev\abd-context-driven-delivery\primitives\tools\tool.py
2026-07-19T20:14:39Z [pre ] skip  C:\dev\abd-context-driven-delivery\primitives\tools\.sessions\logs\general-lee\_run-request.yaml
2026-07-19T20:14:40Z [read] skip  C:\dev\abd-context-driven-delivery\primitives\tools\.sessions\logs\general-lee\_run-request.yaml
2026-07-19T20:14:40Z [read] skip  C:\dev\abd-context-driven-delivery\primitives\tools\tool.py
2026-07-19T20:14:41Z [post] skip  C:\dev\abd-context-driven-delivery\primitives\tools\tool.py
2026-07-19T20:14:41Z [post] skip  C:\dev\abd-context-driven-delivery\primitives\tools\.sessions\logs\general-lee\_run-request.yaml
2026-07-19T20:14:48Z [pre ] skip  C:\dev\abd-context-driven-delivery\sandbox\character\__init__.py
2026-07-19T20:14:48Z [pre ] skip  C:\dev\abd-context-driven-delivery\sandbox\checks\__init__.py
2026-07-19T20:14:49Z [pre ] FIRED  C:\dev\abd-context-driven-delivery\sandbox\character\defenses.py  — 3 manifest line(s)
2026-07-19T20:14:49Z [pre ] FIRED  C:\dev\abd-context-driven-delivery\sandbox\checks\check_spec.py  — 1 manifest line(s)
2026-07-19T20:14:49Z [pre ] FIRED  C:\dev\abd-context-driven-delivery\sandbox\checks\team_check.py  — 3 manifest line(s)
2026-07-19T20:14:49Z [pre ] FIRED  C:\dev\abd-context-driven-delivery\sandbox\character\point_totals.py  — 3 manifest line(s)
2026-07-19T20:14:49Z [pre ] FIRED  C:\dev\abd-context-driven-delivery\sandbox\checks\check_result.py  — 3 manifest line(s)
2026-07-19T20:14:49Z [pre ] FIRED  C:\dev\abd-context-driven-delivery\sandbox\checks\trait.py  — 3 manifest line(s)
2026-07-19T20:14:49Z [pre ] FIRED  C:\dev\abd-context-driven-delivery\sandbox\character\abilities.py  — 3 manifest line(s)
2026-07-19T20:14:49Z [pre ] FIRED  C:\dev\abd-context-driven-delivery\sandbox\checks\modifier.py  — 3 manifest line(s)
2026-07-19T20:14:49Z [pre ] FIRED  C:\dev\abd-context-driven-delivery\sandbox\checks\difficulty_class.py  — 3 manifest line(s)
2026-07-19T20:14:50Z [read] skip  C:\dev\abd-context-driven-delivery\sandbox\checks\__init__.py
2026-07-19T20:14:50Z [read] skip  C:\dev\abd-context-driven-delivery\sandbox\character\__init__.py
2026-07-19T20:14:51Z [read] FIRED  C:\dev\abd-context-driven-delivery\sandbox\checks\check_spec.py  — 1 manifest line(s)
2026-07-19T20:14:51Z [read] FIRED  C:\dev\abd-context-driven-delivery\sandbox\character\point_totals.py  — 3 manifest line(s)
2026-07-19T20:14:51Z [read] FIRED  C:\dev\abd-context-driven-delivery\sandbox\character\defenses.py  — 3 manifest line(s)
2026-07-19T20:14:51Z [read] FIRED  C:\dev\abd-context-driven-delivery\sandbox\character\abilities.py  — 3 manifest line(s)
2026-07-19T20:14:51Z [read] FIRED  C:\dev\abd-context-driven-delivery\sandbox\checks\trait.py  — 3 manifest line(s)
2026-07-19T20:14:51Z [read] FIRED  C:\dev\abd-context-driven-delivery\sandbox\checks\check_result.py  — 3 manifest line(s)
2026-07-19T20:14:51Z [read] FIRED  C:\dev\abd-context-driven-delivery\sandbox\checks\team_check.py  — 3 manifest line(s)
2026-07-19T20:14:51Z [read] FIRED  C:\dev\abd-context-driven-delivery\sandbox\checks\difficulty_class.py  — 3 manifest line(s)
2026-07-19T20:14:51Z [read] FIRED  C:\dev\abd-context-driven-delivery\sandbox\checks\modifier.py  — 3 manifest line(s)
2026-07-19T20:14:52Z [post] skip  C:\dev\abd-context-driven-delivery\sandbox\checks\__init__.py
2026-07-19T20:14:52Z [post] skip  C:\dev\abd-context-driven-delivery\sandbox\character\__init__.py
2026-07-19T20:14:53Z [post] FIRED  C:\dev\abd-context-driven-delivery\sandbox\checks\check_spec.py  — 1 manifest line(s)
2026-07-19T20:14:53Z [post] FIRED  C:\dev\abd-context-driven-delivery\sandbox\character\defenses.py  — 3 manifest line(s)
2026-07-19T20:14:53Z [post] FIRED  C:\dev\abd-context-driven-delivery\sandbox\character\point_totals.py  — 3 manifest line(s)
2026-07-19T20:14:53Z [post] FIRED  C:\dev\abd-context-driven-delivery\sandbox\checks\trait.py  — 3 manifest line(s)
2026-07-19T20:14:53Z [post] FIRED  C:\dev\abd-context-driven-delivery\sandbox\checks\check_result.py  — 3 manifest line(s)
2026-07-19T20:14:53Z [post] FIRED  C:\dev\abd-context-driven-delivery\sandbox\character\abilities.py  — 3 manifest line(s)
2026-07-19T20:14:53Z [post] FIRED  C:\dev\abd-context-driven-delivery\sandbox\checks\team_check.py  — 3 manifest line(s)
2026-07-19T20:14:53Z [post] FIRED  C:\dev\abd-context-driven-delivery\sandbox\checks\difficulty_class.py  — 3 manifest line(s)
2026-07-19T20:14:54Z [post] FIRED  C:\dev\abd-context-driven-delivery\sandbox\checks\modifier.py  — 3 manifest line(s)
2026-07-19T20:15:15Z [pre ] skip  C:\dev\abd-context-driven-delivery\_transform_out\checks__check.js
2026-07-19T20:15:15Z [pre ] skip  C:\dev\abd-context-driven-delivery\_transform_out\checks__check_result.js
2026-07-19T20:15:15Z [pre ] skip  C:\dev\abd-context-driven-delivery\_transform_out\character__character.js
2026-07-19T20:15:16Z [read] skip  C:\dev\abd-context-driven-delivery\_transform_out\checks__check.js
2026-07-19T20:15:16Z [read] skip  C:\dev\abd-context-driven-delivery\_transform_out\checks__check_result.js
2026-07-19T20:15:16Z [read] skip  C:\dev\abd-context-driven-delivery\_transform_out\character__character.js
2026-07-19T20:15:16Z [post] skip  C:\dev\abd-context-driven-delivery\contexts\bdd\formats
2026-07-19T20:15:17Z [post] skip  C:\dev\abd-context-driven-delivery\_transform_out\checks__check.js
2026-07-19T20:15:17Z [post] skip  C:\dev\abd-context-driven-delivery\_transform_out\character__character.js
2026-07-19T20:15:17Z [post] skip  C:\dev\abd-context-driven-delivery\_transform_out\checks__check_result.js
2026-07-19T20:15:25Z [pre ] skip  C:\dev\abd-context-driven-delivery\_transform_out\character__defenses.js
2026-07-19T20:15:25Z [pre ] skip  C:\dev\abd-context-driven-delivery\_transform_out\character__abilities.js
2026-07-19T20:15:25Z [pre ] skip  C:\dev\abd-context-driven-delivery\_transform_out\checks__team_check.js
2026-07-19T20:15:25Z [pre ] skip  C:\dev\abd-context-driven-delivery\_transform_out\character__point_totals.js
2026-07-19T20:15:25Z [pre ] FIRED  C:\dev\abd-context-driven-delivery\sandbox\checks\check_spec.py  — 1 manifest line(s)
2026-07-19T20:15:27Z [read] skip  C:\dev\abd-context-driven-delivery\_transform_out\character__defenses.js
2026-07-19T20:15:27Z [read] skip  C:\dev\abd-context-driven-delivery\_transform_out\checks__team_check.js
2026-07-19T20:15:27Z [read] skip  C:\dev\abd-context-driven-delivery\_transform_out\character__abilities.js
2026-07-19T20:15:27Z [read] skip  C:\dev\abd-context-driven-delivery\_transform_out\character__point_totals.js
2026-07-19T20:15:29Z [read] FIRED  C:\dev\abd-context-driven-delivery\sandbox\checks\check_spec.py  — 1 manifest line(s)
2026-07-19T20:15:29Z [post] skip  C:\dev\abd-context-driven-delivery\_transform_out\character__defenses.js
2026-07-19T20:15:29Z [post] skip  C:\dev\abd-context-driven-delivery\_transform_out\checks__team_check.js
2026-07-19T20:15:29Z [post] skip  C:\dev\abd-context-driven-delivery\_transform_out\character__abilities.js
2026-07-19T20:15:30Z [post] skip  C:\dev\abd-context-driven-delivery\_transform_out\character__point_totals.js
2026-07-19T20:15:31Z [post] FIRED  C:\dev\abd-context-driven-delivery\sandbox\checks\check_spec.py  — 1 manifest line(s)
2026-07-19T20:16:43Z [pre ] skip  C:\dev\abd-context-driven-delivery\contexts\clean_engineering\class_model\example_factory_convert_spec.py
2026-07-19T20:16:43Z [read] skip  C:\dev\abd-context-driven-delivery\contexts\clean_engineering\class_model\example_factory_convert_spec.py
2026-07-19T20:16:44Z [post] skip  C:\dev\abd-context-driven-delivery\contexts\clean_engineering\class_model\example_factory_convert_spec.py
2026-07-19T20:16:54Z [pre ] skip  C:\dev\abd-context-driven-delivery\contexts\clean_engineering\class_model\example_factory_convert_spec.py
2026-07-19T20:16:55Z [read] skip  C:\dev\abd-context-driven-delivery\contexts\clean_engineering\class_model\example_factory_convert_spec.py
2026-07-19T20:16:56Z [post] skip  C:\dev\abd-context-driven-delivery\contexts\clean_engineering\class_model\example_factory_convert_spec.py
2026-07-19T20:17:00Z [pre ] skip  C:\dev\abd-context-driven-delivery\contexts\clean_engineering\class_model\example_factory_convert_spec.py
2026-07-19T20:17:01Z [post] skip  C:\dev\abd-context-driven-delivery\contexts\clean_engineering\class_model\example_factory_convert_spec.py
2026-07-19T20:17:02Z [post] skip  C:\dev\abd-context-driven-delivery\contexts\clean_engineering\class_model\example_factory_convert_spec.py
2026-07-19T20:17:53Z [post] skip  C:\dev\abd-context-driven-delivery\sandbox\play-core-mechanics
2026-07-19T20:18:01Z [pre ] skip  C:\dev\abd-context-driven-delivery\sandbox\play-core-mechanics\resolve-checks\resolve-ability-check\resolve_ability_check_stories.js
2026-07-19T20:18:01Z [pre ] FIRED  C:\dev\abd-context-driven-delivery\sandbox\play-core-mechanics\resolve-checks\resolve-ability-check\resolve_ability_check_stories.py  — 1 manifest line(s)
2026-07-19T20:18:02Z [pre ] FIRED  C:\dev\abd-context-driven-delivery\sandbox\play-core-mechanics\manage-character-sheet\create-character\create_character_stories.py  — 1 manifest line(s)
2026-07-19T20:18:02Z [pre ] FIRED  C:\dev\abd-context-driven-delivery\sandbox\play-core-mechanics\manage-character-sheet\update-ability-rank\update_ability_rank_stories.py  — 1 manifest line(s)
2026-07-19T20:18:02Z [post] skip  C:\dev\abd-context-driven-delivery\contexts\stories
2026-07-19T20:18:02Z [read] skip  C:\dev\abd-context-driven-delivery\sandbox\play-core-mechanics\resolve-checks\resolve-ability-check\resolve_ability_check_stories.js
2026-07-19T20:18:02Z [read] FIRED  C:\dev\abd-context-driven-delivery\sandbox\play-core-mechanics\resolve-checks\resolve-ability-check\resolve_ability_check_stories.py  — 1 manifest line(s)
2026-07-19T20:18:03Z [read] FIRED  C:\dev\abd-context-driven-delivery\sandbox\play-core-mechanics\manage-character-sheet\create-character\create_character_stories.py  — 1 manifest line(s)
2026-07-19T20:18:03Z [read] FIRED  C:\dev\abd-context-driven-delivery\sandbox\play-core-mechanics\manage-character-sheet\update-ability-rank\update_ability_rank_stories.py  — 1 manifest line(s)
2026-07-19T20:18:03Z [post] skip  C:\dev\abd-context-driven-delivery\sandbox\play-core-mechanics\resolve-checks\resolve-ability-check\resolve_ability_check_stories.js
2026-07-19T20:18:04Z [post] FIRED  C:\dev\abd-context-driven-delivery\sandbox\play-core-mechanics\resolve-checks\resolve-ability-check\resolve_ability_check_stories.py  — 1 manifest line(s)
2026-07-19T20:18:04Z [post] FIRED  C:\dev\abd-context-driven-delivery\sandbox\play-core-mechanics\manage-character-sheet\create-character\create_character_stories.py  — 1 manifest line(s)
2026-07-19T20:18:04Z [post] FIRED  C:\dev\abd-context-driven-delivery\sandbox\play-core-mechanics\manage-character-sheet\update-ability-rank\update_ability_rank_stories.py  — 1 manifest line(s)
2026-07-19T20:18:08Z [pre ] skip  C:\dev\abd-context-driven-delivery\contexts\stories\code\javascript\spec_file.py
2026-07-19T20:18:08Z [pre ] FIRED  C:\dev\abd-context-driven-delivery\contexts\stories\stories.py  — 4 manifest line(s)
2026-07-19T20:18:08Z [pre ] skip  C:\dev\abd-context-driven-delivery\sandbox\play-core-mechanics\manage-character-sheet\create-character\create_character_stories.js
2026-07-19T20:18:08Z [pre ] skip  C:\dev\abd-context-driven-delivery\sandbox\play-core-mechanics\manage-character-sheet\update-ability-rank\update_ability_rank_stories.js
2026-07-19T20:18:09Z [read] skip  C:\dev\abd-context-driven-delivery\contexts\stories\code\javascript\spec_file.py
2026-07-19T20:18:09Z [read] FIRED  C:\dev\abd-context-driven-delivery\contexts\stories\stories.py  — 4 manifest line(s)
2026-07-19T20:18:09Z [read] skip  C:\dev\abd-context-driven-delivery\sandbox\play-core-mechanics\manage-character-sheet\create-character\create_character_stories.js
2026-07-19T20:18:09Z [read] skip  C:\dev\abd-context-driven-delivery\sandbox\play-core-mechanics\manage-character-sheet\update-ability-rank\update_ability_rank_stories.js
2026-07-19T20:18:10Z [post] skip  C:\dev\abd-context-driven-delivery\contexts\stories\code\javascript\spec_file.py
2026-07-19T20:18:10Z [post] skip  C:\dev\abd-context-driven-delivery\sandbox\play-core-mechanics\manage-character-sheet\create-character\create_character_stories.js
2026-07-19T20:18:10Z [post] skip  C:\dev\abd-context-driven-delivery\sandbox\play-core-mechanics\manage-character-sheet\update-ability-rank\update_ability_rank_stories.js
2026-07-19T20:18:10Z [post] FIRED  C:\dev\abd-context-driven-delivery\contexts\stories\stories.py  — 4 manifest line(s)
2026-07-19T20:18:14Z [pre ] skip  C:\dev\abd-context-driven-delivery\contexts\stories\code\python\spec_file.py
2026-07-19T20:18:14Z [pre ] FIRED  C:\dev\abd-context-driven-delivery\contexts\stories\stories.py  — 4 manifest line(s)
2026-07-19T20:18:15Z [read] skip  C:\dev\abd-context-driven-delivery\contexts\stories\code\python\spec_file.py
2026-07-19T20:18:15Z [post] skip  C:\dev\abd-context-driven-delivery\contexts\stories
2026-07-19T20:18:15Z [read] FIRED  C:\dev\abd-context-driven-delivery\contexts\stories\stories.py  — 4 manifest line(s)
2026-07-19T20:18:15Z [post] skip  C:\dev\abd-context-driven-delivery\contexts\stories\code\python\spec_file.py
2026-07-19T20:18:16Z [post] FIRED  C:\dev\abd-context-driven-delivery\contexts\stories\stories.py  — 4 manifest line(s)
2026-07-19T20:18:20Z [pre ] skip  C:\dev\abd-context-driven-delivery\contexts\stories\code\javascript\nodes.py
2026-07-19T20:18:20Z [pre ] skip  C:\dev\abd-context-driven-delivery\contexts\stories\stories_spec.py
2026-07-19T20:18:21Z [read] skip  C:\dev\abd-context-driven-delivery\contexts\stories\code\javascript\nodes.py
2026-07-19T20:18:21Z [read] skip  C:\dev\abd-context-driven-delivery\contexts\stories\stories_spec.py
2026-07-19T20:18:21Z [post] skip  C:\dev\abd-context-driven-delivery\contexts\stories\code
2026-07-19T20:18:22Z [post] skip  C:\dev\abd-context-driven-delivery\contexts\stories\code\javascript\nodes.py
2026-07-19T20:18:22Z [post] skip  C:\dev\abd-context-driven-delivery\contexts\stories\stories_spec.py
2026-07-19T20:18:27Z [pre ] skip  C:\dev\abd-context-driven-delivery\contexts\stories\code\code_story_map.py
2026-07-19T20:18:28Z [read] skip  C:\dev\abd-context-driven-delivery\contexts\stories\code\code_story_map.py
2026-07-19T20:18:28Z [post] skip  C:\dev\abd-context-driven-delivery\contexts\stories\code\python
2026-07-19T20:18:29Z [post] skip  C:\dev\abd-context-driven-delivery\contexts\stories\code\code_story_map.py
2026-07-19T20:18:33Z [pre ] skip  C:\dev\abd-context-driven-delivery\contexts\stories\code\python\tree.py
2026-07-19T20:18:33Z [pre ] skip  C:\dev\abd-context-driven-delivery\contexts\stories\code\typescript\typescript_story_map.py
2026-07-19T20:18:34Z [read] skip  C:\dev\abd-context-driven-delivery\contexts\stories\code\python\tree.py
2026-07-19T20:18:34Z [read] skip  C:\dev\abd-context-driven-delivery\contexts\stories\code\typescript\typescript_story_map.py
2026-07-19T20:18:34Z [post] skip  C:\dev\abd-context-driven-delivery\contexts\stories
2026-07-19T20:18:35Z [post] skip  C:\dev\abd-context-driven-delivery\contexts\stories\code\python\tree.py
2026-07-19T20:18:35Z [post] skip  C:\dev\abd-context-driven-delivery\contexts\stories\code\typescript\typescript_story_map.py
2026-07-19T20:18:52Z [pre ] skip  C:\dev\abd-context-driven-delivery\contexts\stories\templates\py\{epic-verb-noun}\{sub-epic-verb-noun}\{lowest-sub-epic}\{lowest_sub_epic}_stories.py
2026-07-19T20:18:53Z [post] skip  C:\dev\abd-context-driven-delivery\contexts\stories\story_model
2026-07-19T20:18:53Z [read] skip  C:\dev\abd-context-driven-delivery\contexts\stories\templates\py\{epic-verb-noun}\{sub-epic-verb-noun}\{lowest-sub-epic}\{lowest_sub_epic}_stories.py
2026-07-19T20:18:53Z [post] skip  C:\dev\abd-context-driven-delivery\contexts\stories\templates\py\{epic-verb-noun}\{sub-epic-verb-noun}\{lowest-sub-epic}\{lowest_sub_epic}_stories.py
2026-07-19T20:19:04Z [pre ] skip  C:\dev\abd-context-driven-delivery\contexts\stories\story_model\scenario.py
2026-07-19T20:19:05Z [read] skip  C:\dev\abd-context-driven-delivery\contexts\stories\story_model\scenario.py
2026-07-19T20:19:05Z [post] skip  C:\dev\abd-context-driven-delivery\contexts\stories
2026-07-19T20:19:05Z [post] skip  C:\dev\abd-context-driven-delivery\contexts\stories\story_model\scenario.py
2026-07-19T20:19:10Z [pre ] skip  C:\dev\abd-context-driven-delivery\contexts\stories\code\typescript\spec_file.py
2026-07-19T20:19:11Z [read] skip  C:\dev\abd-context-driven-delivery\contexts\stories\code\typescript\spec_file.py
2026-07-19T20:19:11Z [post] skip  C:\dev\abd-context-driven-delivery\contexts\stories\examples
2026-07-19T20:19:12Z [post] skip  C:\dev\abd-context-driven-delivery\contexts\stories\code\typescript\spec_file.py
2026-07-19T20:19:55Z [pre ] skip  C:\dev\abd-context-driven-delivery\contexts\stories\story_model\scenario.py
2026-07-19T20:19:56Z [read] skip  C:\dev\abd-context-driven-delivery\contexts\stories\story_model\scenario.py
2026-07-19T20:19:56Z [post] skip  C:\dev\abd-context-driven-delivery\contexts\stories\story_model\scenario.py
2026-07-19T20:20:19Z [pre ] skip  C:\dev\abd-context-driven-delivery\sandbox\play-core-mechanics\resolve-checks\resolve-ability-check\resolve_ability_check_stories.js
2026-07-19T20:20:20Z [read] skip  C:\dev\abd-context-driven-delivery\sandbox\play-core-mechanics\resolve-checks\resolve-ability-check\resolve_ability_check_stories.js
2026-07-19T20:20:21Z [post] skip  C:\dev\abd-context-driven-delivery\sandbox\play-core-mechanics\resolve-checks\resolve-ability-check\resolve_ability_check_stories.js
2026-07-19T20:20:41Z [pre ] skip  C:\dev\abd-context-driven-delivery\sandbox\play-core-mechanics\manage-character-sheet\create-character\create_character_stories.js
2026-07-19T20:20:42Z [read] skip  C:\dev\abd-context-driven-delivery\sandbox\play-core-mechanics\manage-character-sheet\create-character\create_character_stories.js
2026-07-19T20:20:42Z [pre ] skip  C:\dev\abd-context-driven-delivery\sandbox\play-core-mechanics\manage-character-sheet\update-ability-rank\update_ability_rank_stories.js
2026-07-19T20:20:43Z [pre ] skip  C:\dev\abd-context-driven-delivery\sandbox\play-core-mechanics\resolve-checks\resolve-ability-check\resolve_ability_check_stories.js
2026-07-19T20:20:44Z [read] skip  C:\dev\abd-context-driven-delivery\sandbox\play-core-mechanics\manage-character-sheet\update-ability-rank\update_ability_rank_stories.js
2026-07-19T20:20:44Z [post] skip  C:\dev\abd-context-driven-delivery\sandbox\play-core-mechanics\manage-character-sheet\create-character\create_character_stories.js
2026-07-19T20:20:45Z [read] skip  C:\dev\abd-context-driven-delivery\sandbox\play-core-mechanics\resolve-checks\resolve-ability-check\resolve_ability_check_stories.js
2026-07-19T20:20:46Z [post] skip  C:\dev\abd-context-driven-delivery\sandbox\play-core-mechanics\manage-character-sheet\update-ability-rank\update_ability_rank_stories.js
2026-07-19T20:20:46Z [pre ] skip  C:\dev\abd-context-driven-delivery\sandbox\play-core-mechanics\manage-character-sheet\create-character\create_character_stories.js
2026-07-19T20:20:47Z [post] skip  C:\dev\abd-context-driven-delivery\sandbox\play-core-mechanics\resolve-checks\resolve-ability-check\resolve_ability_check_stories.js
2026-07-19T20:20:48Z [pre ] skip  C:\dev\abd-context-driven-delivery\sandbox\play-core-mechanics\manage-character-sheet\update-ability-rank\update_ability_rank_stories.js
2026-07-19T20:20:48Z [post] skip  C:\dev\abd-context-driven-delivery\sandbox\play-core-mechanics\manage-character-sheet\create-character\create_character_stories.js
2026-07-19T20:20:49Z [pre ] skip  C:\dev\abd-context-driven-delivery\sandbox\play-core-mechanics\resolve-checks\resolve-ability-check\resolve_ability_check_stories.js
2026-07-19T20:20:49Z [post] skip  C:\dev\abd-context-driven-delivery\sandbox\play-core-mechanics\manage-character-sheet\create-character\create_character_stories.js
2026-07-19T20:20:49Z [post] skip  C:\dev\abd-context-driven-delivery\sandbox\play-core-mechanics\manage-character-sheet\update-ability-rank\update_ability_rank_stories.js
2026-07-19T20:20:50Z [post] skip  C:\dev\abd-context-driven-delivery\sandbox\play-core-mechanics\resolve-checks\resolve-ability-check\resolve_ability_check_stories.js
2026-07-19T20:20:51Z [post] skip  C:\dev\abd-context-driven-delivery\sandbox\play-core-mechanics\manage-character-sheet\update-ability-rank\update_ability_rank_stories.js
2026-07-19T20:20:52Z [post] skip  C:\dev\abd-context-driven-delivery\sandbox\play-core-mechanics\resolve-checks\resolve-ability-check\resolve_ability_check_stories.js
2026-07-19T20:21:13Z [pre ] skip  C:\dev\abd-context-driven-delivery\contexts\stories\code\typescript\typescript_story_map.py
2026-07-19T20:21:13Z [pre ] skip  C:\dev\abd-context-driven-delivery\contexts\stories\code\typescript\typescript_story_map_spec.py
2026-07-19T20:21:13Z [pre ] skip  C:\dev\abd-context-driven-delivery\contexts\stories\code\code_story_map.py
2026-07-19T20:21:14Z [read] skip  C:\dev\abd-context-driven-delivery\contexts\stories\code\typescript\typescript_story_map.py
2026-07-19T20:21:14Z [read] skip  C:\dev\abd-context-driven-delivery\contexts\stories\code\typescript\typescript_story_map_spec.py
2026-07-19T20:21:15Z [read] skip  C:\dev\abd-context-driven-delivery\contexts\stories\code\code_story_map.py
2026-07-19T20:21:15Z [post] skip  C:\dev\abd-context-driven-delivery\contexts\stories\code\javascript
2026-07-19T20:21:16Z [post] skip  C:\dev\abd-context-driven-delivery\contexts\stories\code\typescript\typescript_story_map.py
2026-07-19T20:21:16Z [post] skip  C:\dev\abd-context-driven-delivery\contexts\stories\code\typescript\typescript_story_map_spec.py
2026-07-19T20:21:16Z [post] skip  C:\dev\abd-context-driven-delivery\contexts\stories\code\code_story_map.py
2026-07-19T20:21:28Z [pre ] skip  C:\dev\abd-context-driven-delivery\contexts\stories\code\javascript\__init__.py
2026-07-19T20:21:28Z [pre ] skip  C:\dev\abd-context-driven-delivery\contexts\stories\code\typescript\typescript_story_map_spec.py
2026-07-19T20:21:28Z [pre ] skip  C:\dev\abd-context-driven-delivery\contexts\stories\code\javascript\spec_file.py
2026-07-19T20:21:28Z [pre ] FIRED  C:\dev\abd-context-driven-delivery\contexts\stories\stories.py  — 4 manifest line(s)
2026-07-19T20:21:30Z [read] skip  C:\dev\abd-context-driven-delivery\contexts\stories\code\javascript\__init__.py
2026-07-19T20:21:30Z [read] skip  C:\dev\abd-context-driven-delivery\contexts\stories\code\javascript\spec_file.py
2026-07-19T20:21:30Z [read] skip  C:\dev\abd-context-driven-delivery\contexts\stories\code\typescript\typescript_story_map_spec.py
2026-07-19T20:21:31Z [read] FIRED  C:\dev\abd-context-driven-delivery\contexts\stories\stories.py  — 4 manifest line(s)
2026-07-19T20:21:31Z [post] skip  C:\dev\abd-context-driven-delivery\contexts\stories\code\javascript\spec_file.py
2026-07-19T20:21:31Z [post] skip  C:\dev\abd-context-driven-delivery\contexts\stories\code\javascript\__init__.py
2026-07-19T20:21:31Z [post] skip  C:\dev\abd-context-driven-delivery\contexts\stories\code\typescript\typescript_story_map_spec.py
2026-07-19T20:21:32Z [post] FIRED  C:\dev\abd-context-driven-delivery\contexts\stories\stories.py  — 4 manifest line(s)
2026-07-19T20:21:48Z [post] skip  C:\dev\abd-context-driven-delivery\contexts\stories\code\javascript\javascript_story_map.py
2026-07-19T20:21:49Z [post] skip  C:\dev\abd-context-driven-delivery\contexts\stories\code\javascript\javascript_story_map.py
2026-07-19T20:21:56Z [post] skip  C:\dev\abd-context-driven-delivery\contexts\stories\code\javascript\javascript_story_map_spec.py
2026-07-19T20:21:57Z [post] skip  C:\dev\abd-context-driven-delivery\contexts\stories\code\javascript\javascript_story_map_spec.py
2026-07-19T20:22:03Z [pre ] skip  C:\dev\abd-context-driven-delivery\contexts\stories\code\javascript\javascript_story_map_spec.py
2026-07-19T20:22:04Z [pre ] FIRED  C:\dev\abd-context-driven-delivery\contexts\stories\stories.py  — 4 manifest line(s)
2026-07-19T20:22:05Z [post] skip  C:\dev\abd-context-driven-delivery\contexts\stories\code\javascript\javascript_story_map_spec.py
2026-07-19T20:22:05Z [post] skip  C:\dev\abd-context-driven-delivery\contexts\stories
2026-07-19T20:22:06Z [read] FIRED  C:\dev\abd-context-driven-delivery\contexts\stories\stories.py  — 4 manifest line(s)
2026-07-19T20:22:06Z [post] skip  C:\dev\abd-context-driven-delivery\contexts\stories\code\javascript\javascript_story_map_spec.py
2026-07-19T20:22:07Z [post] FIRED  C:\dev\abd-context-driven-delivery\contexts\stories\stories.py  — 4 manifest line(s)
2026-07-19T20:22:08Z [pre ] skip  C:\dev\abd-context-driven-delivery\contexts\stories\code\javascript\javascript_story_map_spec.py
2026-07-19T20:22:09Z [pre ] FIRED  C:\dev\abd-context-driven-delivery\contexts\stories\stories.py  — 4 manifest line(s)
2026-07-19T20:22:09Z [post] skip  C:\dev\abd-context-driven-delivery\contexts\stories\code\javascript\javascript_story_map_spec.py
2026-07-19T20:22:10Z [post] skip  C:\dev\abd-context-driven-delivery\contexts\stories\code\javascript\javascript_story_map_spec.py
2026-07-19T20:22:11Z [post] FIRED  C:\dev\abd-context-driven-delivery\contexts\stories\stories.py  — 4 manifest line(s)
2026-07-19T20:22:12Z [post] FIRED  C:\dev\abd-context-driven-delivery\contexts\stories\stories.py  — 4 manifest line(s)
2026-07-19T20:26:06Z [pre ] skip  C:\dev\abd-context-driven-delivery\sandbox\character\character.js
2026-07-19T20:26:07Z [pre ] skip  C:\dev\abd-context-driven-delivery\sandbox\checks\check.js
2026-07-19T20:26:07Z [pre ] skip  C:\dev\abd-context-driven-delivery\sandbox\character\.context\module-context.md
2026-07-19T20:26:08Z [pre ] skip  C:\dev\abd-context-driven-delivery\sandbox\checks\.context\module-context.md
2026-07-19T20:26:09Z [read] skip  C:\dev\abd-context-driven-delivery\sandbox\character\character.js
2026-07-19T20:26:09Z [read] skip  C:\dev\abd-context-driven-delivery\sandbox\checks\check.js
2026-07-19T20:26:09Z [read] skip  C:\dev\abd-context-driven-delivery\sandbox\character\.context\module-context.md
2026-07-19T20:26:09Z [read] skip  C:\dev\abd-context-driven-delivery\sandbox\checks\.context\module-context.md
2026-07-19T20:26:11Z [post] skip  C:\dev\abd-context-driven-delivery\sandbox\character\character.js
2026-07-19T20:26:11Z [post] skip  C:\dev\abd-context-driven-delivery\sandbox\checks\check.js
2026-07-19T20:26:11Z [post] skip  C:\dev\abd-context-driven-delivery\sandbox\character\.context\module-context.md
2026-07-19T20:26:11Z [post] skip  C:\dev\abd-context-driven-delivery\sandbox\checks\.context\module-context.md
2026-07-19T20:26:23Z [pre ] skip  C:\dev\abd-context-driven-delivery\sandbox\character\abilities.js
2026-07-19T20:26:23Z [pre ] skip  C:\dev\abd-context-driven-delivery\sandbox\checks\trait.js
2026-07-19T20:26:23Z [pre ] skip  C:\dev\abd-context-driven-delivery\sandbox\checks\team_check.js
2026-07-19T20:26:24Z [post] skip  C:\dev\abd-context-driven-delivery\contexts\clean_engineering
2026-07-19T20:26:24Z [post] skip  C:\dev\abd-context-driven-delivery\contexts\clean_engineering
2026-07-19T20:26:25Z [read] skip  C:\dev\abd-context-driven-delivery\sandbox\character\abilities.js
2026-07-19T20:26:25Z [read] skip  C:\dev\abd-context-driven-delivery\sandbox\checks\trait.js
2026-07-19T20:26:25Z [read] skip  C:\dev\abd-context-driven-delivery\sandbox\checks\team_check.js
2026-07-19T20:26:26Z [post] skip  C:\dev\abd-context-driven-delivery\sandbox\character\abilities.js
2026-07-19T20:26:26Z [post] skip  C:\dev\abd-context-driven-delivery\sandbox\checks\trait.js
2026-07-19T20:26:27Z [post] skip  C:\dev\abd-context-driven-delivery\sandbox\checks\team_check.js
2026-07-19T20:27:45Z [pre ] skip  C:\dev\abd-context-driven-delivery\contexts\clean_engineering\templates\clean_engineering-templates.js
2026-07-19T20:27:47Z [read] skip  C:\dev\abd-context-driven-delivery\contexts\clean_engineering\templates\clean_engineering-templates.js
2026-07-19T20:27:47Z [post] skip  C:\dev\abd-context-driven-delivery\sandbox\measurement
2026-07-19T20:27:47Z [post] skip  C:\dev\abd-context-driven-delivery\sandbox\checks
2026-07-19T20:27:47Z [post] skip  C:\dev\abd-context-driven-delivery\sandbox\character
2026-07-19T20:27:48Z [post] skip  C:\dev\abd-context-driven-delivery\contexts\clean_engineering\templates\clean_engineering-templates.js
2026-07-19T20:28:04Z [pre ] skip  C:\dev\abd-context-driven-delivery\sandbox\measurement\.context\module-context.md
2026-07-19T20:28:04Z [pre ] skip  C:\dev\abd-context-driven-delivery\sandbox\character\defenses.js
2026-07-19T20:28:04Z [pre ] FIRED  C:\dev\abd-context-driven-delivery\sandbox\measurement\rank.py  — 3 manifest line(s)
2026-07-19T20:28:04Z [pre ] FIRED  C:\dev\abd-context-driven-delivery\sandbox\measurement\measure.py  — 3 manifest line(s)
2026-07-19T20:28:04Z [pre ] skip  C:\dev\abd-context-driven-delivery\sandbox\checks\check_result.js
2026-07-19T20:28:05Z [pre ] skip  C:\dev\abd-context-driven-delivery\sandbox\checks\check.spec.js
2026-07-19T20:28:06Z [read] skip  C:\dev\abd-context-driven-delivery\sandbox\measurement\.context\module-context.md
2026-07-19T20:28:06Z [read] skip  C:\dev\abd-context-driven-delivery\sandbox\character\defenses.js
2026-07-19T20:28:06Z [read] skip  C:\dev\abd-context-driven-delivery\sandbox\checks\check_result.js
2026-07-19T20:28:07Z [read] skip  C:\dev\abd-context-driven-delivery\sandbox\checks\check.spec.js
2026-07-19T20:28:07Z [read] FIRED  C:\dev\abd-context-driven-delivery\sandbox\measurement\measure.py  — 3 manifest line(s)
2026-07-19T20:28:07Z [read] FIRED  C:\dev\abd-context-driven-delivery\sandbox\measurement\rank.py  — 3 manifest line(s)
2026-07-19T20:28:08Z [post] skip  C:\dev\abd-context-driven-delivery\sandbox\measurement\.context\module-context.md
2026-07-19T20:28:08Z [post] skip  C:\dev\abd-context-driven-delivery\sandbox\character\defenses.js
2026-07-19T20:28:09Z [post] skip  C:\dev\abd-context-driven-delivery\sandbox\checks\check.spec.js
2026-07-19T20:28:09Z [post] skip  C:\dev\abd-context-driven-delivery\sandbox\checks\check_result.js
2026-07-19T20:28:09Z [post] FIRED  C:\dev\abd-context-driven-delivery\sandbox\measurement\measure.py  — 3 manifest line(s)
2026-07-19T20:28:09Z [post] FIRED  C:\dev\abd-context-driven-delivery\sandbox\measurement\rank.py  — 3 manifest line(s)
2026-07-19T20:28:47Z [post] skip  C:\dev\abd-context-driven-delivery\sandbox\measurement\measure.js
2026-07-19T20:28:48Z [pre ] skip  C:\dev\abd-context-driven-delivery\sandbox\checks\trait.js
2026-07-19T20:28:49Z [post] skip  C:\dev\abd-context-driven-delivery\sandbox\measurement\measure.js
2026-07-19T20:28:50Z [post] skip  C:\dev\abd-context-driven-delivery\sandbox\measurement\rank.js
2026-07-19T20:28:50Z [pre ] skip  C:\dev\abd-context-driven-delivery\sandbox\checks\modifier.js
2026-07-19T20:28:51Z [read] skip  C:\dev\abd-context-driven-delivery\sandbox\checks\trait.js
2026-07-19T20:28:52Z [post] skip  C:\dev\abd-context-driven-delivery\sandbox\measurement\measurements_table.js
2026-07-19T20:28:52Z [pre ] skip  C:\dev\abd-context-driven-delivery\sandbox\checks\difficulty_class.js
2026-07-19T20:28:52Z [pre ] skip  C:\dev\abd-context-driven-delivery\sandbox\checks\check_result.js
2026-07-19T20:28:53Z [post] skip  C:\dev\abd-context-driven-delivery\sandbox\measurement\rank.js
2026-07-19T20:28:53Z [read] skip  C:\dev\abd-context-driven-delivery\sandbox\checks\modifier.js
2026-07-19T20:28:53Z [post] skip  C:\dev\abd-context-driven-delivery\sandbox\checks\trait.js
2026-07-19T20:28:54Z [post] skip  C:\dev\abd-context-driven-delivery\sandbox\measurement\measurements_table.js
2026-07-19T20:28:54Z [read] skip  C:\dev\abd-context-driven-delivery\sandbox\checks\difficulty_class.js
2026-07-19T20:28:54Z [read] skip  C:\dev\abd-context-driven-delivery\sandbox\checks\check_result.js
2026-07-19T20:28:54Z [post] skip  C:\dev\abd-context-driven-delivery\sandbox\checks\modifier.js
2026-07-19T20:28:55Z [pre ] skip  C:\dev\abd-context-driven-delivery\sandbox\checks\trait.js
2026-07-19T20:28:55Z [post] skip  C:\dev\abd-context-driven-delivery\sandbox\checks\difficulty_class.js
2026-07-19T20:28:56Z [post] skip  C:\dev\abd-context-driven-delivery\sandbox\checks\check_result.js
2026-07-19T20:28:56Z [pre ] skip  C:\dev\abd-context-driven-delivery\sandbox\checks\modifier.js
2026-07-19T20:28:57Z [post] skip  C:\dev\abd-context-driven-delivery\sandbox\checks\trait.js
2026-07-19T20:28:57Z [pre ] skip  C:\dev\abd-context-driven-delivery\sandbox\checks\difficulty_class.js
2026-07-19T20:28:58Z [pre ] skip  C:\dev\abd-context-driven-delivery\sandbox\checks\check_result.js
2026-07-19T20:28:58Z [post] skip  C:\dev\abd-context-driven-delivery\sandbox\checks\modifier.js
2026-07-19T20:28:59Z [post] skip  C:\dev\abd-context-driven-delivery\sandbox\checks\trait.js
2026-07-19T20:28:59Z [post] skip  C:\dev\abd-context-driven-delivery\sandbox\checks\difficulty_class.js
2026-07-19T20:28:59Z [post] skip  C:\dev\abd-context-driven-delivery\sandbox\checks\check_result.js
2026-07-19T20:29:00Z [post] skip  C:\dev\abd-context-driven-delivery\sandbox\checks\modifier.js
2026-07-19T20:29:00Z [post] skip  C:\dev\abd-context-driven-delivery\sandbox\checks\difficulty_class.js
2026-07-19T20:29:01Z [post] skip  C:\dev\abd-context-driven-delivery\sandbox\checks\check_result.js
2026-07-19T20:29:12Z [pre ] skip  C:\dev\abd-context-driven-delivery\sandbox\checks\check.js
2026-07-19T20:29:13Z [read] skip  C:\dev\abd-context-driven-delivery\sandbox\checks\check.js
2026-07-19T20:29:13Z [pre ] skip  C:\dev\abd-context-driven-delivery\sandbox\checks\team_check.js
2026-07-19T20:29:14Z [post] skip  C:\dev\abd-context-driven-delivery\sandbox\checks\check.js
2026-07-19T20:29:15Z [read] skip  C:\dev\abd-context-driven-delivery\sandbox\checks\team_check.js
2026-07-19T20:29:16Z [post] skip  C:\dev\abd-context-driven-delivery\sandbox\checks\team_check.js
2026-07-19T20:29:16Z [pre ] skip  C:\dev\abd-context-driven-delivery\sandbox\checks\check.js
2026-07-19T20:29:17Z [pre ] skip  C:\dev\abd-context-driven-delivery\sandbox\checks\team_check.js
2026-07-19T20:29:18Z [post] skip  C:\dev\abd-context-driven-delivery\sandbox\checks\check.js
2026-07-19T20:29:19Z [pre ] skip  C:\dev\abd-context-driven-delivery\sandbox\character\abilities.js
2026-07-19T20:29:19Z [post] skip  C:\dev\abd-context-driven-delivery\sandbox\checks\team_check.js
2026-07-19T20:29:19Z [post] skip  C:\dev\abd-context-driven-delivery\sandbox\checks\check.js
2026-07-19T20:29:21Z [read] skip  C:\dev\abd-context-driven-delivery\sandbox\character\abilities.js
2026-07-19T20:29:21Z [post] skip  C:\dev\abd-context-driven-delivery\sandbox\checks\team_check.js
2026-07-19T20:29:21Z [pre ] skip  C:\dev\abd-context-driven-delivery\sandbox\character\defenses.js
2026-07-19T20:29:22Z [post] skip  C:\dev\abd-context-driven-delivery\sandbox\character\abilities.js
2026-07-19T20:29:23Z [read] skip  C:\dev\abd-context-driven-delivery\sandbox\character\defenses.js
2026-07-19T20:29:23Z [pre ] skip  C:\dev\abd-context-driven-delivery\sandbox\character\point_totals.js
2026-07-19T20:29:23Z [pre ] skip  C:\dev\abd-context-driven-delivery\sandbox\character\abilities.js
2026-07-19T20:29:24Z [post] skip  C:\dev\abd-context-driven-delivery\sandbox\character\defenses.js
2026-07-19T20:29:25Z [read] skip  C:\dev\abd-context-driven-delivery\sandbox\character\point_totals.js
2026-07-19T20:29:25Z [post] skip  C:\dev\abd-context-driven-delivery\sandbox\character\abilities.js
2026-07-19T20:29:25Z [pre ] skip  C:\dev\abd-context-driven-delivery\sandbox\character\character.js
2026-07-19T20:29:26Z [pre ] skip  C:\dev\abd-context-driven-delivery\sandbox\character\defenses.js
2026-07-19T20:29:26Z [post] skip  C:\dev\abd-context-driven-delivery\sandbox\character\point_totals.js
2026-07-19T20:29:26Z [post] skip  C:\dev\abd-context-driven-delivery\sandbox\character\abilities.js
2026-07-19T20:29:27Z [read] skip  C:\dev\abd-context-driven-delivery\sandbox\character\character.js
2026-07-19T20:29:28Z [post] skip  C:\dev\abd-context-driven-delivery\sandbox\character\defenses.js
2026-07-19T20:29:28Z [pre ] skip  C:\dev\abd-context-driven-delivery\sandbox\character\point_totals.js
2026-07-19T20:29:28Z [post] skip  C:\dev\abd-context-driven-delivery\sandbox\character\character.js
2026-07-19T20:29:29Z [post] skip  C:\dev\abd-context-driven-delivery\sandbox\character\defenses.js
2026-07-19T20:29:29Z [post] skip  C:\dev\abd-context-driven-delivery\sandbox\character\point_totals.js
2026-07-19T20:29:31Z [post] skip  C:\dev\abd-context-driven-delivery\sandbox\character\point_totals.js
2026-07-19T20:29:31Z [pre ] skip  C:\dev\abd-context-driven-delivery\sandbox\character\character.js
2026-07-19T20:29:33Z [post] skip  C:\dev\abd-context-driven-delivery\sandbox\character\character.js
2026-07-19T20:29:34Z [post] skip  C:\dev\abd-context-driven-delivery\sandbox\character\character.js
2026-07-19T20:29:41Z [pre ] skip  C:\dev\abd-context-driven-delivery\sandbox\measurement\.context\module-context.md
2026-07-19T20:29:42Z [pre ] skip  C:\dev\abd-context-driven-delivery\sandbox\character\.context\module-context.md
2026-07-19T20:29:43Z [read] skip  C:\dev\abd-context-driven-delivery\sandbox\measurement\.context\module-context.md
2026-07-19T20:29:43Z [pre ] skip  C:\dev\abd-context-driven-delivery\sandbox\checks\.context\module-context.md
2026-07-19T20:29:43Z [read] skip  C:\dev\abd-context-driven-delivery\sandbox\character\.context\module-context.md
2026-07-19T20:29:45Z [post] skip  C:\dev\abd-context-driven-delivery\sandbox\measurement\.context\module-context.md
2026-07-19T20:29:45Z [read] skip  C:\dev\abd-context-driven-delivery\sandbox\checks\.context\module-context.md
2026-07-19T20:29:45Z [post] skip  C:\dev\abd-context-driven-delivery\sandbox\character\.context\module-context.md
2026-07-19T20:29:46Z [post] skip  C:\dev\abd-context-driven-delivery\sandbox\checks\.context\module-context.md
2026-07-19T20:29:48Z [pre ] skip  C:\dev\abd-context-driven-delivery\sandbox\character\.context\module-context.md
2026-07-19T20:29:48Z [pre ] skip  C:\dev\abd-context-driven-delivery\sandbox\measurement\.context\module-context.md
2026-07-19T20:29:48Z [pre ] skip  C:\dev\abd-context-driven-delivery\sandbox\checks\.context\module-context.md
2026-07-19T20:29:50Z [post] skip  C:\dev\abd-context-driven-delivery\sandbox\character\.context\module-context.md
2026-07-19T20:29:50Z [post] skip  C:\dev\abd-context-driven-delivery\sandbox\measurement\.context\module-context.md
2026-07-19T20:29:50Z [post] skip  C:\dev\abd-context-driven-delivery\sandbox\checks\.context\module-context.md
2026-07-19T20:29:52Z [post] skip  C:\dev\abd-context-driven-delivery\sandbox\measurement\.context\module-context.md
2026-07-19T20:29:52Z [post] skip  C:\dev\abd-context-driven-delivery\sandbox\character\.context\module-context.md
2026-07-19T20:29:52Z [post] skip  C:\dev\abd-context-driven-delivery\sandbox\checks\.context\module-context.md
2026-07-19T20:30:19Z [pre ] skip  C:\dev\abd-context-driven-delivery\sandbox\measurement\__init__.py
2026-07-19T20:30:21Z [post] skip  C:\dev\abd-context-driven-delivery\sandbox\measurement\__init__.py
2026-07-19T20:33:28Z [pre ] skip  C:\dev\abd-context-driven-delivery\contexts\stories\stories.md
ean_engineering.md
2026-07-19T20:33:30Z [post] skip  C:\dev\abd-context-driven-delivery\contexts\stories\stories.md
2026-07-19T20:33:30Z [post] skip  C:\dev\abd-context-driven-delivery\contexts\clean_engineering\clean_engineering.md
2026-07-19T20:34:23Z [pre ] skip  C:\dev\abd-context-driven-delivery\contexts\clean_engineering\templates\clean_engineering-templates.js
2026-07-19T20:34:23Z [pre ] skip  C:\dev\abd-context-driven-delivery\sandbox\character\character.js
2026-07-19T20:34:24Z [pre ] skip  C:\dev\abd-context-driven-delivery\sandbox\checks\check.js
2026-07-19T20:34:25Z [pre ] skip  C:\dev\abd-context-driven-delivery\sandbox\checks\trait.js
2026-07-19T20:34:25Z [pre ] skip  C:\dev\abd-context-driven-delivery\sandbox\measurement\rank.js
2026-07-19T20:34:26Z [read] skip  C:\dev\abd-context-driven-delivery\contexts\clean_engineering\templates\clean_engineering-templates.js
2026-07-19T20:34:27Z [read] skip  C:\dev\abd-context-driven-delivery\sandbox\character\character.js
2026-07-19T20:34:28Z [post] skip  C:\dev\abd-context-driven-delivery\contexts\clean_engineering\templates\clean_engineering-templates.js
2026-07-19T20:34:28Z [post] skip  C:\dev\abd-context-driven-delivery\sandbox\character\character.js
2026-07-19T20:34:34Z [pre ] skip  C:\dev\abd-context-driven-delivery\sandbox\character\character.js
2026-07-19T20:34:35Z [pre ] skip  C:\dev\abd-context-driven-delivery\sandbox\checks\check.js
2026-07-19T20:34:35Z [pre ] skip  C:\dev\abd-context-driven-delivery\sandbox\play-core-mechanics\resolve-checks\resolve-ability-check\resolve_ability_check_stories.js
2026-07-19T20:34:36Z [read] skip  C:\dev\abd-context-driven-delivery\sandbox\character\character.js
2026-07-19T20:34:37Z [read] skip  C:\dev\abd-context-driven-delivery\sandbox\checks\check.js
2026-07-19T20:34:38Z [read] skip  C:\dev\abd-context-driven-delivery\sandbox\play-core-mechanics\resolve-checks\resolve-ability-check\resolve_ability_check_stories.js
2026-07-19T20:34:38Z [post] skip  C:\dev\abd-context-driven-delivery\sandbox\character\character.js
2026-07-19T20:34:39Z [post] skip  C:\dev\abd-context-driven-delivery\sandbox\checks\check.js
2026-07-19T20:34:39Z [post] skip  C:\dev\abd-context-driven-delivery\sandbox\play-core-mechanics\resolve-checks\resolve-ability-check\resolve_ability_check_stories.js
2026-07-19T20:34:53Z [pre ] skip  C:\dev\abd-context-driven-delivery\sandbox\character\abilities.js
2026-07-19T20:34:53Z [pre ] skip  C:\dev\abd-context-driven-delivery\sandbox\checks\difficulty_class.js
2026-07-19T20:34:53Z [pre ] skip  C:\dev\abd-context-driven-delivery\sandbox\checks\check_result.js
2026-07-19T20:34:53Z [pre ] skip  C:\dev\abd-context-driven-delivery\sandbox\checks\trait.js
2026-07-19T20:34:54Z [pre ] skip  C:\dev\abd-context-driven-delivery\sandbox\measurement\rank.js
2026-07-19T20:34:54Z [pre ] skip  C:\dev\abd-context-driven-delivery\sandbox\checks\check.js
2026-07-19T20:34:55Z [read] skip  C:\dev\abd-context-driven-delivery\sandbox\checks\difficulty_class.js
2026-07-19T20:34:56Z [read] skip  C:\dev\abd-context-driven-delivery\sandbox\checks\trait.js
2026-07-19T20:34:56Z [read] skip  C:\dev\abd-context-driven-delivery\sandbox\character\abilities.js
2026-07-19T20:34:56Z [read] skip  C:\dev\abd-context-driven-delivery\sandbox\measurement\rank.js
2026-07-19T20:34:57Z [read] skip  C:\dev\abd-context-driven-delivery\sandbox\checks\check_result.js
2026-07-19T20:34:59Z [read] skip  C:\dev\abd-context-driven-delivery\sandbox\checks\check.js
2026-07-19T20:34:59Z [post] skip  C:\dev\abd-context-driven-delivery\sandbox\checks\difficulty_class.js
2026-07-19T20:35:00Z [post] skip  C:\dev\abd-context-driven-delivery\sandbox\character\abilities.js
2026-07-19T20:35:00Z [post] skip  C:\dev\abd-context-driven-delivery\sandbox\checks\trait.js
2026-07-19T20:35:00Z [post] skip  C:\dev\abd-context-driven-delivery\sandbox\measurement\rank.js
2026-07-19T20:35:00Z [post] skip  C:\dev\abd-context-driven-delivery\sandbox\checks\check_result.js
2026-07-19T20:35:01Z [post] skip  C:\dev\abd-context-driven-delivery\sandbox\checks\check.js
2026-07-19T20:35:08Z [pre ] skip  C:\dev\abd-context-driven-delivery\sandbox\character\character.js
2026-07-19T20:35:09Z [read] skip  C:\dev\abd-context-driven-delivery\sandbox\character\character.js
2026-07-19T20:35:10Z [post] skip  C:\dev\abd-context-driven-delivery\sandbox\character\character.js
2026-07-19T20:35:11Z [pre ] skip  C:\dev\abd-context-driven-delivery\sandbox\character\character.js
2026-07-19T20:35:12Z [pre ] skip  C:\dev\abd-context-driven-delivery\sandbox\character\abilities.js
2026-07-19T20:35:12Z [post] skip  C:\dev\abd-context-driven-delivery\sandbox\character\character.js
2026-07-19T20:35:13Z [read] skip  C:\dev\abd-context-driven-delivery\sandbox\character\abilities.js
2026-07-19T20:35:13Z [post] skip  C:\dev\abd-context-driven-delivery\sandbox\character\character.js
2026-07-19T20:35:14Z [post] skip  C:\dev\abd-context-driven-delivery\sandbox\character\abilities.js
2026-07-19T20:35:15Z [pre ] skip  C:\dev\abd-context-driven-delivery\sandbox\checks\trait.js
2026-07-19T20:35:16Z [pre ] skip  C:\dev\abd-context-driven-delivery\sandbox\checks\difficulty_class.js
2026-07-19T20:35:16Z [pre ] skip  C:\dev\abd-context-driven-delivery\sandbox\character\abilities.js
2026-07-19T20:35:16Z [read] skip  C:\dev\abd-context-driven-delivery\sandbox\checks\trait.js
2026-07-19T20:35:18Z [post] skip  C:\dev\abd-context-driven-delivery\sandbox\checks\trait.js
2026-07-19T20:35:18Z [read] skip  C:\dev\abd-context-driven-delivery\sandbox\checks\difficulty_class.js
2026-07-19T20:35:18Z [post] skip  C:\dev\abd-context-driven-delivery\sandbox\character\abilities.js
2026-07-19T20:35:19Z [pre ] skip  C:\dev\abd-context-driven-delivery\sandbox\checks\check_result.js
2026-07-19T20:35:19Z [pre ] skip  C:\dev\abd-context-driven-delivery\sandbox\checks\check.js
2026-07-19T20:35:20Z [pre ] skip  C:\dev\abd-context-driven-delivery\sandbox\checks\trait.js
2026-07-19T20:35:20Z [post] skip  C:\dev\abd-context-driven-delivery\sandbox\checks\difficulty_class.js
2026-07-19T20:35:20Z [post] skip  C:\dev\abd-context-driven-delivery\sandbox\character\abilities.js
2026-07-19T20:35:20Z [read] skip  C:\dev\abd-context-driven-delivery\sandbox\checks\check_result.js
2026-07-19T20:35:21Z [read] skip  C:\dev\abd-context-driven-delivery\sandbox\checks\check.js
2026-07-19T20:35:24Z [post] skip  C:\dev\abd-context-driven-delivery\sandbox\checks\trait.js
2026-07-19T20:35:24Z [pre ] skip  C:\dev\abd-context-driven-delivery\sandbox\checks\difficulty_class.js
2026-07-19T20:35:25Z [post] skip  C:\dev\abd-context-driven-delivery\sandbox\checks\check_result.js
2026-07-19T20:35:25Z [pre ] skip  C:\dev\abd-context-driven-delivery\sandbox\measurement\rank.js
2026-07-19T20:35:25Z [post] skip  C:\dev\abd-context-driven-delivery\sandbox\checks\check.js
2026-07-19T20:35:26Z [post] skip  C:\dev\abd-context-driven-delivery\sandbox\checks\trait.js
2026-07-19T20:35:28Z [post] skip  C:\dev\abd-context-driven-delivery\sandbox\checks\difficulty_class.js
2026-07-19T20:35:29Z [read] skip  C:\dev\abd-context-driven-delivery\sandbox\measurement\rank.js
2026-07-19T20:35:30Z [pre ] skip  C:\dev\abd-context-driven-delivery\sandbox\checks\check_result.js
2026-07-19T20:35:30Z [pre ] skip  C:\dev\abd-context-driven-delivery\sandbox\checks\check.js
2026-07-19T20:35:32Z [post] skip  C:\dev\abd-context-driven-delivery\sandbox\measurement\rank.js
2026-07-19T20:35:32Z [post] skip  C:\dev\abd-context-driven-delivery\sandbox\checks\difficulty_class.js
2026-07-19T20:35:34Z [post] skip  C:\dev\abd-context-driven-delivery\sandbox\checks\check_result.js
2026-07-19T20:35:34Z [post] skip  C:\dev\abd-context-driven-delivery\sandbox\checks\check.js
2026-07-19T20:35:39Z [pre ] skip  C:\dev\abd-context-driven-delivery\sandbox\measurement\rank.js
2026-07-19T20:35:40Z [post] skip  C:\dev\abd-context-driven-delivery\sandbox\checks\check_result.js
2026-07-19T20:35:40Z [post] skip  C:\dev\abd-context-driven-delivery\sandbox\checks\check.js
2026-07-19T20:35:42Z [post] skip  C:\dev\abd-context-driven-delivery\sandbox\measurement\rank.js
2026-07-19T20:35:43Z [pre ] skip  C:\dev\abd-context-driven-delivery\sandbox\checks\check.js
2026-07-19T20:35:44Z [post] skip  C:\dev\abd-context-driven-delivery\sandbox\measurement\rank.js
2026-07-19T20:35:45Z [post] skip  C:\dev\abd-context-driven-delivery\sandbox\checks\check.js
2026-07-19T20:35:47Z [post] skip  C:\dev\abd-context-driven-delivery\sandbox\checks\check.js
2026-07-19T20:35:53Z [pre ] skip  C:\dev\abd-context-driven-delivery\sandbox\character\.context\module-context.md
2026-07-19T20:35:54Z [pre ] skip  C:\dev\abd-context-driven-delivery\sandbox\checks\.context\module-context.md
2026-07-19T20:35:54Z [read] skip  C:\dev\abd-context-driven-delivery\sandbox\character\.context\module-context.md
2026-07-19T20:35:54Z [pre ] skip  C:\dev\abd-context-driven-delivery\sandbox\measurement\.context\module-context.md
2026-07-19T20:35:55Z [read] skip  C:\dev\abd-context-driven-delivery\sandbox\checks\.context\module-context.md
2026-07-19T20:35:55Z [post] skip  C:\dev\abd-context-driven-delivery\sandbox\character\.context\module-context.md
2026-07-19T20:35:55Z [read] skip  C:\dev\abd-context-driven-delivery\sandbox\measurement\.context\module-context.md
2026-07-19T20:35:57Z [post] skip  C:\dev\abd-context-driven-delivery\sandbox\checks\.context\module-context.md
2026-07-19T20:35:57Z [post] skip  C:\dev\abd-context-driven-delivery\sandbox\measurement\.context\module-context.md
2026-07-19T20:35:59Z [pre ] skip  C:\dev\abd-context-driven-delivery\sandbox\measurement\.context\module-context.md
2026-07-19T20:35:59Z [pre ] skip  C:\dev\abd-context-driven-delivery\sandbox\character\.context\module-context.md
2026-07-19T20:35:59Z [pre ] skip  C:\dev\abd-context-driven-delivery\sandbox\checks\.context\module-context.md
2026-07-19T20:36:01Z [post] skip  C:\dev\abd-context-driven-delivery\sandbox\measurement\.context\module-context.md
2026-07-19T20:36:01Z [post] skip  C:\dev\abd-context-driven-delivery\sandbox\character\.context\module-context.md
2026-07-19T20:36:01Z [post] skip  C:\dev\abd-context-driven-delivery\sandbox\checks\.context\module-context.md
2026-07-19T20:36:02Z [post] skip  C:\dev\abd-context-driven-delivery\sandbox\measurement\.context\module-context.md
2026-07-19T20:36:02Z [post] skip  C:\dev\abd-context-driven-delivery\sandbox\checks\.context\module-context.md
2026-07-19T20:36:02Z [post] skip  C:\dev\abd-context-driven-delivery\sandbox\character\.context\module-context.md
2026-07-19T20:46:37Z [pre ] skip  C:\dev\abd-context-driven-delivery\contexts\clean_engineering\templates\clean_engineering-templates.js
2026-07-19T20:46:37Z [pre ] skip  C:\dev\abd-context-driven-delivery\contexts\clean_engineering\class_model\base_class_model.py
2026-07-19T20:46:38Z [read] skip  C:\dev\abd-context-driven-delivery\contexts\clean_engineering\templates\clean_engineering-templates.js
2026-07-19T20:46:38Z [read] skip  C:\dev\abd-context-driven-delivery\contexts\clean_engineering\class_model\base_class_model.py
2026-07-19T20:46:39Z [post] skip  C:\dev\abd-context-driven-delivery\contexts\clean_engineering
2026-07-19T20:46:39Z [post] skip  C:\dev\abd-context-driven-delivery\contexts\clean_engineering\templates\clean_engineering-templates.js
2026-07-19T20:46:40Z [post] skip  C:\dev\abd-context-driven-delivery\contexts\clean_engineering\class_model\base_class_model.py
2026-07-19T20:46:59Z [pre ] skip  C:\dev\abd-context-driven-delivery\contexts\clean_engineering\sketch-template.md
2026-07-19T20:46:59Z [pre ] skip  C:\dev\abd-context-driven-delivery\contexts\clean_engineering\class_model\javascript_class_model.py
2026-07-19T20:46:59Z [pre ] FIRED  C:\dev\abd-context-driven-delivery\contexts\clean_engineering\templates\clean_engineering-templates.py  — 3 manifest line(s)
2026-07-19T20:47:00Z [post] skip  C:\dev\abd-context-driven-delivery\contexts\clean_engineering
2026-07-19T20:47:00Z [read] skip  C:\dev\abd-context-driven-delivery\contexts\clean_engineering\sketch-template.md
2026-07-19T20:47:00Z [read] skip  C:\dev\abd-context-driven-delivery\contexts\clean_engineering\class_model\javascript_class_model.py
2026-07-19T20:47:01Z [read] FIRED  C:\dev\abd-context-driven-delivery\contexts\clean_engineering\templates\clean_engineering-templates.py  — 3 manifest line(s)
2026-07-19T20:47:02Z [post] skip  C:\dev\abd-context-driven-delivery\contexts\clean_engineering\sketch-template.md
2026-07-19T20:47:02Z [post] skip  C:\dev\abd-context-driven-delivery\contexts\clean_engineering\class_model\javascript_class_model.py
2026-07-19T20:47:03Z [post] FIRED  C:\dev\abd-context-driven-delivery\contexts\clean_engineering\templates\clean_engineering-templates.py  — 3 manifest line(s)
2026-07-19T20:47:10Z [pre ] skip  C:\dev\abd-context-driven-delivery\contexts\clean_engineering\templates\clean_engineering-templates.md
2026-07-19T20:47:10Z [pre ] skip  C:\dev\abd-context-driven-delivery\contexts\clean_engineering\contexts.md
2026-07-19T20:47:10Z [pre ] skip  C:\dev\abd-context-driven-delivery\contexts\stories\stories.md
2026-07-19T20:47:11Z [read] skip  C:\dev\abd-context-driven-delivery\contexts\clean_engineering\templates\clean_engineering-templates.md
2026-07-19T20:47:11Z [read] skip  C:\dev\abd-context-driven-delivery\contexts\clean_engineering\contexts.md
2026-07-19T20:47:11Z [post] skip  C:\dev\abd-context-driven-delivery\contexts\clean_engineering\class_model
2026-07-19T20:47:11Z [post] skip  C:\dev\abd-context-driven-delivery\contexts\stories\stories.md
2026-07-19T20:47:12Z [post] skip  C:\dev\abd-context-driven-delivery\contexts\clean_engineering\templates\clean_engineering-templates.md
2026-07-19T20:47:12Z [post] skip  C:\dev\abd-context-driven-delivery\contexts\clean_engineering\contexts.md
2026-07-19T20:47:16Z [pre ] skip  C:\dev\abd-context-driven-delivery\contexts\clean_engineering\class_model\base_class_model_spec.py
2026-07-19T20:47:16Z [pre ] skip  C:\dev\abd-context-driven-delivery\contexts\clean_engineering\sketch-template.md
2026-07-19T20:47:17Z [read] skip  C:\dev\abd-context-driven-delivery\contexts\clean_engineering\class_model\base_class_model_spec.py
2026-07-19T20:47:17Z [read] skip  C:\dev\abd-context-driven-delivery\contexts\clean_engineering\sketch-template.md
2026-07-19T20:47:18Z [post] skip  C:\dev\abd-context-driven-delivery\contexts\clean_engineering\sketch-template.md
2026-07-19T20:47:18Z [post] skip  C:\dev\abd-context-driven-delivery\contexts\clean_engineering\class_model\base_class_model_spec.py
2026-07-19T20:47:21Z [pre ] skip  C:\dev\abd-context-driven-delivery\contexts\clean_engineering\class_model\base_class_model_spec.py
2026-07-19T20:47:21Z [pre ] skip  C:\dev\abd-context-driven-delivery\contexts\clean_engineering\class_model\base_class_model_spec.py
2026-07-19T20:47:22Z [post] skip  C:\dev\abd-context-driven-delivery\contexts\clean_engineering\class_model\base_class_model_spec.py
2026-07-19T20:47:22Z [read] skip  C:\dev\abd-context-driven-delivery\contexts\clean_engineering\class_model\base_class_model_spec.py
2026-07-19T20:47:23Z [post] skip  C:\dev\abd-context-driven-delivery\contexts\clean_engineering\class_model\base_class_model_spec.py
2026-07-19T20:47:41Z [pre ] skip  C:\dev\abd-context-driven-delivery\contexts\clean_engineering\contexts.md
2026-07-19T20:47:42Z [read] skip  C:\dev\abd-context-driven-delivery\contexts\clean_engineering\contexts.md
2026-07-19T20:47:43Z [post] skip  C:\dev\abd-context-driven-delivery\contexts\clean_engineering\contexts.md
2026-07-19T20:47:44Z [pre ] skip  C:\dev\abd-context-driven-delivery\contexts\clean_engineering\class_model\base_class_model.py
2026-07-19T20:47:45Z [read] skip  C:\dev\abd-context-driven-delivery\contexts\clean_engineering\class_model\base_class_model.py
2026-07-19T20:47:46Z [post] skip  C:\dev\abd-context-driven-delivery\contexts\clean_engineering\class_model\base_class_model.py
2026-07-19T20:47:48Z [pre ] skip  C:\dev\abd-context-driven-delivery\contexts\clean_engineering\clean_engineering.md
2026-07-19T20:47:50Z [post] skip  C:\dev\abd-context-driven-delivery\contexts\clean_engineering\clean_engineering.md
2026-07-19T20:47:51Z [post] skip  C:\dev\abd-context-driven-delivery\contexts\clean_engineering\clean_engineering.md
2026-07-19T20:48:00Z [pre ] skip  C:\dev\abd-context-driven-delivery\contexts\clean_engineering\contexts.md
2026-07-19T20:48:01Z [post] skip  C:\dev\abd-context-driven-delivery\contexts\clean_engineering\contexts.md
2026-07-19T20:48:02Z [pre ] skip  C:\dev\abd-context-driven-delivery\contexts\clean_engineering\class_model\base_class_model.py
2026-07-19T20:48:02Z [post] skip  C:\dev\abd-context-driven-delivery\contexts\clean_engineering\contexts.md
2026-07-19T20:48:03Z [post] skip  C:\dev\abd-context-driven-delivery\contexts\clean_engineering\class_model\base_class_model.py
2026-07-19T20:48:04Z [post] skip  C:\dev\abd-context-driven-delivery\contexts\clean_engineering\class_model\base_class_model.py
2026-07-19T20:48:11Z [pre ] skip  C:\dev\abd-context-driven-delivery\contexts\clean_engineering\templates\clean_engineering-templates.js
2026-07-19T20:48:12Z [read] skip  C:\dev\abd-context-driven-delivery\contexts\clean_engineering\templates\clean_engineering-templates.js
2026-07-19T20:48:13Z [post] skip  C:\dev\abd-context-driven-delivery\contexts\clean_engineering\templates\clean_engineering-templates.js
2026-07-19T20:48:15Z [pre ] skip  C:\dev\abd-context-driven-delivery\contexts\clean_engineering\templates\clean_engineering-templates.js
2026-07-19T20:48:16Z [post] skip  C:\dev\abd-context-driven-delivery\contexts\clean_engineering\templates\clean_engineering-templates.js
2026-07-19T20:48:17Z [post] skip  C:\dev\abd-context-driven-delivery\contexts\clean_engineering\templates\clean_engineering-templates.js
2026-07-19T20:48:20Z [pre ] skip  C:\dev\abd-context-driven-delivery\contexts\clean_engineering\templates\clean_engineering-templates.js
2026-07-19T20:48:20Z [pre ] FIRED  C:\dev\abd-context-driven-delivery\contexts\clean_engineering\templates\clean_engineering-templates.py  — 3 manifest line(s)
2026-07-19T20:48:21Z [post] skip  C:\dev\abd-context-driven-delivery\contexts\clean_engineering\templates\clean_engineering-templates.js
2026-07-19T20:48:21Z [read] FIRED  C:\dev\abd-context-driven-delivery\contexts\clean_engineering\templates\clean_engineering-templates.py  — 3 manifest line(s)
2026-07-19T20:48:22Z [post] skip  C:\dev\abd-context-driven-delivery\contexts\clean_engineering\templates\clean_engineering-templates.js
2026-07-19T20:48:23Z [post] FIRED  C:\dev\abd-context-driven-delivery\contexts\clean_engineering\templates\clean_engineering-templates.py  — 3 manifest line(s)
2026-07-19T20:48:24Z [pre ] skip  C:\dev\abd-context-driven-delivery\contexts\clean_engineering\templates\clean_engineering-templates.md
2026-07-19T20:48:24Z [pre ] skip  C:\dev\abd-context-driven-delivery\contexts\clean_engineering\sketch-template.md
2026-07-19T20:48:25Z [read] skip  C:\dev\abd-context-driven-delivery\contexts\clean_engineering\templates\clean_engineering-templates.md
2026-07-19T20:48:25Z [pre ] FIRED  C:\dev\abd-context-driven-delivery\contexts\clean_engineering\templates\clean_engineering-templates.py  — 3 manifest line(s)
2026-07-19T20:48:25Z [read] skip  C:\dev\abd-context-driven-delivery\contexts\clean_engineering\sketch-template.md
2026-07-19T20:48:26Z [post] skip  C:\dev\abd-context-driven-delivery\contexts\clean_engineering\templates\clean_engineering-templates.md
2026-07-19T20:48:26Z [post] skip  C:\dev\abd-context-driven-delivery\contexts\clean_engineering\sketch-template.md
2026-07-19T20:48:26Z [post] FIRED  C:\dev\abd-context-driven-delivery\contexts\clean_engineering\templates\clean_engineering-templates.py  — 3 manifest line(s)
2026-07-19T20:48:27Z [pre ] skip  C:\dev\abd-context-driven-delivery\contexts\clean_engineering\templates\clean_engineering-templates.md
2026-07-19T20:48:28Z [post] FIRED  C:\dev\abd-context-driven-delivery\contexts\clean_engineering\templates\clean_engineering-templates.py  — 3 manifest line(s)
2026-07-19T20:48:28Z [post] skip  C:\dev\abd-context-driven-delivery\contexts\clean_engineering\templates\clean_engineering-templates.md
2026-07-19T20:48:29Z [post] skip  C:\dev\abd-context-driven-delivery\contexts\clean_engineering\templates\clean_engineering-templates.md
2026-07-19T20:48:39Z [pre ] skip  C:\dev\abd-context-driven-delivery\contexts\clean_engineering\sketch-template.md
2026-07-19T20:48:40Z [pre ] skip  C:\dev\abd-context-driven-delivery\contexts\clean_engineering\class_model\javascript_class_model.py
2026-07-19T20:48:40Z [read] skip  C:\dev\abd-context-driven-delivery\contexts\clean_engineering\sketch-template.md
2026-07-19T20:48:41Z [read] skip  C:\dev\abd-context-driven-delivery\contexts\clean_engineering\class_model\javascript_class_model.py
2026-07-19T20:48:41Z [post] skip  C:\dev\abd-context-driven-delivery\contexts\clean_engineering\sketch-template.md
2026-07-19T20:48:42Z [post] skip  C:\dev\abd-context-driven-delivery\contexts\clean_engineering\class_model\javascript_class_model.py
2026-07-19T20:49:37Z [pre ] skip  C:\dev\abd-context-driven-delivery\contexts\clean_engineering\sketch-template.md
2026-07-19T20:49:38Z [read] skip  C:\dev\abd-context-driven-delivery\contexts\clean_engineering\sketch-template.md
2026-07-19T20:49:38Z [pre ] skip  C:\dev\abd-context-driven-delivery\contexts\clean_engineering\class_model\javascript_class_model.py
2026-07-19T20:49:39Z [read] skip  C:\dev\abd-context-driven-delivery\contexts\clean_engineering\class_model\javascript_class_model.py
2026-07-19T20:49:39Z [post] skip  C:\dev\abd-context-driven-delivery\contexts\clean_engineering\sketch-template.md
2026-07-19T20:49:40Z [post] skip  C:\dev\abd-context-driven-delivery\contexts\clean_engineering\class_model\javascript_class_model.py
2026-07-19T20:49:40Z [pre ] skip  C:\dev\abd-context-driven-delivery\contexts\clean_engineering\sketch-template.md
2026-07-19T20:49:41Z [post] skip  C:\dev\abd-context-driven-delivery\contexts\clean_engineering\sketch-template.md
2026-07-19T20:49:41Z [pre ] skip  C:\dev\abd-context-driven-delivery\contexts\clean_engineering\class_model\javascript_class_model.py
2026-07-19T20:49:43Z [post] skip  C:\dev\abd-context-driven-delivery\contexts\clean_engineering\sketch-template.md
2026-07-19T20:49:43Z [post] skip  C:\dev\abd-context-driven-delivery\contexts\clean_engineering\class_model\javascript_class_model.py
2026-07-19T20:49:44Z [post] skip  C:\dev\abd-context-driven-delivery\contexts\clean_engineering\class_model\javascript_class_model.py
2026-07-19T20:49:45Z [pre ] skip  C:\dev\abd-context-driven-delivery\contexts\clean_engineering\class_model\javascript_class_model.py
2026-07-19T20:49:46Z [post] skip  C:\dev\abd-context-driven-delivery\contexts\clean_engineering\class_model\javascript_class_model.py
2026-07-19T20:49:47Z [post] skip  C:\dev\abd-context-driven-delivery\contexts\clean_engineering\class_model\javascript_class_model.py
2026-07-19T20:49:59Z [pre ] skip  C:\dev\abd-context-driven-delivery\contexts\clean_engineering\class_model\example_factory_convert_spec.py
2026-07-19T20:50:00Z [read] skip  C:\dev\abd-context-driven-delivery\contexts\clean_engineering\class_model\example_factory_convert_spec.py
2026-07-19T20:50:01Z [post] skip  C:\dev\abd-context-driven-delivery\contexts\clean_engineering\class_model\example_factory_convert_spec.py
2026-07-19T20:50:02Z [pre ] skip  C:\dev\abd-context-driven-delivery\contexts\clean_engineering\class_model\example_factory_convert_spec.py
2026-07-19T20:50:03Z [pre ] skip  C:\dev\abd-context-driven-delivery\contexts\clean_engineering\class_model\base_class_model_spec.py
2026-07-19T20:50:03Z [post] skip  C:\dev\abd-context-driven-delivery\contexts\clean_engineering\class_model\example_factory_convert_spec.py
2026-07-19T20:50:04Z [read] skip  C:\dev\abd-context-driven-delivery\contexts\clean_engineering\class_model\base_class_model_spec.py
2026-07-19T20:50:04Z [post] skip  C:\dev\abd-context-driven-delivery\contexts\clean_engineering\class_model\example_factory_convert_spec.py
2026-07-19T20:50:05Z [pre ] skip  C:\dev\abd-context-driven-delivery\contexts\stories\stories.md
2026-07-19T20:50:05Z [post] skip  C:\dev\abd-context-driven-delivery\contexts\clean_engineering\class_model\base_class_model_spec.py
2026-07-19T20:50:06Z [read] skip  C:\dev\abd-context-driven-delivery\contexts\stories\stories.md
2026-07-19T20:50:07Z [pre ] skip  C:\dev\abd-context-driven-delivery\contexts\clean_engineering\class_model\base_class_model_spec.py
2026-07-19T20:50:08Z [post] skip  C:\dev\abd-context-driven-delivery\contexts\stories\stories.md
2026-07-19T20:50:08Z [post] skip  C:\dev\abd-context-driven-delivery\contexts\clean_engineering\class_model\base_class_model_spec.py
2026-07-19T20:50:10Z [pre ] skip  C:\dev\abd-context-driven-delivery\contexts\stories\stories.md
2026-07-19T20:50:10Z [post] skip  C:\dev\abd-context-driven-delivery\contexts\clean_engineering\class_model\base_class_model_spec.py
2026-07-19T20:50:12Z [post] skip  C:\dev\abd-context-driven-delivery\contexts\stories\stories.md
2026-07-19T20:50:13Z [post] skip  C:\dev\abd-context-driven-delivery\contexts\stories\stories.md
2026-07-19T20:50:16Z [pre ] skip  C:\dev\abd-context-driven-delivery\contexts\stories\stories.md
2026-07-19T20:50:18Z [post] skip  C:\dev\abd-context-driven-delivery\contexts\stories\stories.md
2026-07-19T20:50:19Z [post] skip  C:\dev\abd-context-driven-delivery\contexts\stories\stories.md
2026-07-19T20:50:22Z [pre ] skip  C:\dev\abd-context-driven-delivery\contexts\stories\stories.md
2026-07-19T20:50:23Z [post] skip  C:\dev\abd-context-driven-delivery\contexts\stories\stories.md
2026-07-19T20:50:25Z [post] skip  C:\dev\abd-context-driven-delivery\contexts\stories\stories.md
2026-07-19T20:50:30Z [pre ] skip  C:\dev\abd-context-driven-delivery\contexts\stories\stories.md
2026-07-19T20:50:32Z [post] skip  C:\dev\abd-context-driven-delivery\contexts\stories\stories.md
2026-07-19T20:50:34Z [post] skip  C:\dev\abd-context-driven-delivery\contexts\stories\stories.md
2026-07-19T20:50:37Z [pre ] skip  C:\dev\abd-context-driven-delivery\contexts\stories\stories.md
2026-07-19T20:50:39Z [post] skip  C:\dev\abd-context-driven-delivery\contexts\stories\stories.md
2026-07-19T20:50:41Z [post] skip  C:\dev\abd-context-driven-delivery\contexts\stories\stories.md
2026-07-19T20:50:48Z [pre ] skip  C:\dev\abd-context-driven-delivery\contexts\stories\stories.md
2026-07-19T20:50:49Z [post] skip  C:\dev\abd-context-driven-delivery\contexts\stories\stories.md
2026-07-19T20:50:50Z [post] skip  C:\dev\abd-context-driven-delivery\sandbox
2026-07-19T20:50:51Z [post] skip  C:\dev\abd-context-driven-delivery\contexts\stories\stories.md
2026-07-19T20:51:04Z [post] skip  C:\dev\abd-context-driven-delivery
2026-07-19T20:51:21Z [post] skip  C:\dev\abd-context-driven-delivery\contexts\clean_engineering
2026-07-19T20:51:36Z [post] skip  C:\dev\abd-context-driven-delivery\contexts\clean_engineering\class_model
2026-07-19T20:51:36Z [post] skip  C:\dev\abd-context-driven-delivery\sandbox
2026-07-19T20:51:40Z [pre ] skip  C:\dev\abd-context-driven-delivery\contexts\clean_engineering\class_model\javascript_class_model.py
2026-07-19T20:51:40Z [pre ] skip  C:\dev\abd-context-driven-delivery\sandbox\play-core-mechanics\resolve-checks\resolve-ability-check\resolve_ability_check_stories.js
2026-07-19T20:51:40Z [pre ] skip  C:\dev\abd-context-driven-delivery\contexts\clean_engineering\class_model\python_class_model.py
2026-07-19T20:51:41Z [read] skip  C:\dev\abd-context-driven-delivery\sandbox\play-core-mechanics\resolve-checks\resolve-ability-check\resolve_ability_check_stories.js
2026-07-19T20:51:41Z [post] skip  C:\dev\abd-context-driven-delivery\contexts\clean_engineering\class_model\python_class_model.py
2026-07-19T20:51:41Z [post] skip  C:\dev\abd-context-driven-delivery\contexts\clean_engineering\class_model\javascript_class_model.py
2026-07-19T20:51:42Z [post] skip  C:\dev\abd-context-driven-delivery\sandbox\play-core-mechanics\resolve-checks\resolve-ability-check\resolve_ability_check_stories.js
2026-07-19T20:51:48Z [pre ] skip  C:\dev\abd-context-driven-delivery\contexts\clean_engineering\class_model\javascript_class_model.py
2026-07-19T20:51:49Z [post] skip  C:\dev\abd-context-driven-delivery\contexts\clean_engineering\class_model\javascript_class_model.py
2026-07-19T20:51:50Z [post] skip  C:\dev\abd-context-driven-delivery\contexts\clean_engineering\class_model\javascript_class_model.py
2026-07-19T20:51:54Z [pre ] skip  C:\dev\abd-context-driven-delivery\sandbox\character\character.js
2026-07-19T20:51:55Z [post] skip  C:\dev\abd-context-driven-delivery\sandbox\character\character.js
2026-07-19T20:51:56Z [post] skip  C:\dev\abd-context-driven-delivery\sandbox\character\character.js
2026-07-19T20:51:58Z [pre ] skip  C:\dev\abd-context-driven-delivery\sandbox\character\abilities.js
2026-07-19T20:51:59Z [post] skip  C:\dev\abd-context-driven-delivery\sandbox\character\abilities.js
2026-07-19T20:52:00Z [pre ] skip  C:\dev\abd-context-driven-delivery\sandbox\checks\trait.js
2026-07-19T20:52:00Z [post] skip  C:\dev\abd-context-driven-delivery\sandbox\character\abilities.js
2026-07-19T20:52:01Z [post] skip  C:\dev\abd-context-driven-delivery\sandbox\checks\trait.js
2026-07-19T20:52:02Z [pre ] skip  C:\dev\abd-context-driven-delivery\sandbox\checks\difficulty_class.js
2026-07-19T20:52:03Z [post] skip  C:\dev\abd-context-driven-delivery\sandbox\checks\trait.js
2026-07-19T20:52:04Z [post] skip  C:\dev\abd-context-driven-delivery\sandbox\checks\difficulty_class.js
2026-07-19T20:52:05Z [post] skip  C:\dev\abd-context-driven-delivery\sandbox\checks\difficulty_class.js
2026-07-19T20:52:06Z [pre ] skip  C:\dev\abd-context-driven-delivery\sandbox\checks\check_result.js
2026-07-19T20:52:07Z [post] skip  C:\dev\abd-context-driven-delivery\sandbox\checks\check_result.js
2026-07-19T20:52:08Z [post] skip  C:\dev\abd-context-driven-delivery\sandbox\checks\check_result.js
2026-07-19T20:52:12Z [pre ] skip  C:\dev\abd-context-driven-delivery\sandbox\checks\check.js
2026-07-19T20:52:14Z [post] skip  C:\dev\abd-context-driven-delivery\sandbox\checks\check.js
2026-07-19T20:52:15Z [post] skip  C:\dev\abd-context-driven-delivery\sandbox\checks\check.js
2026-07-19T20:52:20Z [pre ] skip  C:\dev\abd-context-driven-delivery\sandbox\measurement\rank.js
2026-07-19T20:52:21Z [post] skip  C:\dev\abd-context-driven-delivery\sandbox\measurement\rank.js
2026-07-19T20:52:22Z [post] skip  C:\dev\abd-context-driven-delivery\sandbox\measurement\rank.js
2026-07-19T20:52:26Z [pre ] skip  C:\dev\abd-context-driven-delivery\sandbox\character\.context\module-context.md
2026-07-19T20:52:26Z [pre ] skip  C:\dev\abd-context-driven-delivery\sandbox\measurement\.context\module-context.md
2026-07-19T20:52:27Z [post] skip  C:\dev\abd-context-driven-delivery\sandbox\character\.context\module-context.md
2026-07-19T20:52:28Z [post] skip  C:\dev\abd-context-driven-delivery\sandbox\measurement\.context\module-context.md
2026-07-19T20:52:29Z [post] skip  C:\dev\abd-context-driven-delivery\contexts\cdd
2026-07-19T20:52:29Z [post] skip  C:\dev\abd-context-driven-delivery
2026-07-19T20:52:29Z [post] skip  C:\dev\abd-context-driven-delivery\sandbox\character\.context\module-context.md
2026-07-19T20:52:29Z [post] skip  C:\dev\abd-context-driven-delivery\sandbox\measurement\.context\module-context.md
2026-07-19T20:52:34Z [pre ] skip  C:\dev\abd-context-driven-delivery\contexts\cdd\example-factories\example-factories.md
2026-07-19T20:52:34Z [pre ] skip  C:\dev\abd-context-driven-delivery\contexts\cdd\.context\connected-contexts.md
2026-07-19T20:52:34Z [pre ] skip  C:\dev\abd-context-driven-delivery\sandbox\checks\.context\module-context.md
2026-07-19T20:52:34Z [pre ] FIRED  C:\dev\abd-context-driven-delivery\contexts\cdd\example-factories\example_factories.py  — 3 manifest line(s)
2026-07-19T20:52:35Z [read] skip  C:\dev\abd-context-driven-delivery\contexts\cdd\.context\connected-contexts.md
2026-07-19T20:52:36Z [read] skip  C:\dev\abd-context-driven-delivery\contexts\cdd\example-factories\example-factories.md
2026-07-19T20:52:36Z [post] skip  C:\dev\abd-context-driven-delivery\sandbox\checks\.context\module-context.md
2026-07-19T20:52:36Z [read] FIRED  C:\dev\abd-context-driven-delivery\contexts\cdd\example-factories\example_factories.py  — 3 manifest line(s)
2026-07-19T20:52:37Z [post] skip  C:\dev\abd-context-driven-delivery\contexts\cdd\.context\connected-contexts.md
2026-07-19T20:52:37Z [post] skip  C:\dev\abd-context-driven-delivery\contexts\cdd\example-factories\example-factories.md
2026-07-19T20:52:37Z [post] skip  C:\dev\abd-context-driven-delivery\sandbox\checks\.context\module-context.md
2026-07-19T20:52:38Z [post] FIRED  C:\dev\abd-context-driven-delivery\contexts\cdd\example-factories\example_factories.py  — 3 manifest line(s)
2026-07-19T20:52:46Z [pre ] skip  C:\dev\abd-context-driven-delivery\contexts\cdd\example-factories\example-factories.md
2026-07-19T20:52:48Z [read] skip  C:\dev\abd-context-driven-delivery\contexts\cdd\example-factories\example-factories.md
2026-07-19T20:52:48Z [pre ] FIRED  C:\dev\abd-context-driven-delivery\contexts\cdd\example-factories\example_factories.py  — 3 manifest line(s)
2026-07-19T20:52:49Z [post] skip  C:\dev\abd-context-driven-delivery\contexts\cdd\example-factories\example-factories.md
2026-07-19T20:52:50Z [pre ] skip  C:\dev\abd-context-driven-delivery\contexts\cdd\.context\connected-contexts.md
2026-07-19T20:52:50Z [read] FIRED  C:\dev\abd-context-driven-delivery\contexts\cdd\example-factories\example_factories.py  — 3 manifest line(s)
2026-07-19T20:52:50Z [pre ] skip  C:\dev\abd-context-driven-delivery\contexts\cdd\example-factories\.context\module-context.md
2026-07-19T20:52:52Z [pre ] skip  C:\dev\abd-context-driven-delivery\contexts\cdd\example-factories\example-factories.md
2026-07-19T20:52:52Z [read] skip  C:\dev\abd-context-driven-delivery\contexts\cdd\.context\connected-contexts.md
2026-07-19T20:52:52Z [read] skip  C:\dev\abd-context-driven-delivery\contexts\cdd\example-factories\.context\module-context.md
2026-07-19T20:52:53Z [post] FIRED  C:\dev\abd-context-driven-delivery\contexts\cdd\example-factories\example_factories.py  — 3 manifest line(s)
2026-07-19T20:52:54Z [post] skip  C:\dev\abd-context-driven-delivery\contexts\cdd\example-factories\example-factories.md
2026-07-19T20:52:54Z [post] skip  C:\dev\abd-context-driven-delivery\contexts\cdd\.context\connected-contexts.md
2026-07-19T20:52:54Z [post] skip  C:\dev\abd-context-driven-delivery\contexts\cdd\example-factories\.context\module-context.md
2026-07-19T20:52:55Z [pre ] FIRED  C:\dev\abd-context-driven-delivery\contexts\cdd\example-factories\example_factories.py  — 3 manifest line(s)
2026-07-19T20:52:55Z [post] skip  C:\dev\abd-context-driven-delivery\contexts\cdd\example-factories\example-factories.md
2026-07-19T20:52:56Z [pre ] skip  C:\dev\abd-context-driven-delivery\contexts\cdd\.context\connected-contexts.md
2026-07-19T20:52:58Z [post] skip  C:\dev\abd-context-driven-delivery\contexts\cdd\.context\connected-contexts.md
2026-07-19T20:52:58Z [post] FIRED  C:\dev\abd-context-driven-delivery\contexts\cdd\example-factories\example_factories.py  — 3 manifest line(s)
2026-07-19T20:52:58Z [post] skip  C:\dev\abd-context-driven-delivery\contexts\cdd\.context\connected-contexts.md
2026-07-19T20:52:59Z [post] FIRED  C:\dev\abd-context-driven-delivery\contexts\cdd\example-factories\example_factories.py  — 3 manifest line(s)
2026-07-19T20:53:03Z [post] skip  C:\dev\abd-context-driven-delivery
2026-07-19T20:53:03Z [post] skip  C:\dev\abd-context-driven-delivery
2026-07-19T20:53:07Z [pre ] skip  C:\dev\abd-context-driven-delivery\contexts\cdd\example-factories\.context\module-context.md
2026-07-19T20:53:08Z [read] skip  C:\dev\abd-context-driven-delivery\contexts\cdd\example-factories\.context\module-context.md
2026-07-19T20:53:09Z [post] skip  C:\dev\abd-context-driven-delivery\contexts\cdd\example-factories\.context\module-context.md
2026-07-19T20:53:11Z [pre ] skip  C:\dev\abd-context-driven-delivery\contexts\cdd\example-factories\.context\module-context.md
2026-07-19T20:53:12Z [post] skip  C:\dev\abd-context-driven-delivery\contexts\cdd\example-factories\.context\module-context.md
2026-07-19T20:53:13Z [post] skip  C:\dev\abd-context-driven-delivery\contexts\cdd\example-factories\.context\module-context.md
2026-07-19T20:53:17Z [pre ] skip  C:\dev\abd-context-driven-delivery\contexts\clean_engineering\class_model\python_class_model.py
2026-07-19T20:53:18Z [post] skip  C:\dev\abd-context-driven-delivery\contexts\clean_engineering\class_model\python_class_model.py
2026-07-19T20:53:18Z [post] skip  C:\dev\abd-context-driven-delivery\sandbox
2026-07-19T20:53:33Z [post] skip  C:\dev\abd-context-driven-delivery\contexts\clean_engineering\templates
2026-07-19T20:54:52Z [pre ] FIRED  C:\dev\abd-context-driven-delivery\contexts\clean_engineering\templates\clean_engineering-templates.py  — 3 manifest line(s)
2026-07-19T20:54:53Z [post] FIRED  C:\dev\abd-context-driven-delivery\contexts\clean_engineering\templates\clean_engineering-templates.py  — 3 manifest line(s)
2026-07-19T20:54:54Z [post] FIRED  C:\dev\abd-context-driven-delivery\contexts\clean_engineering\templates\clean_engineering-templates.py  — 3 manifest line(s)
2026-07-19T20:56:49Z [pre ] skip  C:\dev\abd-context-driven-delivery\contexts\cdd\example-factories\.context\module-context.md
2026-07-19T20:56:54Z [post] skip  C:\dev\abd-context-driven-delivery\contexts\cdd\example-factories\.context\module-context.md
2026-07-19T20:56:55Z [post] skip  C:\dev\abd-context-driven-delivery\contexts\cdd\example-factories\.context\module-context.md
2026-07-19T20:57:35Z [post] skip  C:\dev\abd-context-driven-delivery\contexts\clean_engineering
2026-07-19T20:58:14Z [pre ] skip  C:\dev\abd-context-driven-delivery\contexts\clean_engineering\clean_engineering.md
2026-07-19T20:58:15Z [post] skip  C:\dev\abd-context-driven-delivery\contexts\clean_engineering\clean_engineering.md
2026-07-19T20:58:16Z [post] skip  C:\dev\abd-context-driven-delivery\contexts\clean_engineering\clean_engineering.md
2026-07-19T20:58:21Z [pre ] skip  C:\dev\abd-context-driven-delivery\contexts\clean_engineering\clean_engineering.md
2026-07-19T20:58:22Z [post] skip  C:\dev\abd-context-driven-delivery\contexts\clean_engineering\clean_engineering.md
2026-07-19T20:58:23Z [pre ] skip  C:\dev\abd-context-driven-delivery\contexts\clean_engineering\contexts.md
2026-07-19T20:58:23Z [post] skip  C:\dev\abd-context-driven-delivery\contexts\clean_engineering\clean_engineering.md
2026-07-19T20:58:25Z [post] skip  C:\dev\abd-context-driven-delivery\contexts\clean_engineering\contexts.md
2026-07-19T20:58:26Z [post] skip  C:\dev\abd-context-driven-delivery\contexts\clean_engineering\contexts.md
2026-07-19T20:58:29Z [pre ] skip  C:\dev\abd-context-driven-delivery\contexts\clean_engineering\contexts.md
2026-07-19T20:58:31Z [post] skip  C:\dev\abd-context-driven-delivery\contexts\clean_engineering\contexts.md
2026-07-19T20:58:32Z [pre ] skip  C:\dev\abd-context-driven-delivery\contexts\clean_engineering\templates\clean_engineering-templates.js
2026-07-19T20:58:32Z [post] skip  C:\dev\abd-context-driven-delivery\contexts\clean_engineering\contexts.md
2026-07-19T20:58:33Z [post] skip  C:\dev\abd-context-driven-delivery\contexts\clean_engineering\templates\clean_engineering-templates.js
2026-07-19T20:58:35Z [post] skip  C:\dev\abd-context-driven-delivery\contexts\clean_engineering\templates\clean_engineering-templates.js
2026-07-19T20:58:38Z [pre ] FIRED  C:\dev\abd-context-driven-delivery\contexts\clean_engineering\templates\clean_engineering-templates.py  — 3 manifest line(s)
2026-07-19T20:58:40Z [post] FIRED  C:\dev\abd-context-driven-delivery\contexts\clean_engineering\templates\clean_engineering-templates.py  — 3 manifest line(s)
2026-07-19T20:58:42Z [post] FIRED  C:\dev\abd-context-driven-delivery\contexts\clean_engineering\templates\clean_engineering-templates.py  — 3 manifest line(s)
2026-07-19T20:58:44Z [pre ] skip  C:\dev\abd-context-driven-delivery\contexts\clean_engineering\templates\clean_engineering-templates.md
2026-07-19T20:58:45Z [post] skip  C:\dev\abd-context-driven-delivery\contexts\clean_engineering\templates\clean_engineering-templates.md
2026-07-19T20:58:47Z [post] skip  C:\dev\abd-context-driven-delivery\contexts\clean_engineering\templates\clean_engineering-templates.md
2026-07-19T20:59:24Z [pre ] skip  C:\dev\abd-context-driven-delivery\contexts\cdd\.context\connected-contexts.md
2026-07-19T20:59:24Z [pre ] skip  C:\dev\abd-context-driven-delivery\contexts\clean_engineering\sketch-template.md
2026-07-19T20:59:25Z [pre ] skip  C:\dev\abd-context-driven-delivery\sandbox\character\character.js
2026-07-19T20:59:25Z [pre ] skip  C:\dev\abd-context-driven-delivery\sandbox\character\abilities.js
2026-07-19T20:59:27Z [post] skip  C:\dev\abd-context-driven-delivery\contexts\cdd\.context\connected-contexts.md
2026-07-19T20:59:27Z [post] skip  C:\dev\abd-context-driven-delivery\contexts\clean_engineering\sketch-template.md
2026-07-19T20:59:29Z [post] skip  C:\dev\abd-context-driven-delivery\sandbox\character\character.js
2026-07-19T20:59:30Z [post] skip  C:\dev\abd-context-driven-delivery\sandbox\character\abilities.js
2026-07-19T20:59:30Z [post] skip  C:\dev\abd-context-driven-delivery\sandbox\character\character_example_factory.js
2026-07-19T20:59:31Z [post] skip  C:\dev\abd-context-driven-delivery\contexts\cdd\.context\connected-contexts.md
2026-07-19T20:59:31Z [post] skip  C:\dev\abd-context-driven-delivery\contexts\clean_engineering\sketch-template.md
2026-07-19T20:59:32Z [post] skip  C:\dev\abd-context-driven-delivery\sandbox\character\character.js
2026-07-19T20:59:32Z [post] skip  C:\dev\abd-context-driven-delivery\sandbox\character\character_example_factory.js
2026-07-19T20:59:33Z [post] skip  C:\dev\abd-context-driven-delivery\sandbox\character\abilities.js
2026-07-19T20:59:33Z [post] skip  C:\dev\abd-context-driven-delivery\sandbox\character\ability_example_factory.js
2026-07-19T20:59:35Z [post] skip  C:\dev\abd-context-driven-delivery\sandbox\character\ability_example_factory.js
2026-07-19T20:59:35Z [pre ] skip  C:\dev\abd-context-driven-delivery\contexts\clean_engineering\sketch-template.md
2026-07-19T20:59:37Z [post] skip  C:\dev\abd-context-driven-delivery\contexts\clean_engineering\sketch-template.md
2026-07-19T20:59:39Z [post] skip  C:\dev\abd-context-driven-delivery\contexts\clean_engineering\sketch-template.md
2026-07-19T20:59:44Z [pre ] skip  C:\dev\abd-context-driven-delivery\sandbox\checks\trait.js
2026-07-19T20:59:46Z [post] skip  C:\dev\abd-context-driven-delivery\sandbox\checks\trait.js
2026-07-19T20:59:48Z [pre ] skip  C:\dev\abd-context-driven-delivery\sandbox\checks\difficulty_class.js
2026-07-19T20:59:48Z [post] skip  C:\dev\abd-context-driven-delivery\sandbox\checks\trait.js
2026-07-19T20:59:50Z [post] skip  C:\dev\abd-context-driven-delivery\sandbox\checks\difficulty_class.js
2026-07-19T20:59:51Z [post] skip  C:\dev\abd-context-driven-delivery\sandbox\checks\difficulty_class.js
2026-07-19T20:59:55Z [pre ] skip  C:\dev\abd-context-driven-delivery\sandbox\checks\check.js
2026-07-19T20:59:56Z [pre ] skip  C:\dev\abd-context-driven-delivery\sandbox\checks\check_result.js
2026-07-19T20:59:58Z [post] skip  C:\dev\abd-context-driven-delivery\sandbox\checks\difficulty_class_example_factory.js
2026-07-19T20:59:59Z [post] skip  C:\dev\abd-context-driven-delivery\sandbox\checks\check.js
2026-07-19T20:59:59Z [post] skip  C:\dev\abd-context-driven-delivery\sandbox\checks\trait_example_factory.js
2026-07-19T21:00:01Z [post] skip  C:\dev\abd-context-driven-delivery\sandbox\checks\check_result.js
2026-07-19T21:00:03Z [pre ] skip  C:\dev\abd-context-driven-delivery\sandbox\measurement\rank.js
2026-07-19T21:00:04Z [post] skip  C:\dev\abd-context-driven-delivery\sandbox\checks\check.js
2026-07-19T21:00:05Z [post] skip  C:\dev\abd-context-driven-delivery\sandbox\checks\difficulty_class_example_factory.js
2026-07-19T21:00:05Z [post] skip  C:\dev\abd-context-driven-delivery\sandbox\checks\trait_example_factory.js
2026-07-19T21:00:05Z [post] skip  C:\dev\abd-context-driven-delivery\sandbox\checks\check_result_example_factory.js
2026-07-19T21:00:05Z [post] skip  C:\dev\abd-context-driven-delivery\sandbox\checks\check_result.js
2026-07-19T21:00:06Z [pre ] skip  C:\dev\abd-context-driven-delivery\sandbox\character\.context\module-context.md
2026-07-19T21:00:08Z [pre ] skip  C:\dev\abd-context-driven-delivery\contexts\cdd\example-factories\.context\module-context.md
2026-07-19T21:00:08Z [pre ] skip  C:\dev\abd-context-driven-delivery\sandbox\checks\.context\module-context.md
2026-07-19T21:00:08Z [pre ] skip  C:\dev\abd-context-driven-delivery\sandbox\measurement\.context\module-context.md
2026-07-19T21:00:09Z [post] skip  C:\dev\abd-context-driven-delivery\sandbox\measurement\rank.js
2026-07-19T21:00:09Z [post] skip  C:\dev\abd-context-driven-delivery\sandbox\character\.context\module-context.md
2026-07-19T21:00:09Z [post] skip  C:\dev\abd-context-driven-delivery\sandbox\checks\check_example_factory.js
2026-07-19T21:00:10Z [pre ] skip  C:\dev\abd-context-driven-delivery\contexts\cdd\example-factories\example-factories.md
2026-07-19T21:00:10Z [post] skip  C:\dev\abd-context-driven-delivery\sandbox\checks\check_result_example_factory.js
2026-07-19T21:00:11Z [pre ] skip  C:\dev\abd-context-driven-delivery\sandbox\checks\check.js
2026-07-19T21:00:11Z [post] skip  C:\dev\abd-context-driven-delivery\sandbox\measurement\.context\module-context.md
2026-07-19T21:00:12Z [post] skip  C:\dev\abd-context-driven-delivery\sandbox\checks\check_example_factory.js
2026-07-19T21:00:12Z [post] skip  C:\dev\abd-context-driven-delivery\sandbox\checks\.context\module-context.md
2026-07-19T21:00:12Z [post] skip  C:\dev\abd-context-driven-delivery\contexts\cdd\example-factories\example-factories.md
2026-07-19T21:00:12Z [post] skip  C:\dev\abd-context-driven-delivery\contexts\cdd\example-factories\.context\module-context.md
2026-07-19T21:00:13Z [post] skip  C:\dev\abd-context-driven-delivery\sandbox\measurement\rank.js
2026-07-19T21:00:14Z [post] skip  C:\dev\abd-context-driven-delivery\sandbox\character\.context\module-context.md
2026-07-19T21:00:14Z [post] skip  C:\dev\abd-context-driven-delivery\sandbox\measurement\rank_example_factory.js
2026-07-19T21:00:14Z [post] skip  C:\dev\abd-context-driven-delivery\sandbox\checks\check.js
2026-07-19T21:00:15Z [post] skip  C:\dev\abd-context-driven-delivery\sandbox\measurement\.context\module-context.md
2026-07-19T21:00:15Z [post] skip  C:\dev\abd-context-driven-delivery\contexts\cdd\example-factories\example-factories.md
2026-07-19T21:00:15Z [post] skip  C:\dev\abd-context-driven-delivery\sandbox\checks\.context\module-context.md
2026-07-19T21:00:15Z [post] skip  C:\dev\abd-context-driven-delivery\contexts\cdd\example-factories\.context\module-context.md
2026-07-19T21:00:16Z [post] skip  C:\dev\abd-context-driven-delivery\sandbox\measurement\rank_example_factory.js
2026-07-19T21:00:16Z [post] skip  C:\dev\abd-context-driven-delivery\sandbox\checks\check.js
2026-07-19T21:00:21Z [post] skip  C:\dev\abd-context-driven-delivery\contexts\stories
2026-07-19T21:00:22Z [post] skip  C:\dev\abd-context-driven-delivery\contexts
2026-07-19T21:00:47Z [pre ] skip  C:\dev\abd-context-driven-delivery\contexts\stories\stories.md
2026-07-19T21:00:48Z [post] skip  C:\dev\abd-context-driven-delivery\contexts\stories\stories.md
2026-07-19T21:00:49Z [post] skip  C:\dev\abd-context-driven-delivery\contexts\stories\stories.md
2026-07-19T21:05:06Z [pre ] skip  C:\Users\thoma\.cursor\plugins\cache\cursor-public\granola\56583da6e4db7f311808543f18ac905b8de1ff85\skills\granola-context\SKILL.md
2026-07-19T21:05:08Z [read] skip  C:\Users\thoma\.cursor\plugins\cache\cursor-public\granola\56583da6e4db7f311808543f18ac905b8de1ff85\skills\granola-context\SKILL.md
2026-07-19T21:05:08Z [post] skip  C:\dev\abd-context-driven-delivery\contexts\stories
2026-07-19T21:05:08Z [post] skip  C:\dev\abd-context-driven-delivery\sandbox\play-core-mechanics
2026-07-19T21:05:09Z [post] skip  C:\Users\thoma\.cursor\plugins\cache\cursor-public\granola\56583da6e4db7f311808543f18ac905b8de1ff85\skills\granola-context\SKILL.md
2026-07-19T21:05:17Z [pre ] skip  C:\dev\abd-context-driven-delivery\sandbox\play-core-mechanics\resolve-checks\resolve-ability-check\resolve_ability_check_stories.js
2026-07-19T21:05:17Z [pre ] skip  C:\dev\abd-context-driven-delivery\sandbox\play-core-mechanics\manage-character-sheet\create-character\create_character_stories.js
2026-07-19T21:05:18Z [pre ] skip  C:\dev\abd-context-driven-delivery\sandbox\play-core-mechanics\manage-character-sheet\update-ability-rank\update_ability_rank_stories.js
2026-07-19T21:05:18Z [read] skip  C:\dev\abd-context-driven-delivery\sandbox\play-core-mechanics\manage-character-sheet\create-character\create_character_stories.js
2026-07-19T21:05:18Z [pre ] FIRED  C:\dev\abd-context-driven-delivery\contexts\stories\stories.py  — 4 manifest line(s)
2026-07-19T21:05:18Z [read] skip  C:\dev\abd-context-driven-delivery\sandbox\play-core-mechanics\resolve-checks\resolve-ability-check\resolve_ability_check_stories.js
2026-07-19T21:05:19Z [read] skip  C:\dev\abd-context-driven-delivery\sandbox\play-core-mechanics\manage-character-sheet\update-ability-rank\update_ability_rank_stories.js
2026-07-19T21:05:19Z [post] skip  C:\dev\abd-context-driven-delivery\contexts\stories\code\javascript
2026-07-19T21:05:19Z [post] skip  C:\dev\abd-context-driven-delivery\contexts\stories\code
2026-07-19T21:05:19Z [post] skip  C:\dev\abd-context-driven-delivery\sandbox\play-core-mechanics\manage-character-sheet\create-character\create_character_stories.js
2026-07-19T21:05:19Z [post] skip  C:\dev\abd-context-driven-delivery\sandbox\play-core-mechanics\resolve-checks\resolve-ability-check\resolve_ability_check_stories.js
2026-07-19T21:05:19Z [post] skip  C:\dev\abd-context-driven-delivery\sandbox\play-core-mechanics\manage-character-sheet\update-ability-rank\update_ability_rank_stories.js
2026-07-19T21:05:20Z [read] FIRED  C:\dev\abd-context-driven-delivery\contexts\stories\stories.py  — 4 manifest line(s)
2026-07-19T21:05:21Z [post] FIRED  C:\dev\abd-context-driven-delivery\contexts\stories\stories.py  — 4 manifest line(s)
2026-07-19T21:05:26Z [pre ] skip  C:\dev\abd-context-driven-delivery\contexts\stories\code\javascript\javascript_story_map.py
2026-07-19T21:05:26Z [pre ] skip  C:\dev\abd-context-driven-delivery\contexts\stories\code\javascript\example_factories.py
2026-07-19T21:05:26Z [pre ] skip  C:\dev\abd-context-driven-delivery\sandbox\play-core-mechanics\story-context.md
2026-07-19T21:05:26Z [pre ] skip  C:\dev\abd-context-driven-delivery\sandbox\play-core-mechanics\manage-character-sheet\story-context.md
2026-07-19T21:05:26Z [pre ] skip  C:\dev\abd-context-driven-delivery\sandbox\play-core-mechanics\resolve-checks\story-context.md
2026-07-19T21:05:29Z [read] skip  C:\dev\abd-context-driven-delivery\contexts\stories\code\javascript\javascript_story_map.py
2026-07-19T21:05:29Z [read] skip  C:\dev\abd-context-driven-delivery\sandbox\play-core-mechanics\story-context.md
2026-07-19T21:05:29Z [read] skip  C:\dev\abd-context-driven-delivery\sandbox\play-core-mechanics\manage-character-sheet\story-context.md
2026-07-19T21:05:29Z [read] skip  C:\dev\abd-context-driven-delivery\contexts\stories\code\javascript\example_factories.py
2026-07-19T21:05:29Z [read] skip  C:\dev\abd-context-driven-delivery\sandbox\play-core-mechanics\resolve-checks\story-context.md
2026-07-19T21:05:29Z [post] skip  C:\dev\abd-context-driven-delivery\contexts\stories\templates
2026-07-19T21:05:30Z [post] skip  C:\dev\abd-context-driven-delivery\contexts\stories\code\javascript\javascript_story_map.py
2026-07-19T21:05:30Z [post] skip  C:\dev\abd-context-driven-delivery\contexts\stories\code\javascript\example_factories.py
2026-07-19T21:05:30Z [post] skip  C:\dev\abd-context-driven-delivery\sandbox\play-core-mechanics\story-context.md
2026-07-19T21:05:30Z [post] skip  C:\dev\abd-context-driven-delivery\sandbox\play-core-mechanics\manage-character-sheet\story-context.md
2026-07-19T21:05:30Z [post] skip  C:\dev\abd-context-driven-delivery\sandbox\play-core-mechanics\resolve-checks\story-context.md
2026-07-19T21:05:36Z [pre ] skip  C:\dev\abd-context-driven-delivery\contexts\stories\code\python\example_factories.py
2026-07-19T21:05:38Z [read] skip  C:\dev\abd-context-driven-delivery\contexts\stories\code\python\example_factories.py
2026-07-19T21:05:38Z [post] skip  C:\dev\abd-context-driven-delivery\contexts\stories
2026-07-19T21:05:38Z [post] skip  C:\dev\abd-context-driven-delivery\contexts\stories\code\python\example_factories.py
2026-07-19T21:05:53Z [post] skip  C:\dev\abd-context-driven-delivery\sandbox\play-core-mechanics\resolve-checks\resolve-checks-helper.js
2026-07-19T21:05:54Z [post] skip  C:\dev\abd-context-driven-delivery\sandbox\play-core-mechanics\resolve-checks\resolve-checks-helper.js
2026-07-19T21:05:55Z [post] skip  C:\dev\abd-context-driven-delivery\sandbox\play-core-mechanics\manage-character-sheet\manage-character-sheet-helper.js
2026-07-19T21:05:55Z [pre ] skip  C:\dev\abd-context-driven-delivery\sandbox\play-core-mechanics\resolve-checks\resolve-ability-check\resolve_ability_check_stories.js
2026-07-19T21:05:56Z [post] skip  C:\dev\abd-context-driven-delivery\sandbox\play-core-mechanics\manage-character-sheet\manage-character-sheet-helper.js
2026-07-19T21:05:56Z [read] skip  C:\dev\abd-context-driven-delivery\sandbox\play-core-mechanics\resolve-checks\resolve-ability-check\resolve_ability_check_stories.js
2026-07-19T21:05:57Z [pre ] skip  C:\dev\abd-context-driven-delivery\sandbox\play-core-mechanics\manage-character-sheet\create-character\create_character_stories.js
2026-07-19T21:05:57Z [post] skip  C:\dev\abd-context-driven-delivery\sandbox\play-core-mechanics\resolve-checks\resolve-ability-check\resolve_ability_check_stories.js
2026-07-19T21:05:58Z [read] skip  C:\dev\abd-context-driven-delivery\sandbox\play-core-mechanics\manage-character-sheet\create-character\create_character_stories.js
2026-07-19T21:05:58Z [pre ] skip  C:\dev\abd-context-driven-delivery\sandbox\play-core-mechanics\resolve-checks\resolve-ability-check\resolve_ability_check_stories.js
2026-07-19T21:05:59Z [post] skip  C:\dev\abd-context-driven-delivery\sandbox\play-core-mechanics\manage-character-sheet\create-character\create_character_stories.js
2026-07-19T21:05:59Z [post] skip  C:\dev\abd-context-driven-delivery\sandbox\play-core-mechanics\resolve-checks\resolve-ability-check\resolve_ability_check_stories.js
2026-07-19T21:06:00Z [pre ] skip  C:\dev\abd-context-driven-delivery\sandbox\play-core-mechanics\manage-character-sheet\create-character\create_character_stories.js
2026-07-19T21:06:00Z [pre ] skip  C:\dev\abd-context-driven-delivery\sandbox\play-core-mechanics\manage-character-sheet\update-ability-rank\update_ability_rank_stories.js
2026-07-19T21:06:00Z [post] skip  C:\dev\abd-context-driven-delivery\sandbox\play-core-mechanics\resolve-checks\resolve-ability-check\resolve_ability_check_stories.js
2026-07-19T21:06:01Z [read] skip  C:\dev\abd-context-driven-delivery\sandbox\play-core-mechanics\manage-character-sheet\update-ability-rank\update_ability_rank_stories.js
2026-07-19T21:06:01Z [pre ] skip  C:\dev\abd-context-driven-delivery\sandbox\play-core-mechanics\resolve-checks\story-context.md
2026-07-19T21:06:02Z [post] skip  C:\dev\abd-context-driven-delivery\sandbox\play-core-mechanics\manage-character-sheet\create-character\create_character_stories.js
2026-07-19T21:06:03Z [pre ] skip  C:\dev\abd-context-driven-delivery\sandbox\play-core-mechanics\manage-character-sheet\story-context.md
2026-07-19T21:06:03Z [read] skip  C:\dev\abd-context-driven-delivery\sandbox\play-core-mechanics\resolve-checks\story-context.md
2026-07-19T21:06:03Z [post] skip  C:\dev\abd-context-driven-delivery\sandbox\play-core-mechanics\manage-character-sheet\update-ability-rank\update_ability_rank_stories.js
2026-07-19T21:06:04Z [post] skip  C:\dev\abd-context-driven-delivery\sandbox\play-core-mechanics\manage-character-sheet\create-character\create_character_stories.js
2026-07-19T21:06:04Z [pre ] skip  C:\dev\abd-context-driven-delivery\contexts\stories\code\javascript\example_factories.py
2026-07-19T21:06:04Z [pre ] skip  C:\dev\abd-context-driven-delivery\contexts\stories\code\python\example_factories.py
2026-07-19T21:06:05Z [post] skip  C:\dev\abd-context-driven-delivery\sandbox\play-core-mechanics\resolve-checks\story-context.md
2026-07-19T21:06:05Z [read] skip  C:\dev\abd-context-driven-delivery\sandbox\play-core-mechanics\manage-character-sheet\story-context.md
2026-07-19T21:06:05Z [read] skip  C:\dev\abd-context-driven-delivery\contexts\stories\code\javascript\example_factories.py
2026-07-19T21:06:06Z [pre ] skip  C:\dev\abd-context-driven-delivery\sandbox\play-core-mechanics\manage-character-sheet\update-ability-rank\update_ability_rank_stories.js
2026-07-19T21:06:06Z [read] skip  C:\dev\abd-context-driven-delivery\contexts\stories\code\python\example_factories.py
2026-07-19T21:06:07Z [post] skip  C:\dev\abd-context-driven-delivery\sandbox\play-core-mechanics\manage-character-sheet\story-context.md
2026-07-19T21:06:07Z [post] skip  C:\dev\abd-context-driven-delivery\contexts\stories\code\javascript\example_factories.py
2026-07-19T21:06:07Z [post] skip  C:\dev\abd-context-driven-delivery\sandbox\play-core-mechanics\manage-character-sheet\update-ability-rank\update_ability_rank_stories.js
2026-07-19T21:06:07Z [pre ] skip  C:\dev\abd-context-driven-delivery\sandbox\play-core-mechanics\resolve-checks\story-context.md
2026-07-19T21:06:08Z [post] skip  C:\dev\abd-context-driven-delivery\contexts\stories\code\python\example_factories.py
2026-07-19T21:06:09Z [pre ] skip  C:\dev\abd-context-driven-delivery\sandbox\play-core-mechanics\manage-character-sheet\story-context.md
2026-07-19T21:06:09Z [post] skip  C:\dev\abd-context-driven-delivery\sandbox\play-core-mechanics\manage-character-sheet\update-ability-rank\update_ability_rank_stories.js
2026-07-19T21:06:10Z [post] skip  C:\dev\abd-context-driven-delivery\sandbox\play-core-mechanics\resolve-checks\story-context.md
2026-07-19T21:06:10Z [pre ] skip  C:\dev\abd-context-driven-delivery\contexts\stories\code\python\example_factories.py
2026-07-19T21:06:10Z [pre ] skip  C:\dev\abd-context-driven-delivery\contexts\stories\code\javascript\example_factories.py
2026-07-19T21:06:10Z [post] skip  C:\dev\abd-context-driven-delivery\sandbox\play-core-mechanics\manage-character-sheet\story-context.md
2026-07-19T21:06:11Z [post] skip  C:\dev\abd-context-driven-delivery\sandbox\play-core-mechanics\resolve-checks\story-context.md
2026-07-19T21:06:11Z [post] skip  C:\dev\abd-context-driven-delivery\contexts\stories\code\python\example_factories.py
2026-07-19T21:06:12Z [post] skip  C:\dev\abd-context-driven-delivery\contexts\stories\code\javascript\example_factories.py
2026-07-19T21:06:12Z [post] skip  C:\dev\abd-context-driven-delivery\sandbox\play-core-mechanics\manage-character-sheet\story-context.md
2026-07-19T21:06:12Z [post] skip  C:\dev\abd-context-driven-delivery\contexts\stories\code\python\example_factories.py
2026-07-19T21:06:13Z [post] skip  C:\dev\abd-context-driven-delivery\contexts\stories\code\javascript\example_factories.py
2026-07-19T21:09:31Z [post] skip  C:\dev\abd-context-driven-delivery\contexts\stories\templates
2026-07-19T21:10:32Z [post] skip  C:\dev\abd-context-driven-delivery\contexts\stories\templates
2026-07-19T21:10:43Z [pre ] skip  C:\dev\abd-context-driven-delivery\contexts\stories\templates\md\scenario-outline.md
2026-07-19T21:10:43Z [pre ] skip  C:\dev\abd-context-driven-delivery\contexts\stories\code\javascript\seeds\story-types.js
2026-07-19T21:10:43Z [pre ] skip  C:\dev\abd-context-driven-delivery\sandbox\checks\check.spec.js
2026-07-19T21:10:44Z [read] skip  C:\dev\abd-context-driven-delivery\contexts\stories\templates\md\scenario-outline.md
2026-07-19T21:10:44Z [read] skip  C:\dev\abd-context-driven-delivery\contexts\stories\code\javascript\seeds\story-types.js
2026-07-19T21:10:44Z [read] skip  C:\dev\abd-context-driven-delivery\sandbox\checks\check.spec.js
2026-07-19T21:10:45Z [post] skip  C:\dev\abd-context-driven-delivery\contexts\stories\templates\md\scenario-outline.md
2026-07-19T21:10:45Z [post] skip  C:\dev\abd-context-driven-delivery\contexts\stories\code\javascript\seeds\story-types.js
2026-07-19T21:10:45Z [post] skip  C:\dev\abd-context-driven-delivery\sandbox\checks\check.spec.js
2026-07-19T21:10:59Z [pre ] skip  C:\dev\abd-context-driven-delivery\sandbox\character\ability_example_factory.js
2026-07-19T21:10:59Z [pre ] skip  C:\dev\abd-context-driven-delivery\contexts\stories\code\javascript\spec_file.py
2026-07-19T21:10:59Z [post] skip  C:\dev\abd-context-driven-delivery\contexts\stories
2026-07-19T21:11:00Z [read] skip  C:\dev\abd-context-driven-delivery\sandbox\character\ability_example_factory.js
2026-07-19T21:11:00Z [read] skip  C:\dev\abd-context-driven-delivery\contexts\stories\code\javascript\spec_file.py
2026-07-19T21:11:01Z [post] skip  C:\dev\abd-context-driven-delivery\sandbox\character\ability_example_factory.js
2026-07-19T21:11:01Z [post] skip  C:\dev\abd-context-driven-delivery\contexts\stories\code\javascript\spec_file.py
2026-07-19T21:11:16Z [pre ] skip  C:\dev\abd-context-driven-delivery\sandbox\checks\check_example_factory.js
2026-07-19T21:11:17Z [post] skip  C:\dev\abd-context-driven-delivery\sandbox\checks\check_example_factory.js
2026-07-19T21:11:18Z [post] skip  C:\dev\abd-context-driven-delivery\sandbox\checks\check_example_factory.js
2026-07-19T21:11:21Z [pre ] skip  C:\dev\abd-context-driven-delivery\sandbox\character\ability_example_factory.js
2026-07-19T21:11:21Z [pre ] skip  C:\dev\abd-context-driven-delivery\sandbox\checks\check_result_example_factory.js
2026-07-19T21:11:22Z [read] skip  C:\dev\abd-context-driven-delivery\sandbox\character\ability_example_factory.js
2026-07-19T21:11:22Z [post] skip  C:\dev\abd-context-driven-delivery\sandbox\checks\check_result_example_factory.js
2026-07-19T21:11:23Z [post] skip  C:\dev\abd-context-driven-delivery\sandbox\character\ability_example_factory.js
2026-07-19T21:11:23Z [post] skip  C:\dev\abd-context-driven-delivery\sandbox\checks\check_result_example_factory.js
2026-07-19T21:11:31Z [pre ] skip  C:\dev\abd-context-driven-delivery\sandbox\character\ability_example_factory.js
2026-07-19T21:11:32Z [post] skip  C:\dev\abd-context-driven-delivery\sandbox\character\ability_example_factory.js
2026-07-19T21:11:33Z [post] skip  C:\dev\abd-context-driven-delivery\sandbox\character\ability_example_factory.js
2026-07-19T21:11:36Z [pre ] skip  C:\dev\abd-context-driven-delivery\sandbox\play-core-mechanics\resolve-checks\resolve-checks-helper.js
2026-07-19T21:11:37Z [post] skip  C:\dev\abd-context-driven-delivery\sandbox\play-core-mechanics\resolve-checks\resolve-checks-helper.js
2026-07-19T21:11:37Z [post] skip  C:\dev\abd-context-driven-delivery\sandbox\play-core-mechanics\resolve-checks\resolve-checks-helper.js
2026-07-19T21:11:41Z [pre ] skip  C:\dev\abd-context-driven-delivery\sandbox\play-core-mechanics\manage-character-sheet\manage-character-sheet-helper.js
2026-07-19T21:11:42Z [post] skip  C:\dev\abd-context-driven-delivery\sandbox\play-core-mechanics\manage-character-sheet\manage-character-sheet-helper.js
2026-07-19T21:11:43Z [post] skip  C:\dev\abd-context-driven-delivery\sandbox\play-core-mechanics\manage-character-sheet\manage-character-sheet-helper.js
2026-07-19T21:11:54Z [pre ] skip  C:\dev\abd-context-driven-delivery\sandbox\play-core-mechanics\resolve-checks\resolve-ability-check\resolve_ability_check_stories.js
2026-07-19T21:11:55Z [post] skip  C:\dev\abd-context-driven-delivery\sandbox\play-core-mechanics\resolve-checks\resolve-ability-check\resolve_ability_check_stories.js
2026-07-19T21:11:56Z [post] skip  C:\dev\abd-context-driven-delivery\sandbox\play-core-mechanics\resolve-checks\resolve-ability-check\resolve_ability_check_stories.js
2026-07-19T21:11:56Z [pre ] skip  C:\dev\abd-context-driven-delivery\sandbox\play-core-mechanics\manage-character-sheet\create-character\create_character_stories.js
2026-07-19T21:11:57Z [post] skip  C:\dev\abd-context-driven-delivery\sandbox\play-core-mechanics\manage-character-sheet\create-character\create_character_stories.js
2026-07-19T21:11:58Z [post] skip  C:\dev\abd-context-driven-delivery\sandbox\play-core-mechanics\manage-character-sheet\create-character\create_character_stories.js
2026-07-19T21:12:00Z [pre ] skip  C:\dev\abd-context-driven-delivery\sandbox\play-core-mechanics\manage-character-sheet\update-ability-rank\update_ability_rank_stories.js
2026-07-19T21:12:01Z [pre ] skip  C:\dev\abd-context-driven-delivery\sandbox\play-core-mechanics\resolve-checks\story-context.md
2026-07-19T21:12:01Z [post] skip  C:\dev\abd-context-driven-delivery\sandbox\play-core-mechanics\manage-character-sheet\update-ability-rank\update_ability_rank_stories.js
2026-07-19T21:12:02Z [pre ] skip  C:\dev\abd-context-driven-delivery\sandbox\play-core-mechanics\manage-character-sheet\story-context.md
2026-07-19T21:12:03Z [post] skip  C:\dev\abd-context-driven-delivery\sandbox\play-core-mechanics\resolve-checks\story-context.md
2026-07-19T21:12:03Z [pre ] skip  C:\dev\abd-context-driven-delivery\sandbox\play-core-mechanics\story-context.md
2026-07-19T21:12:03Z [post] skip  C:\dev\abd-context-driven-delivery\sandbox\play-core-mechanics\manage-character-sheet\update-ability-rank\update_ability_rank_stories.js
2026-07-19T21:12:04Z [post] skip  C:\dev\abd-context-driven-delivery\sandbox\play-core-mechanics\manage-character-sheet\story-context.md
2026-07-19T21:12:04Z [post] skip  C:\dev\abd-context-driven-delivery\sandbox\play-core-mechanics\resolve-checks\story-context.md
2026-07-19T21:12:04Z [read] skip  C:\dev\abd-context-driven-delivery\sandbox\play-core-mechanics\story-context.md
2026-07-19T21:12:05Z [post] skip  C:\dev\abd-context-driven-delivery\sandbox\play-core-mechanics\manage-character-sheet\story-context.md
2026-07-19T21:12:05Z [post] skip  C:\dev\abd-context-driven-delivery\sandbox\play-core-mechanics\story-context.md
2026-07-19T21:12:12Z [pre ] skip  C:\dev\abd-context-driven-delivery\sandbox\play-core-mechanics\story-context.md
2026-07-19T21:12:13Z [post] skip  C:\dev\abd-context-driven-delivery\sandbox\play-core-mechanics\story-context.md
2026-07-19T21:12:14Z [post] skip  C:\dev\abd-context-driven-delivery\sandbox\play-core-mechanics\story-context.md
2026-07-19T21:12:19Z [pre ] skip  C:\dev\abd-context-driven-delivery\sandbox\play-core-mechanics\manage-character-sheet\story-context.md
2026-07-19T21:12:20Z [post] skip  C:\dev\abd-context-driven-delivery\sandbox\play-core-mechanics\manage-character-sheet\story-context.md
2026-07-19T21:12:21Z [post] skip  C:\dev\abd-context-driven-delivery\sandbox\play-core-mechanics\manage-character-sheet\story-context.md
2026-07-20T01:17:33Z [post] skip  C:\dev\abd-context-driven-delivery\contexts\stories\code\javascript
2026-07-20T01:17:33Z [post] skip  C:\dev\abd-context-driven-delivery\sandbox\play-core-mechanics
2026-07-20T01:17:42Z [pre ] skip  C:\dev\abd-context-driven-delivery\contexts\stories\code\javascript\spec_file.py
2026-07-20T01:17:42Z [pre ] skip  C:\dev\abd-context-driven-delivery\contexts\stories\code\javascript\seeds\story-types.js
2026-07-20T01:17:43Z [read] skip  C:\dev\abd-context-driven-delivery\contexts\stories\code\javascript\spec_file.py
2026-07-20T01:17:43Z [read] skip  C:\dev\abd-context-driven-delivery\contexts\stories\code\javascript\seeds\story-types.js
2026-07-20T01:17:43Z [post] skip  C:\dev\abd-context-driven-delivery\contexts\stories\code\typescript
2026-07-20T01:17:44Z [post] skip  C:\dev\abd-context-driven-delivery\contexts\stories\code\javascript\spec_file.py
2026-07-20T01:17:44Z [post] skip  C:\dev\abd-context-driven-delivery\contexts\stories\code\javascript\seeds\story-types.js
2026-07-20T01:17:49Z [pre ] skip  C:\dev\abd-context-driven-delivery\contexts\stories\code\typescript\typescript_story_map.py
2026-07-20T01:17:49Z [post] skip  C:\dev\abd-context-driven-delivery\contexts\stories\story_model
2026-07-20T01:17:50Z [post] skip  C:\dev\abd-context-driven-delivery\contexts\stories\code\python
2026-07-20T01:17:50Z [read] skip  C:\dev\abd-context-driven-delivery\contexts\stories\code\typescript\typescript_story_map.py
2026-07-20T01:17:51Z [post] skip  C:\dev\abd-context-driven-delivery\contexts\stories\code\typescript\typescript_story_map.py
2026-07-20T01:17:55Z [pre ] skip  C:\dev\abd-context-driven-delivery\contexts\stories\code\javascript\seeds\story-types.js
2026-07-20T01:17:56Z [read] skip  C:\dev\abd-context-driven-delivery\contexts\stories\code\javascript\seeds\story-types.js
2026-07-20T01:17:57Z [post] skip  C:\dev\abd-context-driven-delivery\contexts\stories\code\javascript\seeds\story-types.js
2026-07-20T01:17:58Z [pre ] skip  C:\dev\abd-context-driven-delivery\contexts\stories\code\javascript\spec_file.py
2026-07-20T01:17:58Z [pre ] skip  C:\dev\abd-context-driven-delivery\contexts\stories\code\javascript\javascript_story_map_spec.py
2026-07-20T01:17:58Z [pre ] skip  C:\dev\abd-context-driven-delivery\contexts\stories\code\javascript\seeds\story-types.js
2026-07-20T01:17:59Z [read] skip  C:\dev\abd-context-driven-delivery\contexts\stories\code\javascript\spec_file.py
2026-07-20T01:17:59Z [read] skip  C:\dev\abd-context-driven-delivery\contexts\stories\code\javascript\javascript_story_map_spec.py
2026-07-20T01:17:59Z [post] skip  C:\dev\abd-context-driven-delivery\contexts\stories\code\javascript\seeds\story-types.js
2026-07-20T01:18:00Z [post] skip  C:\dev\abd-context-driven-delivery\contexts\stories\code\javascript\spec_file.py
2026-07-20T01:18:00Z [post] skip  C:\dev\abd-context-driven-delivery\contexts\stories\code\javascript\javascript_story_map_spec.py
2026-07-20T01:18:00Z [post] skip  C:\dev\abd-context-driven-delivery\contexts\stories\code\javascript\seeds\story-types.js
2026-07-20T01:18:01Z [pre ] skip  C:\dev\abd-context-driven-delivery\contexts\stories\code\javascript\spec_file.py
2026-07-20T01:18:02Z [post] skip  C:\dev\abd-context-driven-delivery\contexts\stories\code\javascript\spec_file.py
2026-07-20T01:18:03Z [post] skip  C:\dev\abd-context-driven-delivery\contexts\stories\code\javascript\spec_file.py
2026-07-20T01:18:07Z [pre ] skip  C:\dev\abd-context-driven-delivery\sandbox\play-core-mechanics\manage-character-sheet\create-character\create_character_stories.js
2026-07-20T01:18:08Z [post] skip  C:\dev\abd-context-driven-delivery\sandbox\play-core-mechanics\manage-character-sheet\create-character\create_character_stories.js
2026-07-20T01:18:09Z [pre ] skip  C:\dev\abd-context-driven-delivery\contexts\stories\code\javascript\javascript_story_map_spec.py
2026-07-20T01:18:09Z [post] skip  C:\dev\abd-context-driven-delivery\sandbox\play-core-mechanics\manage-character-sheet\create-character\create_character_stories.js
2026-07-20T01:18:09Z [pre ] skip  C:\dev\abd-context-driven-delivery\contexts\stories\stories.md
2026-07-20T01:18:10Z [read] skip  C:\dev\abd-context-driven-delivery\contexts\stories\code\javascript\javascript_story_map_spec.py
2026-07-20T01:18:10Z [pre ] skip  C:\dev\abd-context-driven-delivery\sandbox\play-core-mechanics\manage-character-sheet\create-character\create_character_stories.js
2026-07-20T01:18:10Z [post] skip  C:\dev\abd-context-driven-delivery\contexts\stories\stories.md
2026-07-20T01:18:11Z [post] skip  C:\dev\abd-context-driven-delivery\contexts\stories\code\javascript\javascript_story_map_spec.py
2026-07-20T01:18:11Z [post] skip  C:\dev\abd-context-driven-delivery\sandbox\play-core-mechanics\manage-character-sheet\create-character\create_character_stories.js
2026-07-20T01:18:11Z [post] skip  C:\dev\abd-context-driven-delivery\contexts\stories\stories.md
2026-07-20T01:18:12Z [post] skip  C:\dev\abd-context-driven-delivery\sandbox\play-core-mechanics\manage-character-sheet\create-character\create_character_stories.js
2026-07-20T01:18:14Z [pre ] skip  C:\dev\abd-context-driven-delivery\sandbox\play-core-mechanics\manage-character-sheet\create-character\create_character_stories.js
2026-07-20T01:18:15Z [post] skip  C:\dev\abd-context-driven-delivery\sandbox\play-core-mechanics\manage-character-sheet\create-character\create_character_stories.js
2026-07-20T01:18:16Z [post] skip  C:\dev\abd-context-driven-delivery\sandbox\play-core-mechanics\manage-character-sheet\create-character\create_character_stories.js
2026-07-20T01:18:21Z [pre ] skip  C:\dev\abd-context-driven-delivery\contexts\stories\code\javascript\javascript_story_map_spec.py
2026-07-20T01:18:22Z [read] skip  C:\dev\abd-context-driven-delivery\contexts\stories\code\javascript\javascript_story_map_spec.py
2026-07-20T01:18:23Z [post] skip  C:\dev\abd-context-driven-delivery\contexts\stories\code\javascript\javascript_story_map_spec.py
2026-07-20T01:18:24Z [pre ] skip  C:\dev\abd-context-driven-delivery\contexts\stories\code\javascript\javascript_story_map_spec.py
2026-07-20T01:18:25Z [post] skip  C:\dev\abd-context-driven-delivery\contexts\stories\code\javascript\javascript_story_map_spec.py
2026-07-20T01:18:26Z [post] skip  C:\dev\abd-context-driven-delivery\contexts\stories\code\javascript\javascript_story_map_spec.py
2026-07-20T01:21:18Z [pre ] skip  C:\dev\abd-context-driven-delivery\contexts\stories\templates\md\scenario-outline.md
2026-07-20T01:21:19Z [pre ] skip  C:\dev\abd-context-driven-delivery\contexts\stories\templates\py\{epic-verb-noun}\{sub-epic-verb-noun}\{lowest-sub-epic}\{lowest_sub_epic}_stories.py
2026-07-20T01:21:19Z [pre ] skip  C:\dev\abd-context-driven-delivery\contexts\stories\templates\py\{epic-verb-noun}\{sub-epic-verb-noun}\{lowest-sub-epic}\test_{lowest_sub_epic}_{layer}.py
2026-07-20T01:21:19Z [read] skip  C:\dev\abd-context-driven-delivery\contexts\stories\templates\md\scenario-outline.md
2026-07-20T01:21:20Z [read] skip  C:\dev\abd-context-driven-delivery\contexts\stories\templates\py\{epic-verb-noun}\{sub-epic-verb-noun}\{lowest-sub-epic}\{lowest_sub_epic}_stories.py
2026-07-20T01:21:20Z [read] skip  C:\dev\abd-context-driven-delivery\contexts\stories\templates\py\{epic-verb-noun}\{sub-epic-verb-noun}\{lowest-sub-epic}\test_{lowest_sub_epic}_{layer}.py
2026-07-20T01:21:20Z [post] skip  C:\dev\abd-context-driven-delivery\contexts\stories\templates\md\scenario-outline.md
2026-07-20T01:21:21Z [post] skip  C:\dev\abd-context-driven-delivery\contexts\stories\templates\py\{epic-verb-noun}\{sub-epic-verb-noun}\{lowest-sub-epic}\{lowest_sub_epic}_stories.py
2026-07-20T01:21:21Z [post] skip  C:\dev\abd-context-driven-delivery\contexts\stories\templates\py\{epic-verb-noun}\{sub-epic-verb-noun}\{lowest-sub-epic}\test_{lowest_sub_epic}_{layer}.py
2026-07-20T01:21:33Z [pre ] skip  C:\dev\abd-context-driven-delivery\sandbox\character\character_example_factory.js
2026-07-20T01:21:34Z [pre ] skip  C:\dev\abd-context-driven-delivery\contexts\stories\code\javascript\tier_scaffold.py
2026-07-20T01:21:34Z [pre ] skip  C:\dev\abd-context-driven-delivery\contexts\stories\code\javascript\seeds\story-runner.js
2026-07-20T01:21:35Z [read] skip  C:\dev\abd-context-driven-delivery\sandbox\character\character_example_factory.js
2026-07-20T01:21:35Z [read] skip  C:\dev\abd-context-driven-delivery\contexts\stories\code\javascript\tier_scaffold.py
2026-07-20T01:21:35Z [read] skip  C:\dev\abd-context-driven-delivery\contexts\stories\code\javascript\seeds\story-runner.js
2026-07-20T01:21:36Z [post] skip  C:\dev\abd-context-driven-delivery\contexts\stories\examples
2026-07-20T01:21:36Z [post] skip  C:\dev\abd-context-driven-delivery\sandbox\character\character_example_factory.js
2026-07-20T01:21:36Z [post] skip  C:\dev\abd-context-driven-delivery\contexts\stories\code\javascript\tier_scaffold.py
2026-07-20T01:21:36Z [post] skip  C:\dev\abd-context-driven-delivery\contexts\stories\code\javascript\seeds\story-runner.js
2026-07-20T01:22:05Z [pre ] skip  C:\dev\abd-context-driven-delivery\sandbox\checks\check.spec.js
2026-07-20T01:22:05Z [pre ] skip  C:\dev\abd-context-driven-delivery\sandbox\character\character.js
2026-07-20T01:22:06Z [pre ] skip  C:\dev\abd-context-driven-delivery\contexts\stories\examples\py\manage-customer-orders\place-new-order\submit-order\submit_order_stories.py
2026-07-20T01:22:06Z [read] skip  C:\dev\abd-context-driven-delivery\sandbox\checks\check.spec.js
2026-07-20T01:22:06Z [read] skip  C:\dev\abd-context-driven-delivery\sandbox\character\character.js
2026-07-20T01:22:06Z [post] skip  C:\dev\abd-context-driven-delivery
2026-07-20T01:22:07Z [read] skip  C:\dev\abd-context-driven-delivery\contexts\stories\examples\py\manage-customer-orders\place-new-order\submit-order\submit_order_stories.py
2026-07-20T01:22:07Z [post] skip  C:\dev\abd-context-driven-delivery\sandbox\checks\check.spec.js
2026-07-20T01:22:07Z [post] skip  C:\dev\abd-context-driven-delivery\sandbox\character\character.js
2026-07-20T01:22:07Z [post] skip  C:\dev\abd-context-driven-delivery\contexts\stories\examples\py\manage-customer-orders\place-new-order\submit-order\submit_order_stories.py
2026-07-20T01:22:19Z [pre ] skip  C:\dev\abd-context-driven-delivery\sandbox\character\character_example_factory.js
2026-07-20T01:22:20Z [read] skip  C:\dev\abd-context-driven-delivery\sandbox\character\character_example_factory.js
2026-07-20T01:22:21Z [post] skip  C:\dev\abd-context-driven-delivery\sandbox\character\character_example_factory.js
2026-07-20T01:22:22Z [pre ] skip  C:\dev\abd-context-driven-delivery\sandbox\character\character_example_factory.js
2026-07-20T01:22:23Z [post] skip  C:\dev\abd-context-driven-delivery\sandbox\character\character_example_factory.js
2026-07-20T01:22:23Z [pre ] skip  C:\dev\abd-context-driven-delivery\sandbox\play-core-mechanics\manage-character-sheet\create-character\create_character_stories.js
2026-07-20T01:22:24Z [post] skip  C:\dev\abd-context-driven-delivery\sandbox\character\character_example_factory.js
2026-07-20T01:22:24Z [post] skip  C:\dev\abd-context-driven-delivery\sandbox\play-core-mechanics\manage-character-sheet\create-character\create_character_stories.js
2026-07-20T01:22:25Z [post] skip  C:\dev\abd-context-driven-delivery\sandbox\play-core-mechanics\manage-character-sheet\create-character\create_character_stories.js
2026-07-20T01:22:35Z [post] skip  C:\dev\abd-context-driven-delivery\sandbox\play-core-mechanics\manage-character-sheet\create-character\create_character-spec.test.js
2026-07-20T01:22:36Z [post] skip  C:\dev\abd-context-driven-delivery\sandbox\play-core-mechanics\manage-character-sheet\create-character\create_character-spec.test.js
2026-07-20T01:22:46Z [pre ] skip  C:\dev\abd-context-driven-delivery\sandbox\play-core-mechanics\manage-character-sheet\create-character\create_character-spec.test.js
2026-07-20T01:22:47Z [post] skip  C:\dev\abd-context-driven-delivery\sandbox\play-core-mechanics\manage-character-sheet\create-character\create_character-spec.test.js
2026-07-20T01:22:47Z [pre ] skip  C:\dev\abd-context-driven-delivery\contexts\stories\code\javascript\seeds\story-types.js
2026-07-20T01:22:48Z [post] skip  C:\dev\abd-context-driven-delivery\sandbox\play-core-mechanics\manage-character-sheet\create-character\create_character-spec.test.js
2026-07-20T01:22:48Z [post] skip  C:\dev\abd-context-driven-delivery\contexts\stories\code\javascript\seeds\story-types.js
2026-07-20T01:22:49Z [pre ] skip  C:\dev\abd-context-driven-delivery\sandbox\play-core-mechanics\manage-character-sheet\story-context.md
2026-07-20T01:22:49Z [post] skip  C:\dev\abd-context-driven-delivery\contexts\stories\code\javascript\seeds\story-types.js
2026-07-20T01:22:50Z [post] skip  C:\dev\abd-context-driven-delivery\sandbox\play-core-mechanics\manage-character-sheet\story-context.md
2026-07-20T01:22:51Z [post] skip  C:\dev\abd-context-driven-delivery\sandbox\play-core-mechanics\manage-character-sheet\story-context.md
2026-07-20T01:24:14Z [post] skip  C:\dev\abd-context-driven-delivery
2026-07-20T01:24:14Z [post] skip  C:\dev\abd-context-driven-delivery
2026-07-20T01:24:27Z [pre ] skip  C:\dev\abd-context-driven-delivery\sandbox\play-core-mechanics\manage-character-sheet\create-character\create_character-spec.test.js
2026-07-20T01:24:28Z [post] skip  C:\dev\abd-context-driven-delivery\sandbox\play-core-mechanics\manage-character-sheet\create-character\create_character-spec.test.js
2026-07-20T01:24:29Z [post] skip  C:\dev\abd-context-driven-delivery\sandbox\play-core-mechanics\manage-character-sheet\create-character\create_character.spec.js
2026-07-20T01:24:30Z [post] skip  C:\dev\abd-context-driven-delivery\sandbox\play-core-mechanics\manage-character-sheet\create-character\create_character.spec.js
2026-07-20T01:24:38Z [pre ] skip  C:\dev\abd-context-driven-delivery\sandbox\play-core-mechanics\manage-character-sheet\story-context.md
2026-07-20T01:24:39Z [post] skip  C:\dev\abd-context-driven-delivery\sandbox\play-core-mechanics\manage-character-sheet\story-context.md
2026-07-20T01:24:40Z [post] skip  C:\dev\abd-context-driven-delivery\sandbox\play-core-mechanics\manage-character-sheet\story-context.md
2026-07-20T01:26:40Z [pre ] skip  C:\dev\abd-context-driven-delivery\sandbox\play-core-mechanics\manage-character-sheet\create-character\create_character_stories.js
2026-07-20T01:26:41Z [read] skip  C:\dev\abd-context-driven-delivery\sandbox\play-core-mechanics\manage-character-sheet\create-character\create_character_stories.js
2026-07-20T01:26:42Z [post] skip  C:\dev\abd-context-driven-delivery\sandbox\play-core-mechanics\manage-character-sheet\create-character\create_character_stories.js
2026-07-20T01:27:33Z [pre ] skip  C:\dev\abd-context-driven-delivery\sandbox\play-core-mechanics\manage-character-sheet\create-character\create_character.spec.js
2026-07-20T01:27:34Z [post] skip  C:\dev\abd-context-driven-delivery\sandbox\play-core-mechanics\manage-character-sheet\create-character\create_character.spec.js
2026-07-20T01:27:35Z [post] skip  C:\dev\abd-context-driven-delivery\sandbox\play-core-mechanics\manage-character-sheet\create-character\create_character.spec.js
2026-07-20T01:28:25Z [pre ] skip  C:\dev\abd-context-driven-delivery\sandbox\play-core-mechanics\manage-character-sheet\create-character\create_character_stories.js
2026-07-20T01:28:26Z [pre ] skip  C:\dev\abd-context-driven-delivery\contexts\stories\code\javascript\seeds\story-runner.js
2026-07-20T01:28:26Z [read] skip  C:\dev\abd-context-driven-delivery\sandbox\play-core-mechanics\manage-character-sheet\create-character\create_character_stories.js
2026-07-20T01:28:27Z [read] skip  C:\dev\abd-context-driven-delivery\contexts\stories\code\javascript\seeds\story-runner.js
2026-07-20T01:28:27Z [post] skip  C:\dev\abd-context-driven-delivery\sandbox\play-core-mechanics\manage-character-sheet\create-character\create_character_stories.js
2026-07-20T01:28:27Z [post] skip  C:\dev\abd-context-driven-delivery\contexts\stories\code\javascript\seeds\story-runner.js
2026-07-20T01:28:38Z [pre ] skip  C:\dev\abd-context-driven-delivery\sandbox\play-core-mechanics\manage-character-sheet\create-character\create_character.spec.js
2026-07-20T01:28:39Z [read] skip  C:\dev\abd-context-driven-delivery\sandbox\play-core-mechanics\manage-character-sheet\create-character\create_character.spec.js
2026-07-20T01:28:40Z [post] skip  C:\dev\abd-context-driven-delivery\sandbox\play-core-mechanics\manage-character-sheet\create-character\create_character.spec.js
2026-07-20T01:28:41Z [pre ] skip  C:\dev\abd-context-driven-delivery\sandbox\play-core-mechanics\manage-character-sheet\create-character\create_character.spec.js
2026-07-20T01:28:42Z [post] skip  C:\dev\abd-context-driven-delivery\sandbox\play-core-mechanics\manage-character-sheet\create-character\create_character.spec.js
2026-07-20T01:28:43Z [post] skip  C:\dev\abd-context-driven-delivery\sandbox\play-core-mechanics\manage-character-sheet\create-character\create_character.spec.js
2026-07-20T01:29:07Z [pre ] skip  C:\dev\abd-context-driven-delivery\sandbox\play-core-mechanics\manage-character-sheet\create-character\create_character_stories.js
2026-07-20T01:29:08Z [post] skip  C:\dev\abd-context-driven-delivery\sandbox\play-core-mechanics\manage-character-sheet\create-character\create_character_stories.js
2026-07-20T01:29:10Z [post] skip  C:\dev\abd-context-driven-delivery\sandbox\play-core-mechanics\manage-character-sheet\create-character\create_character_stories.js
2026-07-20T01:29:12Z [pre ] skip  C:\dev\abd-context-driven-delivery\sandbox\play-core-mechanics\manage-character-sheet\create-character\create_character.spec.js
2026-07-20T01:29:13Z [post] skip  C:\dev\abd-context-driven-delivery\sandbox\play-core-mechanics\manage-character-sheet\create-character\create_character.spec.js
2026-07-20T01:29:14Z [post] skip  C:\dev\abd-context-driven-delivery\sandbox\play-core-mechanics\manage-character-sheet\create-character\create_character.spec.js
2026-07-20T01:31:35Z [pre ] skip  C:\dev\abd-context-driven-delivery\sandbox\play-core-mechanics\manage-character-sheet\create-character\create_character_stories.js
2026-07-20T01:31:36Z [read] skip  C:\dev\abd-context-driven-delivery\sandbox\play-core-mechanics\manage-character-sheet\create-character\create_character_stories.js
2026-07-20T01:31:37Z [post] skip  C:\dev\abd-context-driven-delivery\sandbox\play-core-mechanics\manage-character-sheet\create-character\create_character_stories.js
2026-07-20T01:33:46Z [pre ] skip  C:\dev\abd-context-driven-delivery\sandbox\play-core-mechanics\manage-character-sheet\create-character\create_character.spec.js
2026-07-20T01:33:48Z [post] skip  C:\dev\abd-context-driven-delivery\sandbox\play-core-mechanics\manage-character-sheet\create-character\create_character.spec.js
2026-07-20T01:33:49Z [post] skip  C:\dev\abd-context-driven-delivery\sandbox\play-core-mechanics\manage-character-sheet\create-character\create_character.spec.js
2026-07-20T01:34:25Z [pre ] skip  C:\dev\abd-context-driven-delivery\sandbox\play-core-mechanics\manage-character-sheet\create-character\create_character_stories.js
2026-07-20T01:34:26Z [read] skip  C:\dev\abd-context-driven-delivery\sandbox\play-core-mechanics\manage-character-sheet\create-character\create_character_stories.js
2026-07-20T01:34:27Z [post] skip  C:\dev\abd-context-driven-delivery\sandbox\play-core-mechanics\manage-character-sheet\create-character\create_character_stories.js
2026-07-20T01:34:46Z [pre ] skip  C:\dev\abd-context-driven-delivery\sandbox\play-core-mechanics\manage-character-sheet\create-character\create_character.spec.js
2026-07-20T01:34:48Z [post] skip  C:\dev\abd-context-driven-delivery\sandbox\play-core-mechanics\manage-character-sheet\create-character\create_character.spec.js
2026-07-20T01:34:49Z [post] skip  C:\dev\abd-context-driven-delivery\sandbox\play-core-mechanics\manage-character-sheet\create-character\create_character.spec.js
2026-07-20T01:35:05Z [pre ] skip  C:\dev\abd-context-driven-delivery\sandbox\play-core-mechanics\manage-character-sheet\create-character\create_character_stories.js
2026-07-20T01:35:06Z [read] skip  C:\dev\abd-context-driven-delivery\sandbox\play-core-mechanics\manage-character-sheet\create-character\create_character_stories.js
2026-07-20T01:35:07Z [post] skip  C:\dev\abd-context-driven-delivery\sandbox\play-core-mechanics\manage-character-sheet\create-character\create_character_stories.js
2026-07-20T01:35:08Z [pre ] skip  C:\dev\abd-context-driven-delivery\sandbox\play-core-mechanics\manage-character-sheet\create-character\create_character_stories.js
2026-07-20T01:35:09Z [post] skip  C:\dev\abd-context-driven-delivery\sandbox\play-core-mechanics\manage-character-sheet\create-character\create_character_stories.js
2026-07-20T01:35:10Z [post] skip  C:\dev\abd-context-driven-delivery\sandbox\play-core-mechanics\manage-character-sheet\create-character\create_character_stories.js
2026-07-20T01:35:10Z [pre ] skip  C:\dev\abd-context-driven-delivery\sandbox\play-core-mechanics\manage-character-sheet\create-character\create_character.spec.js
2026-07-20T01:35:11Z [post] skip  C:\dev\abd-context-driven-delivery\sandbox\play-core-mechanics\manage-character-sheet\create-character\create_character.spec.js
2026-07-20T01:35:12Z [post] skip  C:\dev\abd-context-driven-delivery\sandbox\play-core-mechanics\manage-character-sheet\create-character\create_character.spec.js
2026-07-20T01:37:20Z [post] skip  C:\dev\abd-context-driven-delivery\sandbox\play-core-mechanics\story-test.js
2026-07-20T01:37:21Z [post] skip  C:\dev\abd-context-driven-delivery\sandbox\play-core-mechanics\story-test.js
2026-07-20T01:37:22Z [pre ] skip  C:\dev\abd-context-driven-delivery\sandbox\play-core-mechanics\manage-character-sheet\create-character\create_character_stories.js
2026-07-20T01:37:22Z [pre ] skip  C:\dev\abd-context-driven-delivery\sandbox\play-core-mechanics\manage-character-sheet\create-character\create_character.spec.js
2026-07-20T01:37:23Z [post] skip  C:\dev\abd-context-driven-delivery\sandbox\play-core-mechanics\manage-character-sheet\create-character\create_character_stories.js
2026-07-20T01:37:23Z [post] skip  C:\dev\abd-context-driven-delivery\sandbox\play-core-mechanics\manage-character-sheet\create-character\create_character.spec.js
2026-07-20T01:37:24Z [post] skip  C:\dev\abd-context-driven-delivery\sandbox\play-core-mechanics\manage-character-sheet\create-character\create_character.spec.js
2026-07-20T01:37:33Z [pre ] skip  C:\dev\abd-context-driven-delivery\sandbox\play-core-mechanics\manage-character-sheet\story-context.md
2026-07-20T01:37:34Z [post] skip  C:\dev\abd-context-driven-delivery\sandbox\play-core-mechanics\manage-character-sheet\story-context.md
2026-07-20T01:37:35Z [post] skip  C:\dev\abd-context-driven-delivery\sandbox\play-core-mechanics\manage-character-sheet\story-context.md
2026-07-20T01:43:58Z [pre ] skip  C:\dev\abd-context-driven-delivery\sandbox\play-core-mechanics\manage-character-sheet\create-character\create_character.spec.js
2026-07-20T01:44:00Z [post] skip  C:\dev\abd-context-driven-delivery\sandbox\play-core-mechanics\manage-character-sheet\create-character\create_character.spec.js
2026-07-20T01:44:01Z [post] skip  C:\dev\abd-context-driven-delivery\sandbox\play-core-mechanics\manage-character-sheet\create-character\create_character_story.js
2026-07-20T01:44:02Z [pre ] skip  C:\dev\abd-context-driven-delivery\sandbox\character\character_example_factory.js
2026-07-20T01:44:02Z [post] skip  C:\dev\abd-context-driven-delivery\sandbox\play-core-mechanics\manage-character-sheet\create-character\create_character_spec.isolated.js
2026-07-20T01:44:03Z [pre ] skip  C:\dev\abd-context-driven-delivery\sandbox\play-core-mechanics\manage-character-sheet\story-context.md
2026-07-20T01:44:03Z [post] skip  C:\dev\abd-context-driven-delivery\sandbox\play-core-mechanics\manage-character-sheet\create-character\create_character_story.js
2026-07-20T01:44:03Z [post] skip  C:\dev\abd-context-driven-delivery\sandbox\character\character_example_factory.js
2026-07-20T01:44:04Z [post] skip  C:\dev\abd-context-driven-delivery\sandbox\play-core-mechanics\manage-character-sheet\create-character\create_character_spec.isolated.js
2026-07-20T01:44:04Z [post] skip  C:\dev\abd-context-driven-delivery\sandbox\play-core-mechanics\manage-character-sheet\story-context.md
2026-07-20T01:44:05Z [post] skip  C:\dev\abd-context-driven-delivery\sandbox\character\character_example_factory.js
2026-07-20T01:44:05Z [post] skip  C:\dev\abd-context-driven-delivery\sandbox\play-core-mechanics\manage-character-sheet\story-context.md
2026-07-20T01:44:21Z [pre ] skip  C:\dev\abd-context-driven-delivery\sandbox\play-core-mechanics\manage-character-sheet\create-character\create_character_story.js
2026-07-20T01:44:22Z [post] skip  C:\dev\abd-context-driven-delivery\sandbox\play-core-mechanics\manage-character-sheet\create-character\create_character_story.js
2026-07-20T01:44:23Z [post] skip  C:\dev\abd-context-driven-delivery\sandbox\play-core-mechanics\manage-character-sheet\create-character\create_character_story.js
2026-07-20T01:44:25Z [pre ] skip  C:\dev\abd-context-driven-delivery\sandbox\play-core-mechanics\manage-character-sheet\create-character\create_character_story.js
2026-07-20T01:44:26Z [post] skip  C:\dev\abd-context-driven-delivery\sandbox\play-core-mechanics\manage-character-sheet\create-character\create_character_story.js
2026-07-20T01:44:27Z [post] skip  C:\dev\abd-context-driven-delivery\sandbox\play-core-mechanics\manage-character-sheet\create-character\create_character_story.js
2026-07-20T01:44:55Z [pre ] skip  C:\dev\abd-context-driven-delivery\sandbox\play-core-mechanics\manage-character-sheet\create-character\create_character_story.js
2026-07-20T01:44:56Z [post] skip  C:\dev\abd-context-driven-delivery\sandbox\play-core-mechanics\manage-character-sheet\create-character\create_character_story.js
2026-07-20T01:44:57Z [post] skip  C:\dev\abd-context-driven-delivery\sandbox\play-core-mechanics\manage-character-sheet\create-character\create_character_story.js
2026-07-20T01:44:58Z [pre ] skip  C:\dev\abd-context-driven-delivery\sandbox\play-core-mechanics\manage-character-sheet\create-character\create_character_story.js
2026-07-20T01:44:59Z [post] skip  C:\dev\abd-context-driven-delivery\sandbox\play-core-mechanics\manage-character-sheet\create-character\create_character_story.js
2026-07-20T01:45:00Z [post] skip  C:\dev\abd-context-driven-delivery\sandbox\play-core-mechanics\manage-character-sheet\create-character\create_character_story.js
2026-07-20T01:45:33Z [post] skip  C:\dev\abd-context-driven-delivery\sandbox\play-core-mechanics\manage-character-sheet\create-character\_argv_probe_story.js
2026-07-20T01:45:33Z [post] skip  C:\dev\abd-context-driven-delivery\sandbox\play-core-mechanics\manage-character-sheet\create-character\_argv_probe_isolated.js
2026-07-20T01:45:34Z [post] skip  C:\dev\abd-context-driven-delivery\sandbox\play-core-mechanics\manage-character-sheet\create-character\_argv_probe_story.js
2026-07-20T01:45:34Z [post] skip  C:\dev\abd-context-driven-delivery\sandbox\play-core-mechanics\manage-character-sheet\create-character\_argv_probe_isolated.js
2026-07-20T01:45:50Z [pre ] skip  C:\dev\abd-context-driven-delivery\sandbox\play-core-mechanics\manage-character-sheet\create-character\create_character_story.js
2026-07-20T01:45:51Z [post] skip  C:\dev\abd-context-driven-delivery\sandbox\play-core-mechanics\manage-character-sheet\create-character\create_character_story.js
2026-07-20T01:45:52Z [pre ] skip  C:\dev\abd-context-driven-delivery\sandbox\play-core-mechanics\manage-character-sheet\create-character\_argv_probe_story.js
2026-07-20T01:45:52Z [pre ] skip  C:\dev\abd-context-driven-delivery\sandbox\play-core-mechanics\manage-character-sheet\create-character\_argv_probe_isolated.js
2026-07-20T01:45:52Z [post] skip  C:\dev\abd-context-driven-delivery\sandbox\play-core-mechanics\manage-character-sheet\create-character\create_character_story.js
2026-07-20T01:45:53Z [post] skip  C:\dev\abd-context-driven-delivery\sandbox\play-core-mechanics\manage-character-sheet\create-character\_argv_probe_isolated.js
2026-07-20T01:45:53Z [post] skip  C:\dev\abd-context-driven-delivery\sandbox\play-core-mechanics\manage-character-sheet\create-character\_argv_probe_story.js
2026-07-20T01:45:54Z [pre ] skip  C:\dev\abd-context-driven-delivery\sandbox\play-core-mechanics\manage-character-sheet\create-character\create_character_story.js
2026-07-20T01:45:55Z [post] skip  C:\dev\abd-context-driven-delivery\sandbox\play-core-mechanics\manage-character-sheet\create-character\create_character_story.js
2026-07-20T01:45:56Z [post] skip  C:\dev\abd-context-driven-delivery\sandbox\play-core-mechanics\manage-character-sheet\create-character\create_character_story.js
2026-07-20T01:47:18Z [post] skip  C:\dev\abd-context-driven-delivery\sandbox\play-core-mechanics\manage-character-sheet
2026-07-20T01:47:23Z [pre ] skip  C:\dev\abd-context-driven-delivery\sandbox\character\abilities.js
2026-07-20T01:47:24Z [read] skip  C:\dev\abd-context-driven-delivery\sandbox\character\abilities.js
2026-07-20T01:47:24Z [post] skip  C:\dev\abd-context-driven-delivery\sandbox\play-core-mechanics
2026-07-20T01:47:25Z [post] skip  C:\dev\abd-context-driven-delivery\sandbox\character\abilities.js
2026-07-20T01:47:31Z [pre ] skip  C:\dev\abd-context-driven-delivery\sandbox\character\character.js
2026-07-20T01:47:31Z [pre ] skip  C:\dev\abd-context-driven-delivery\sandbox\checks\trait.js
2026-07-20T01:47:32Z [read] skip  C:\dev\abd-context-driven-delivery\sandbox\character\character.js
2026-07-20T01:47:32Z [read] skip  C:\dev\abd-context-driven-delivery\sandbox\checks\trait.js
2026-07-20T01:47:32Z [post] skip  C:\dev\abd-context-driven-delivery\sandbox\checks
2026-07-20T01:47:32Z [post] skip  C:\dev\abd-context-driven-delivery\sandbox\checks\trait.js
2026-07-20T01:47:32Z [post] skip  C:\dev\abd-context-driven-delivery\sandbox\character\character.js
2026-07-20T01:48:00Z [pre ] skip  C:\dev\abd-context-driven-delivery\sandbox\play-core-mechanics\manage-character-sheet\update-ability-rank\update_ability_rank_stories.js
2026-07-20T01:48:01Z [post] skip  C:\dev\abd-context-driven-delivery\sandbox\play-core-mechanics\manage-character-sheet\update-ability-rank\update_ability_rank_stories.js
2026-07-20T01:48:02Z [post] skip  C:\dev\abd-context-driven-delivery\sandbox\play-core-mechanics\manage-character-sheet\update-ability-rank\update_ability_rank_story.js
2026-07-20T01:48:02Z [post] skip  C:\dev\abd-context-driven-delivery\sandbox\play-core-mechanics\manage-character-sheet\update-ability-rank\update_ability_rank_spec.isolated.js
2026-07-20T01:48:03Z [post] skip  C:\dev\abd-context-driven-delivery\sandbox\play-core-mechanics\manage-character-sheet\update-ability-rank\update_ability_rank_story.js
2026-07-20T01:48:03Z [pre ] skip  C:\dev\abd-context-driven-delivery\sandbox\play-core-mechanics\manage-character-sheet\story-context.md
2026-07-20T01:48:03Z [post] skip  C:\dev\abd-context-driven-delivery\sandbox\play-core-mechanics\manage-character-sheet\update-ability-rank\update_ability_rank_spec.isolated.js
2026-07-20T01:48:04Z [post] skip  C:\dev\abd-context-driven-delivery\sandbox\play-core-mechanics\manage-character-sheet\story-context.md
2026-07-20T01:48:05Z [post] skip  C:\dev\abd-context-driven-delivery\sandbox\play-core-mechanics\manage-character-sheet\story-context.md
2026-07-20T01:53:55Z [post] skip  C:\dev\abd-context-driven-delivery\contexts\stories
2026-07-20T01:53:55Z [post] skip  C:\dev\abd-context-driven-delivery\contexts\stories
2026-07-20T01:54:01Z [pre ] skip  C:\dev\abd-context-driven-delivery\.cursor\skills\stories\SKILL.md
2026-07-20T01:54:02Z [pre ] FIRED  C:\dev\abd-context-driven-delivery\contexts\stories\stories.py  — 4 manifest line(s)
2026-07-20T01:54:02Z [read] skip  C:\dev\abd-context-driven-delivery\.cursor\skills\stories\SKILL.md
2026-07-20T01:54:03Z [read] FIRED  C:\dev\abd-context-driven-delivery\contexts\stories\stories.py  — 4 manifest line(s)
2026-07-20T01:54:04Z [post] skip  C:\dev\abd-context-driven-delivery\.cursor\skills\stories\SKILL.md
2026-07-20T01:54:05Z [post] FIRED  C:\dev\abd-context-driven-delivery\contexts\stories\stories.py  — 4 manifest line(s)
2026-07-20T01:54:12Z [pre ] skip  C:\dev\abd-context-driven-delivery\contexts\stories\code\javascript\javascript_story_map.py
2026-07-20T01:54:12Z [pre ] skip  C:\dev\abd-context-driven-delivery\contexts\stories\code\javascript\tier_scaffold.py
2026-07-20T01:54:13Z [read] skip  C:\dev\abd-context-driven-delivery\contexts\stories\code\javascript\javascript_story_map.py
2026-07-20T01:54:13Z [read] skip  C:\dev\abd-context-driven-delivery\contexts\stories\code\javascript\tier_scaffold.py
2026-07-20T01:54:13Z [post] skip  C:\dev\abd-context-driven-delivery\contexts\stories\templates
2026-07-20T01:54:14Z [post] skip  C:\dev\abd-context-driven-delivery\contexts\stories\code\javascript\javascript_story_map.py
2026-07-20T01:54:14Z [post] skip  C:\dev\abd-context-driven-delivery\contexts\stories\code\javascript\tier_scaffold.py
2026-07-20T01:54:22Z [pre ] skip  C:\dev\abd-context-driven-delivery\contexts\stories\templates\py\{epic-verb-noun}\{sub-epic-verb-noun}\{lowest-sub-epic}\{lowest_sub_epic}_stories.py
2026-07-20T01:54:23Z [read] skip  C:\dev\abd-context-driven-delivery\contexts\stories\templates\py\{epic-verb-noun}\{sub-epic-verb-noun}\{lowest-sub-epic}\{lowest_sub_epic}_stories.py
2026-07-20T01:54:24Z [post] skip  C:\dev\abd-context-driven-delivery\contexts\stories
2026-07-20T01:54:24Z [post] skip  C:\dev\abd-context-driven-delivery\contexts\stories\templates\py\{epic-verb-noun}\{sub-epic-verb-noun}\{lowest-sub-epic}\{lowest_sub_epic}_stories.py
2026-07-20T01:54:41Z [pre ] skip  C:\dev\abd-context-driven-delivery\contexts\stories\code\code_story_map.py
2026-07-20T01:54:41Z [pre ] skip  C:\dev\abd-context-driven-delivery\contexts\stories\scanners\scenario_outline_structure_scanner.py
2026-07-20T01:54:41Z [pre ] skip  C:\dev\abd-context-driven-delivery\contexts\stories\scanners\scenarios_no_inline_examples_scanner.py
2026-07-20T01:54:41Z [pre ] skip  C:\dev\abd-context-driven-delivery\contexts\stories\sketch-template.md
2026-07-20T01:54:42Z [read] skip  C:\dev\abd-context-driven-delivery\contexts\stories\code\code_story_map.py
2026-07-20T01:54:42Z [read] skip  C:\dev\abd-context-driven-delivery\contexts\stories\scanners\scenario_outline_structure_scanner.py
2026-07-20T01:54:42Z [read] skip  C:\dev\abd-context-driven-delivery\contexts\stories\scanners\scenarios_no_inline_examples_scanner.py
2026-07-20T01:54:42Z [read] skip  C:\dev\abd-context-driven-delivery\contexts\stories\sketch-template.md
2026-07-20T01:54:43Z [post] skip  C:\dev\abd-context-driven-delivery\contexts\stories
2026-07-20T01:54:43Z [post] skip  C:\dev\abd-context-driven-delivery\contexts\stories\scanners\scenario_outline_structure_scanner.py
2026-07-20T01:54:43Z [post] skip  C:\dev\abd-context-driven-delivery\contexts\stories\code\code_story_map.py
2026-07-20T01:54:44Z [post] skip  C:\dev\abd-context-driven-delivery\contexts\stories\scanners\scenarios_no_inline_examples_scanner.py
2026-07-20T01:54:44Z [post] skip  C:\dev\abd-context-driven-delivery\contexts\stories\sketch-template.md
2026-07-20T01:54:53Z [pre ] skip  C:\dev\abd-context-driven-delivery\contexts\stories\code\javascript\tree.py
2026-07-20T01:54:54Z [pre ] skip  C:\dev\abd-context-driven-delivery\contexts\stories\code\code_story_map.py
2026-07-20T01:55:02Z [read] skip  C:\dev\abd-context-driven-delivery\contexts\stories\code\javascript\tree.py
2026-07-20T01:55:03Z [read] skip  C:\dev\abd-context-driven-delivery\contexts\stories\code\code_story_map.py
2026-07-20T01:55:04Z [post] skip  C:\dev\abd-context-driven-delivery\contexts\stories\code\javascript
2026-07-20T01:55:15Z [post] skip  C:\dev\abd-context-driven-delivery\contexts\stories\code\javascript\tree.py
2026-07-20T01:55:15Z [post] skip  C:\dev\abd-context-driven-delivery\contexts\stories\code\code_story_map.py
2026-07-20T01:55:30Z [pre ] skip  C:\dev\abd-context-driven-delivery\contexts\stories\templates\md\scenario-outline.md
2026-07-20T01:55:30Z [pre ] skip  C:\dev\abd-context-driven-delivery\contexts\stories\templates\md\scenario-main-flow.md
2026-07-20T01:55:33Z [read] skip  C:\dev\abd-context-driven-delivery\contexts\stories\templates\md\scenario-main-flow.md
2026-07-20T01:55:33Z [read] skip  C:\dev\abd-context-driven-delivery\contexts\stories\templates\md\scenario-outline.md
2026-07-20T01:55:35Z [post] skip  C:\dev\abd-context-driven-delivery\contexts\stories\templates\md\scenario-main-flow.md
2026-07-20T01:55:35Z [post] skip  C:\dev\abd-context-driven-delivery\contexts\stories\templates\md\scenario-outline.md
2026-07-20T01:55:57Z [pre ] skip  C:\dev\abd-context-driven-delivery\contexts\stories\stories.md
2026-07-20T01:55:58Z [post] skip  C:\dev\abd-context-driven-delivery\contexts\stories\stories.md
2026-07-20T01:55:59Z [post] skip  C:\dev\abd-context-driven-delivery\contexts\stories\stories.md
2026-07-20T01:56:12Z [post] skip  C:\dev\abd-context-driven-delivery\contexts\stories\code\javascript\story_file.py
2026-07-20T01:56:13Z [post] skip  C:\dev\abd-context-driven-delivery\contexts\stories\code\javascript\story_file.py
2026-07-20T01:56:14Z [pre ] skip  C:\dev\abd-context-driven-delivery\contexts\stories\code\javascript\spec_file.py
2026-07-20T01:56:15Z [post] skip  C:\dev\abd-context-driven-delivery\contexts\stories\code\javascript\spec_file.py
2026-07-20T01:56:16Z [post] skip  C:\dev\abd-context-driven-delivery\contexts\stories\code\javascript\spec_file.py
2026-07-20T01:56:22Z [pre ] skip  C:\dev\abd-context-driven-delivery\contexts\stories\code\javascript\tree.py
2026-07-20T01:56:23Z [read] skip  C:\dev\abd-context-driven-delivery\contexts\stories\code\javascript\tree.py
2026-07-20T01:56:24Z [post] skip  C:\dev\abd-context-driven-delivery\contexts\stories\code\javascript\tree.py
2026-07-20T01:56:25Z [pre ] skip  C:\dev\abd-context-driven-delivery\contexts\stories\code\javascript\tree.py
2026-07-20T01:56:25Z [pre ] skip  C:\dev\abd-context-driven-delivery\contexts\stories\code\javascript\tier_scaffold.py
2026-07-20T01:56:26Z [post] skip  C:\dev\abd-context-driven-delivery\contexts\stories\code\javascript\tree.py
2026-07-20T01:56:26Z [read] skip  C:\dev\abd-context-driven-delivery\contexts\stories\code\javascript\tier_scaffold.py
2026-07-20T01:56:27Z [post] skip  C:\dev\abd-context-driven-delivery\contexts\stories\code\javascript\tier_scaffold.py
2026-07-20T01:56:27Z [post] skip  C:\dev\abd-context-driven-delivery\contexts\stories\code\javascript\tree.py
2026-07-20T01:56:28Z [pre ] skip  C:\dev\abd-context-driven-delivery\contexts\stories\code\javascript\tier_scaffold.py
2026-07-20T01:56:29Z [post] skip  C:\dev\abd-context-driven-delivery\contexts\stories\code\javascript\tier_scaffold.py
2026-07-20T01:56:30Z [post] skip  C:\dev\abd-context-driven-delivery\contexts\stories\code\javascript\tier_scaffold.py
2026-07-20T01:56:43Z [pre ] skip  C:\dev\abd-context-driven-delivery\contexts\stories\code\javascript\javascript_story_map.py
2026-07-20T01:56:44Z [read] skip  C:\dev\abd-context-driven-delivery\contexts\stories\code\javascript\javascript_story_map.py
2026-07-20T01:56:45Z [pre ] skip  C:\dev\abd-context-driven-delivery\contexts\stories\code\javascript\story_file.py
2026-07-20T01:56:45Z [post] skip  C:\dev\abd-context-driven-delivery\contexts\stories\code\javascript\javascript_story_map.py
2026-07-20T01:56:46Z [post] skip  C:\dev\abd-context-driven-delivery\contexts\stories\code\javascript\story_file.py
2026-07-20T01:56:46Z [pre ] skip  C:\dev\abd-context-driven-delivery\contexts\stories\code\javascript\javascript_story_map.py
2026-07-20T01:56:46Z [post] skip  C:\dev\abd-context-driven-delivery\contexts\stories\code\javascript\seeds\story-test.js
2026-07-20T01:56:47Z [post] skip  C:\dev\abd-context-driven-delivery\contexts\stories\code\javascript\story_file.py
2026-07-20T01:56:47Z [post] skip  C:\dev\abd-context-driven-delivery\contexts\stories\code\javascript\javascript_story_map.py
2026-07-20T01:56:47Z [post] skip  C:\dev\abd-context-driven-delivery\contexts\stories\code\javascript\seeds\story-test.js
2026-07-20T01:56:48Z [post] skip  C:\dev\abd-context-driven-delivery\contexts\stories\code\javascript\javascript_story_map.py
2026-07-20T01:56:51Z [pre ] skip  C:\dev\abd-context-driven-delivery\contexts\stories\story_model\nodes.py
2026-07-20T01:56:52Z [post] skip  C:\dev\abd-context-driven-delivery\contexts\stories\story_model\nodes.py
2026-07-20T01:57:01Z [pre ] skip  C:\dev\abd-context-driven-delivery\contexts\stories\code\javascript\javascript_story_map_spec.py
2026-07-20T01:57:02Z [post] skip  C:\dev\abd-context-driven-delivery\contexts\stories\code\javascript\javascript_story_map_spec.py
2026-07-20T01:57:03Z [post] skip  C:\dev\abd-context-driven-delivery\contexts\stories\code\javascript\javascript_story_map_spec.py
2026-07-20T01:57:14Z [post] skip  C:\dev\abd-context-driven-delivery\contexts\stories\templates\py\{epic-verb-noun}\{sub-epic-verb-noun}\{story-verb-noun}\{story_verb_noun}_story.py
2026-07-20T01:57:15Z [post] skip  C:\dev\abd-context-driven-delivery\contexts\stories\templates\py\{epic-verb-noun}\{sub-epic-verb-noun}\{story-verb-noun}\{story_verb_noun}_story.py
2026-07-20T01:57:17Z [pre ] skip  C:\dev\abd-context-driven-delivery\contexts\stories\templates\md\scenario-main-flow.md
2026-07-20T01:57:17Z [post] skip  C:\dev\abd-context-driven-delivery\contexts\stories\templates\js\{epic-verb-noun}\{sub-epic-verb-noun}\{story-verb-noun}\{story_verb_noun}_story.js
2026-07-20T01:57:18Z [post] skip  C:\dev\abd-context-driven-delivery\contexts\stories\templates\js\{epic-verb-noun}\{sub-epic-verb-noun}\{story-verb-noun}\{story_verb_noun}_spec.isolated.js
2026-07-20T01:57:18Z [read] skip  C:\dev\abd-context-driven-delivery\contexts\stories\templates\md\scenario-main-flow.md
2026-07-20T01:57:18Z [post] skip  C:\dev\abd-context-driven-delivery\contexts\stories\templates\js\{epic-verb-noun}\{sub-epic-verb-noun}\{story-verb-noun}\{story_verb_noun}_story.js
2026-07-20T01:57:19Z [post] skip  C:\dev\abd-context-driven-delivery\contexts\stories\templates\js\{epic-verb-noun}\{sub-epic-verb-noun}\{story-verb-noun}\{story_verb_noun}_spec.isolated.js
2026-07-20T01:57:19Z [pre ] skip  C:\dev\abd-context-driven-delivery\contexts\stories\templates\md\scenario-outline.md
2026-07-20T01:57:19Z [post] skip  C:\dev\abd-context-driven-delivery\contexts\stories\templates\md\scenario-main-flow.md
2026-07-20T01:57:20Z [read] skip  C:\dev\abd-context-driven-delivery\contexts\stories\templates\md\scenario-outline.md
2026-07-20T01:57:20Z [pre ] skip  C:\dev\abd-context-driven-delivery\contexts\stories\sketch-template.md
2026-07-20T01:57:20Z [pre ] skip  C:\dev\abd-context-driven-delivery\contexts\stories\templates\md\scenario-main-flow.md
2026-07-20T01:57:21Z [post] skip  C:\dev\abd-context-driven-delivery\contexts\stories\templates\md\scenario-outline.md
2026-07-20T01:57:21Z [read] skip  C:\dev\abd-context-driven-delivery\contexts\stories\sketch-template.md
2026-07-20T01:57:21Z [post] skip  C:\dev\abd-context-driven-delivery\contexts\stories\templates\md\scenario-main-flow.md
2026-07-20T01:57:22Z [pre ] skip  C:\dev\abd-context-driven-delivery\contexts\stories\templates\md\scenario-outline.md
2026-07-20T01:57:22Z [post] skip  C:\dev\abd-context-driven-delivery\contexts\stories\sketch-template.md
2026-07-20T01:57:22Z [post] skip  C:\dev\abd-context-driven-delivery\contexts\stories\templates\md\scenario-main-flow.md
2026-07-20T01:57:23Z [post] skip  C:\dev\abd-context-driven-delivery\contexts\stories\templates\md\scenario-outline.md
2026-07-20T01:57:23Z [pre ] skip  C:\dev\abd-context-driven-delivery\contexts\stories\sketch-template.md
2026-07-20T01:57:24Z [post] skip  C:\dev\abd-context-driven-delivery\contexts\stories\templates\md\scenario-outline.md
2026-07-20T01:57:24Z [post] skip  C:\dev\abd-context-driven-delivery\contexts\stories\sketch-template.md
2026-07-20T01:57:25Z [post] skip  C:\dev\abd-context-driven-delivery\contexts\stories\sketch-template.md
2026-07-20T01:57:27Z [pre ] skip  C:\dev\abd-context-driven-delivery\contexts\stories\.context\architecture-context.md
2026-07-20T01:57:28Z [post] skip  C:\dev\abd-context-driven-delivery\contexts\stories\.context\architecture-context.md
2026-07-20T01:57:29Z [post] skip  C:\dev\abd-context-driven-delivery\contexts\stories\.context\architecture-context.md
2026-07-20T01:57:30Z [pre ] skip  C:\dev\abd-context-driven-delivery\contexts\stories\.context\architecture-context.md
2026-07-20T01:57:31Z [post] skip  C:\dev\abd-context-driven-delivery\contexts\stories\.context\architecture-context.md
2026-07-20T01:57:32Z [post] skip  C:\dev\abd-context-driven-delivery\contexts\stories\.context\architecture-context.md
2026-07-20T01:57:38Z [pre ] skip  C:\dev\abd-context-driven-delivery\contexts\stories\scanners\scenarios_no_inline_examples_scanner.py
2026-07-20T01:57:39Z [read] skip  C:\dev\abd-context-driven-delivery\contexts\stories\scanners\scenarios_no_inline_examples_scanner.py
2026-07-20T01:57:40Z [post] skip  C:\dev\abd-context-driven-delivery\contexts\stories\story_model
2026-07-20T01:57:40Z [post] skip  C:\dev\abd-context-driven-delivery\contexts\stories\scanners\scenarios_no_inline_examples_scanner.py
2026-07-20T01:57:41Z [pre ] skip  C:\dev\abd-context-driven-delivery\contexts\stories\scanners\scenarios_no_inline_examples_scanner.py
2026-07-20T01:57:42Z [post] skip  C:\dev\abd-context-driven-delivery\contexts\stories\scanners\scenarios_no_inline_examples_scanner.py
2026-07-20T01:57:43Z [post] skip  C:\dev\abd-context-driven-delivery\contexts\stories\scanners\scenarios_no_inline_examples_scanner.py
2026-07-20T01:57:44Z [pre ] skip  C:\dev\abd-context-driven-delivery\contexts\stories\scanners\scenario_outline_structure_scanner.py
2026-07-20T01:57:45Z [pre ] skip  C:\dev\abd-context-driven-delivery\contexts\stories\scanners\scenarios_no_inline_examples_scanner.py
2026-07-20T01:57:45Z [read] skip  C:\dev\abd-context-driven-delivery\contexts\stories\scanners\scenario_outline_structure_scanner.py
2026-07-20T01:57:46Z [post] skip  C:\dev\abd-context-driven-delivery\contexts\stories\scanners\scenarios_no_inline_examples_scanner.py
2026-07-20T01:57:46Z [post] skip  C:\dev\abd-context-driven-delivery\contexts\stories\scanners\scenario_outline_structure_scanner.py
2026-07-20T01:57:47Z [post] skip  C:\dev\abd-context-driven-delivery\contexts\stories\scanners\scenarios_no_inline_examples_scanner.py
2026-07-20T01:57:47Z [pre ] skip  C:\dev\abd-context-driven-delivery\contexts\stories\scanners\scenario_outline_structure_scanner.py
2026-07-20T01:57:48Z [post] skip  C:\dev\abd-context-driven-delivery\contexts\stories\scanners\scenario_outline_structure_scanner.py
2026-07-20T01:57:48Z [pre ] skip  C:\dev\abd-context-driven-delivery\contexts\stories\templates\py\{epic-verb-noun}\{sub-epic-verb-noun}\{lowest-sub-epic}\{lowest_sub_epic}_stories.py
2026-07-20T01:57:49Z [post] skip  C:\dev\abd-context-driven-delivery\contexts\stories\scanners\scenario_outline_structure_scanner.py
2026-07-20T01:57:49Z [read] skip  C:\dev\abd-context-driven-delivery\contexts\stories\templates\py\{epic-verb-noun}\{sub-epic-verb-noun}\{lowest-sub-epic}\{lowest_sub_epic}_stories.py
2026-07-20T01:57:50Z [post] skip  C:\dev\abd-context-driven-delivery\contexts\stories\templates\py\{epic-verb-noun}\{sub-epic-verb-noun}\{lowest-sub-epic}\{lowest_sub_epic}_stories.py
2026-07-20T01:57:51Z [pre ] skip  C:\dev\abd-context-driven-delivery\contexts\stories\templates\py\{epic-verb-noun}\{sub-epic-verb-noun}\{lowest-sub-epic}\{lowest_sub_epic}_stories.py
2026-07-20T01:57:52Z [post] skip  C:\dev\abd-context-driven-delivery\contexts\stories\templates\py\{epic-verb-noun}\{sub-epic-verb-noun}\{lowest-sub-epic}\{lowest_sub_epic}_stories.py
2026-07-20T01:57:53Z [post] skip  C:\dev\abd-context-driven-delivery\contexts\stories\templates\py\{epic-verb-noun}\{sub-epic-verb-noun}\{lowest-sub-epic}\{lowest_sub_epic}_stories.py
2026-07-20T01:57:57Z [pre ] skip  C:\dev\abd-context-driven-delivery\contexts\stories\code\example_factories_spec.py
2026-07-20T01:57:58Z [post] skip  C:\dev\abd-context-driven-delivery\contexts\stories\code\example_factories_spec.py
2026-07-20T01:57:58Z [post] skip  C:\dev\abd-context-driven-delivery\contexts\stories\scanners
2026-07-20T01:58:06Z [post] skip  C:\dev\abd-context-driven-delivery\contexts\stories
2026-07-20T01:58:46Z [pre ] skip  C:\dev\abd-context-driven-delivery\contexts\stories\code\javascript\javascript_story_map.py
2026-07-20T01:58:47Z [post] skip  C:\dev\abd-context-driven-delivery\contexts\stories\code\javascript\javascript_story_map.py
2026-07-20T01:58:48Z [post] skip  C:\dev\abd-context-driven-delivery\contexts\stories\code\javascript\javascript_story_map.py
2026-07-20T01:59:03Z [pre ] skip  C:\dev\abd-context-driven-delivery\contexts\stories\code\javascript\example_factories.py
2026-07-20T01:59:05Z [post] skip  C:\dev\abd-context-driven-delivery\contexts\stories\code\javascript\example_factories.py
2026-07-20T01:59:06Z [post] skip  C:\dev\abd-context-driven-delivery\contexts\stories\code\javascript\example_factories.py
2026-07-20T02:03:26Z [post] skip  C:\dev\abd-context-driven-delivery\contexts\stories
2026-07-20T02:03:26Z [post] skip  C:\dev\abd-context-driven-delivery\sandbox\play-core-mechanics
2026-07-20T02:03:33Z [pre ] skip  C:\dev\abd-context-driven-delivery\contexts\stories\stories.md
2026-07-20T02:03:34Z [post] skip  C:\dev\abd-context-driven-delivery\contexts\stories\stories.md
2026-07-20T02:03:35Z [post] skip  C:\dev\abd-context-driven-delivery\contexts\stories\stories.md
2026-07-20T02:03:36Z [pre ] skip  C:\dev\abd-context-driven-delivery\contexts\stories\stories.md
2026-07-20T02:03:37Z [post] skip  C:\dev\abd-context-driven-delivery\contexts\stories\stories.md
2026-07-20T02:03:38Z [post] skip  C:\dev\abd-context-driven-delivery\contexts\stories\stories.md
2026-07-20T02:03:40Z [pre ] skip  C:\dev\abd-context-driven-delivery\contexts\stories\stories.md
2026-07-20T02:03:41Z [post] skip  C:\dev\abd-context-driven-delivery\contexts\stories\stories.md
2026-07-20T02:03:42Z [pre ] skip  C:\dev\abd-context-driven-delivery\contexts\stories\code\javascript\tier_scaffold.py
2026-07-20T02:03:42Z [post] skip  C:\dev\abd-context-driven-delivery\contexts\stories\stories.md
2026-07-20T02:03:43Z [post] skip  C:\dev\abd-context-driven-delivery\contexts\stories\code\javascript\tier_scaffold.py
2026-07-20T02:03:44Z [pre ] skip  C:\dev\abd-context-driven-delivery\contexts\stories\stories.md
2026-07-20T02:03:44Z [post] skip  C:\dev\abd-context-driven-delivery\contexts\stories\code\javascript\tier_scaffold.py
2026-07-20T02:03:45Z [post] skip  C:\dev\abd-context-driven-delivery\contexts\stories\stories.md
2026-07-20T02:03:46Z [pre ] skip  C:\dev\abd-context-driven-delivery\contexts\stories\code\javascript\tier_scaffold.py
2026-07-20T02:03:46Z [post] skip  C:\dev\abd-context-driven-delivery\contexts\stories\stories.md
2026-07-20T02:03:46Z [pre ] skip  C:\dev\abd-context-driven-delivery\contexts\stories\.context\architecture-context.md
2026-07-20T02:03:47Z [post] skip  C:\dev\abd-context-driven-delivery\contexts\stories\code\javascript\tier_scaffold.py
2026-07-20T02:03:47Z [post] skip  C:\dev\abd-context-driven-delivery\contexts\stories\.context\architecture-context.md
2026-07-20T02:03:47Z [pre ] skip  C:\dev\abd-context-driven-delivery\contexts\stories\code\javascript\javascript_story_map.py
2026-07-20T02:03:48Z [post] skip  C:\dev\abd-context-driven-delivery\contexts\stories\code\javascript\tier_scaffold.py
2026-07-20T02:03:48Z [post] skip  C:\dev\abd-context-driven-delivery\contexts\stories\.context\architecture-context.md
2026-07-20T02:03:49Z [pre ] skip  C:\dev\abd-context-driven-delivery\contexts\stories\code\javascript\story_file.py
2026-07-20T02:03:49Z [post] skip  C:\dev\abd-context-driven-delivery\contexts\stories\code\javascript\javascript_story_map.py
2026-07-20T02:03:49Z [pre ] skip  C:\dev\abd-context-driven-delivery\contexts\stories\templates\js\{epic-verb-noun}\{sub-epic-verb-noun}\{story-verb-noun}\{story_verb_noun}_story.js
2026-07-20T02:03:50Z [post] skip  C:\dev\abd-context-driven-delivery\contexts\stories\code\javascript\javascript_story_map.py
2026-07-20T02:03:50Z [post] skip  C:\dev\abd-context-driven-delivery\contexts\stories\code\javascript\story_file.py
2026-07-20T02:03:51Z [pre ] skip  C:\dev\abd-context-driven-delivery\sandbox\play-core-mechanics\manage-character-sheet\create-character\create_character_spec.isolated.js
2026-07-20T02:03:51Z [post] skip  C:\dev\abd-context-driven-delivery\contexts\stories\templates\js\{epic-verb-noun}\{sub-epic-verb-noun}\{story-verb-noun}\{story_verb_noun}_story.js
2026-07-20T02:03:51Z [post] skip  C:\dev\abd-context-driven-delivery\contexts\stories\code\javascript\story_file.py
2026-07-20T02:03:51Z [read] skip  C:\dev\abd-context-driven-delivery\sandbox\play-core-mechanics\manage-character-sheet\create-character\create_character_spec.isolated.js
2026-07-20T02:03:52Z [post] skip  C:\dev\abd-context-driven-delivery\contexts\stories\templates\js\{epic-verb-noun}\{sub-epic-verb-noun}\{story-verb-noun}\{story_verb_noun}_story.js
2026-07-20T02:03:52Z [post] skip  C:\dev\abd-context-driven-delivery\sandbox\play-core-mechanics\manage-character-sheet\create-character\create_character_spec.isolated.js
2026-07-20T02:04:20Z [post] skip  C:\dev\abd-context-driven-delivery\contexts\stories\templates\js\{epic-verb-noun}\{sub-epic-verb-noun}\{story-verb-noun}\{story_verb_noun}_spec.js
2026-07-20T02:04:21Z [pre ] skip  C:\dev\abd-context-driven-delivery\contexts\stories\templates\js\{epic-verb-noun}\{sub-epic-verb-noun}\{story-verb-noun}\{story_verb_noun}_spec.isolated.js
2026-07-20T02:04:21Z [post] skip  C:\dev\abd-context-driven-delivery\contexts\stories\templates\js\{epic-verb-noun}\{sub-epic-verb-noun}\{story-verb-noun}\{story_verb_noun}_spec.js
2026-07-20T02:04:21Z [post] skip  C:\dev\abd-context-driven-delivery\contexts\stories\templates\js\{epic-verb-noun}\{sub-epic-verb-noun}\{story-verb-noun}\{story_verb_noun}_spec.production.js
2026-07-20T02:04:22Z [pre ] skip  C:\dev\abd-context-driven-delivery\contexts\stories\templates\py\{epic-verb-noun}\{sub-epic-verb-noun}\{story-verb-noun}\{story_verb_noun}_story.py
2026-07-20T02:04:22Z [post] skip  C:\dev\abd-context-driven-delivery\contexts\stories\templates\js\{epic-verb-noun}\{sub-epic-verb-noun}\{story-verb-noun}\{story_verb_noun}_spec.isolated.js
2026-07-20T02:04:22Z [post] skip  C:\dev\abd-context-driven-delivery\contexts\stories\templates\js\{epic-verb-noun}\{sub-epic-verb-noun}\{story-verb-noun}\{story_verb_noun}_spec.production.js
2026-07-20T02:04:23Z [post] skip  C:\dev\abd-context-driven-delivery\contexts\stories\templates\py\{epic-verb-noun}\{sub-epic-verb-noun}\{story-verb-noun}\{story_verb_noun}_story.py
2026-07-20T02:04:23Z [post] skip  C:\dev\abd-context-driven-delivery\contexts\stories\templates\py\{epic-verb-noun}\{sub-epic-verb-noun}\{story-verb-noun}\{story_verb_noun}_spec.py
2026-07-20T02:04:24Z [post] skip  C:\dev\abd-context-driven-delivery\contexts\stories\templates\py\{epic-verb-noun}\{sub-epic-verb-noun}\{story-verb-noun}\{story_verb_noun}_story.py
2026-07-20T02:04:24Z [post] skip  C:\dev\abd-context-driven-delivery\contexts\stories\templates\py\{epic-verb-noun}\{sub-epic-verb-noun}\{story-verb-noun}\{story_verb_noun}_spec.py
2026-07-20T02:04:25Z [pre ] skip  C:\dev\abd-context-driven-delivery\sandbox\play-core-mechanics\manage-character-sheet\create-character\create_character_spec.isolated.js
2026-07-20T02:04:25Z [post] skip  C:\dev\abd-context-driven-delivery\sandbox\play-core-mechanics\manage-character-sheet\create-character\create_character_spec.js
2026-07-20T02:04:25Z [pre ] skip  C:\dev\abd-context-driven-delivery\sandbox\play-core-mechanics\manage-character-sheet\update-ability-rank\update_ability_rank_spec.isolated.js
2026-07-20T02:04:26Z [post] skip  C:\dev\abd-context-driven-delivery\sandbox\play-core-mechanics\manage-character-sheet\create-character\create_character_spec.isolated.js
2026-07-20T02:04:26Z [pre ] skip  C:\dev\abd-context-driven-delivery\sandbox\play-core-mechanics\manage-character-sheet\create-character\create_character_story.js
2026-07-20T02:04:27Z [post] skip  C:\dev\abd-context-driven-delivery\sandbox\play-core-mechanics\manage-character-sheet\create-character\create_character_spec.js
2026-07-20T02:04:27Z [pre ] skip  C:\dev\abd-context-driven-delivery\sandbox\play-core-mechanics\manage-character-sheet\update-ability-rank\update_ability_rank_story.js
2026-07-20T02:04:27Z [post] skip  C:\dev\abd-context-driven-delivery\sandbox\play-core-mechanics\manage-character-sheet\update-ability-rank\update_ability_rank_spec.isolated.js
2026-07-20T02:04:27Z [post] skip  C:\dev\abd-context-driven-delivery\sandbox\play-core-mechanics\manage-character-sheet\update-ability-rank\update_ability_rank_spec.js
2026-07-20T02:04:28Z [post] skip  C:\dev\abd-context-driven-delivery\sandbox\play-core-mechanics\manage-character-sheet\create-character\create_character_story.js
2026-07-20T02:04:28Z [read] skip  C:\dev\abd-context-driven-delivery\sandbox\play-core-mechanics\manage-character-sheet\update-ability-rank\update_ability_rank_story.js
2026-07-20T02:04:28Z [post] skip  C:\dev\abd-context-driven-delivery\sandbox\play-core-mechanics\manage-character-sheet\update-ability-rank\update_ability_rank_spec.js
2026-07-20T02:04:29Z [post] skip  C:\dev\abd-context-driven-delivery\sandbox\play-core-mechanics\manage-character-sheet\create-character\create_character_story.js
2026-07-20T02:04:29Z [post] skip  C:\dev\abd-context-driven-delivery\sandbox\play-core-mechanics\manage-character-sheet\update-ability-rank\update_ability_rank_story.js
2026-07-20T02:04:29Z [pre ] skip  C:\dev\abd-context-driven-delivery\sandbox\play-core-mechanics\manage-character-sheet\story-context.md
2026-07-20T02:04:30Z [post] skip  C:\dev\abd-context-driven-delivery\sandbox\play-core-mechanics\manage-character-sheet\story-context.md
2026-07-20T02:04:30Z [pre ] skip  C:\dev\abd-context-driven-delivery\sandbox\play-core-mechanics\manage-character-sheet\update-ability-rank\update_ability_rank_story.js
2026-07-20T02:04:31Z [post] skip  C:\dev\abd-context-driven-delivery\sandbox\play-core-mechanics\manage-character-sheet\story-context.md
2026-07-20T02:04:31Z [post] skip  C:\dev\abd-context-driven-delivery\sandbox\play-core-mechanics\manage-character-sheet\update-ability-rank\update_ability_rank_story.js
2026-07-20T02:04:32Z [post] skip  C:\dev\abd-context-driven-delivery\sandbox\play-core-mechanics\manage-character-sheet\update-ability-rank\update_ability_rank_story.js
2026-07-20T02:04:53Z [post] skip  C:\dev\abd-context-driven-delivery\contexts\stories
2026-07-20T02:04:53Z [post] skip  C:\dev\abd-context-driven-delivery
2026-07-20T02:04:56Z [pre ] skip  C:\dev\abd-context-driven-delivery\utilities\record_decisions\CDR-FORMAT.md
2026-07-20T02:04:57Z [read] skip  C:\dev\abd-context-driven-delivery\utilities\record_decisions\CDR-FORMAT.md
2026-07-20T02:04:58Z [post] skip  C:\dev\abd-context-driven-delivery\utilities\record_decisions\CDR-FORMAT.md
2026-07-20T02:10:36Z [pre ] skip  C:\dev\abd-context-driven-delivery\contexts\stories\.context\cdr\0001-runnable-story-files-over-pure-data.md
2026-07-20T02:10:37Z [read] skip  C:\dev\abd-context-driven-delivery\contexts\stories\.context\cdr\0001-runnable-story-files-over-pure-data.md
2026-07-20T02:10:38Z [post] skip  C:\dev\abd-context-driven-delivery\contexts\stories\.context\cdr\0001-runnable-story-files-over-pure-data.md
2026-07-20T02:10:39Z [post] skip  C:\dev\abd-context-driven-delivery\contexts\stories\code
2026-07-20T02:10:40Z [post] skip  C:\dev\abd-context-driven-delivery\contexts\stories\code
2026-07-20T02:10:40Z [post] skip  C:\dev\abd-context-driven-delivery\contexts\stories\code
2026-07-20T02:10:41Z [post] skip  C:\dev\abd-context-driven-delivery\contexts\stories\document
2026-07-20T02:10:41Z [post] skip  C:\dev\abd-context-driven-delivery\contexts\stories\document
2026-07-20T02:10:42Z [post] skip  C:\dev\abd-context-driven-delivery\contexts\stories\document
2026-07-20T02:10:43Z [pre ] skip  C:\dev\abd-context-driven-delivery\contexts\stories\code\python\tree.py
2026-07-20T02:10:43Z [pre ] skip  C:\dev\abd-context-driven-delivery\contexts\stories\code\python\spec_file.py
2026-07-20T02:10:43Z [pre ] skip  C:\dev\abd-context-driven-delivery\contexts\stories\code\typescript\tree.py
2026-07-20T02:10:43Z [pre ] skip  C:\dev\abd-context-driven-delivery\contexts\stories\code\typescript\spec_file.py
2026-07-20T02:10:43Z [pre ] skip  C:\dev\abd-context-driven-delivery\contexts\stories\code\java\tree.py
2026-07-20T02:10:43Z [pre ] skip  C:\dev\abd-context-driven-delivery\contexts\stories\code\java\spec_file.py
2026-07-20T02:10:44Z [read] skip  C:\dev\abd-context-driven-delivery\contexts\stories\code\python\tree.py
2026-07-20T02:10:44Z [read] skip  C:\dev\abd-context-driven-delivery\contexts\stories\code\python\spec_file.py
2026-07-20T02:10:44Z [read] skip  C:\dev\abd-context-driven-delivery\contexts\stories\code\typescript\tree.py
2026-07-20T02:10:44Z [read] skip  C:\dev\abd-context-driven-delivery\contexts\stories\code\typescript\spec_file.py
2026-07-20T02:10:44Z [read] skip  C:\dev\abd-context-driven-delivery\contexts\stories\code\java\tree.py
2026-07-20T02:10:44Z [read] skip  C:\dev\abd-context-driven-delivery\contexts\stories\code\java\spec_file.py
2026-07-20T02:10:45Z [post] skip  C:\dev\abd-context-driven-delivery\contexts\stories\code\python\tree.py
2026-07-20T02:10:45Z [post] skip  C:\dev\abd-context-driven-delivery\contexts\stories\code\python\spec_file.py
2026-07-20T02:10:45Z [post] skip  C:\dev\abd-context-driven-delivery\contexts\stories\code\typescript\tree.py
2026-07-20T02:10:45Z [post] skip  C:\dev\abd-context-driven-delivery\contexts\stories\code\typescript\spec_file.py
2026-07-20T02:10:46Z [post] skip  C:\dev\abd-context-driven-delivery\contexts\stories\code\java\tree.py
2026-07-20T02:10:46Z [post] skip  C:\dev\abd-context-driven-delivery\contexts\stories\code\java\spec_file.py
2026-07-20T02:10:46Z [pre ] skip  C:\dev\abd-context-driven-delivery\contexts\stories\document\markdown\example_factories.py
2026-07-20T02:10:46Z [pre ] skip  C:\dev\abd-context-driven-delivery\contexts\stories\document\markdown\markdown_story_map_spec.py
2026-07-20T02:10:46Z [pre ] skip  C:\dev\abd-context-driven-delivery\contexts\stories\document\architecture-context.md
2026-07-20T02:10:46Z [pre ] skip  C:\dev\abd-context-driven-delivery\contexts\stories\document\json\json_story_map_spec.py
2026-07-20T02:10:47Z [read] skip  C:\dev\abd-context-driven-delivery\contexts\stories\document\markdown\example_factories.py
2026-07-20T02:10:47Z [read] skip  C:\dev\abd-context-driven-delivery\contexts\stories\document\markdown\markdown_story_map_spec.py
2026-07-20T02:10:47Z [read] skip  C:\dev\abd-context-driven-delivery\contexts\stories\document\architecture-context.md
2026-07-20T02:10:47Z [read] skip  C:\dev\abd-context-driven-delivery\contexts\stories\document\json\json_story_map_spec.py
2026-07-20T02:10:47Z [post] skip  C:\dev\abd-context-driven-delivery\contexts\stories\document
2026-07-20T02:10:48Z [post] skip  C:\dev\abd-context-driven-delivery\contexts\stories\document\markdown\markdown_story_map_spec.py
2026-07-20T02:10:48Z [post] skip  C:\dev\abd-context-driven-delivery\contexts\stories\document\markdown\example_factories.py
2026-07-20T02:10:49Z [post] skip  C:\dev\abd-context-driven-delivery\contexts\stories\document\architecture-context.md
2026-07-20T02:10:49Z [post] skip  C:\dev\abd-context-driven-delivery\contexts\stories\document\json\json_story_map_spec.py
2026-07-20T02:10:49Z [pre ] skip  C:\dev\abd-context-driven-delivery\contexts\stories\code\python\tier_scaffold.py
2026-07-20T02:10:49Z [pre ] skip  C:\dev\abd-context-driven-delivery\contexts\stories\code\java\tier_scaffold.py
2026-07-20T02:10:49Z [pre ] skip  C:\dev\abd-context-driven-delivery\contexts\stories\code\typescript\tier_scaffold.py
2026-07-20T02:10:49Z [pre ] skip  C:\dev\abd-context-driven-delivery\contexts\stories\code\python\python_story_map.py
2026-07-20T02:10:50Z [read] skip  C:\dev\abd-context-driven-delivery\contexts\stories\code\python\tier_scaffold.py
2026-07-20T02:10:50Z [read] skip  C:\dev\abd-context-driven-delivery\contexts\stories\code\java\tier_scaffold.py
2026-07-20T02:10:50Z [read] skip  C:\dev\abd-context-driven-delivery\contexts\stories\code\typescript\tier_scaffold.py
2026-07-20T02:10:50Z [read] skip  C:\dev\abd-context-driven-delivery\contexts\stories\code\python\python_story_map.py
2026-07-20T02:10:51Z [post] skip  C:\dev\abd-context-driven-delivery\contexts\stories\code
2026-07-20T02:10:51Z [post] skip  C:\dev\abd-context-driven-delivery\contexts\stories
2026-07-20T02:10:51Z [post] skip  C:\dev\abd-context-driven-delivery\contexts\stories\code\python\tier_scaffold.py
2026-07-20T02:10:51Z [post] skip  C:\dev\abd-context-driven-delivery\contexts\stories\code\java\tier_scaffold.py
2026-07-20T02:10:51Z [post] skip  C:\dev\abd-context-driven-delivery\contexts\stories\code\typescript\tier_scaffold.py
2026-07-20T02:10:52Z [post] skip  C:\dev\abd-context-driven-delivery\contexts\stories\code\python\python_story_map.py
2026-07-20T02:10:52Z [pre ] skip  C:\dev\abd-context-driven-delivery\contexts\stories\document\markdown\nodes.py
2026-07-20T02:10:52Z [pre ] skip  C:\dev\abd-context-driven-delivery\contexts\stories\document\markdown\tree.py
2026-07-20T02:10:52Z [pre ] skip  C:\dev\abd-context-driven-delivery\contexts\stories\document\json\nodes.py
2026-07-20T02:10:53Z [read] skip  C:\dev\abd-context-driven-delivery\contexts\stories\document\markdown\nodes.py
2026-07-20T02:10:53Z [read] skip  C:\dev\abd-context-driven-delivery\contexts\stories\document\markdown\tree.py
2026-07-20T02:10:53Z [read] skip  C:\dev\abd-context-driven-delivery\contexts\stories\document\json\nodes.py
2026-07-20T02:10:54Z [post] skip  C:\dev\abd-context-driven-delivery\contexts\stories
2026-07-20T02:10:54Z [post] skip  C:\dev\abd-context-driven-delivery\contexts\stories
2026-07-20T02:10:54Z [post] skip  C:\dev\abd-context-driven-delivery\contexts\stories\document\markdown\nodes.py
2026-07-20T02:10:54Z [post] skip  C:\dev\abd-context-driven-delivery\contexts\stories\document\markdown\tree.py
2026-07-20T02:10:54Z [post] skip  C:\dev\abd-context-driven-delivery\contexts\stories\document\json\nodes.py
2026-07-20T02:10:56Z [pre ] skip  C:\dev\abd-context-driven-delivery\contexts\stories\code\typescript\typescript_story_map.py
2026-07-20T02:10:56Z [pre ] skip  C:\dev\abd-context-driven-delivery\contexts\stories\code\typescript\typescript_story_map_spec.py
2026-07-20T02:10:56Z [pre ] skip  C:\dev\abd-context-driven-delivery\contexts\stories\code\code_story_map.py
2026-07-20T02:10:56Z [pre ] skip  C:\dev\abd-context-driven-delivery\contexts\stories\code\java\java_story_map.py
2026-07-20T02:10:56Z [pre ] skip  C:\dev\abd-context-driven-delivery\contexts\stories\code\javascript\seeds\story-runner.js
2026-07-20T02:10:56Z [pre ] skip  C:\dev\abd-context-driven-delivery\contexts\stories\code\python\python_story_map_spec.py
2026-07-20T02:10:56Z [pre ] skip  C:\dev\abd-context-driven-delivery\contexts\stories\templates\py\story_runner.py
2026-07-20T02:10:57Z [read] skip  C:\dev\abd-context-driven-delivery\contexts\stories\code\typescript\typescript_story_map.py
2026-07-20T02:10:57Z [read] skip  C:\dev\abd-context-driven-delivery\contexts\stories\code\typescript\typescript_story_map_spec.py
2026-07-20T02:10:57Z [read] skip  C:\dev\abd-context-driven-delivery\contexts\stories\code\java\java_story_map.py
2026-07-20T02:10:57Z [read] skip  C:\dev\abd-context-driven-delivery\contexts\stories\code\code_story_map.py
2026-07-20T02:10:57Z [read] skip  C:\dev\abd-context-driven-delivery\contexts\stories\code\python\python_story_map_spec.py
2026-07-20T02:10:57Z [read] skip  C:\dev\abd-context-driven-delivery\contexts\stories\templates\py\story_runner.py
2026-07-20T02:10:57Z [read] skip  C:\dev\abd-context-driven-delivery\contexts\stories\code\javascript\seeds\story-runner.js
2026-07-20T02:10:58Z [post] skip  C:\dev\abd-context-driven-delivery\contexts\stories\code\typescript\typescript_story_map.py
2026-07-20T02:10:58Z [post] skip  C:\dev\abd-context-driven-delivery\contexts\stories\code\typescript\typescript_story_map_spec.py
2026-07-20T02:10:58Z [post] skip  C:\dev\abd-context-driven-delivery\contexts\stories\code\code_story_map.py
2026-07-20T02:10:58Z [post] skip  C:\dev\abd-context-driven-delivery\contexts\stories\code\java\java_story_map.py
2026-07-20T02:10:58Z [post] skip  C:\dev\abd-context-driven-delivery\contexts\stories\code\python\python_story_map_spec.py
2026-07-20T02:10:58Z [post] skip  C:\dev\abd-context-driven-delivery\contexts\stories\code\javascript\seeds\story-runner.js
2026-07-20T02:10:58Z [post] skip  C:\dev\abd-context-driven-delivery\contexts\stories\templates\py\story_runner.py
2026-07-20T02:11:00Z [pre ] skip  C:\dev\abd-context-driven-delivery\contexts\stories\document\__init__.py
2026-07-20T02:11:00Z [pre ] skip  C:\dev\abd-context-driven-delivery\contexts\stories\document\markdown\__init__.py
2026-07-20T02:11:00Z [pre ] skip  C:\dev\abd-context-driven-delivery\contexts\stories\document\json\__init__.py
2026-07-20T02:11:01Z [pre ] skip  C:\dev\abd-context-driven-delivery\contexts\stories\.context\cdr\0001-runnable-story-files-over-pure-data.md
2026-07-20T02:11:01Z [read] skip  C:\dev\abd-context-driven-delivery\contexts\stories\document\__init__.py
2026-07-20T02:11:01Z [post] skip  C:\dev\abd-context-driven-delivery\contexts\stories
2026-07-20T02:11:01Z [post] skip  C:\dev\abd-context-driven-delivery\contexts\stories\document
2026-07-20T02:11:01Z [read] skip  C:\dev\abd-context-driven-delivery\contexts\stories\document\markdown\__init__.py
2026-07-20T02:11:01Z [read] skip  C:\dev\abd-context-driven-delivery\contexts\stories\document\json\__init__.py
2026-07-20T02:11:02Z [post] skip  C:\dev\abd-context-driven-delivery\contexts\stories\story_model
2026-07-20T02:11:02Z [read] skip  C:\dev\abd-context-driven-delivery\contexts\stories\.context\cdr\0001-runnable-story-files-over-pure-data.md
2026-07-20T02:11:02Z [post] skip  C:\dev\abd-context-driven-delivery\contexts\stories\document\__init__.py
2026-07-20T02:11:02Z [post] skip  C:\dev\abd-context-driven-delivery\contexts\stories\document\markdown\__init__.py
2026-07-20T02:11:03Z [post] skip  C:\dev\abd-context-driven-delivery\contexts\stories\document\json\__init__.py
2026-07-20T02:11:04Z [post] skip  C:\dev\abd-context-driven-delivery\contexts\stories\.context\cdr\0001-runnable-story-files-over-pure-data.md
2026-07-20T02:11:04Z [pre ] skip  C:\dev\abd-context-driven-delivery\contexts\stories\code\java\java_story_map_spec.py
2026-07-20T02:11:04Z [pre ] skip  C:\dev\abd-context-driven-delivery\contexts\stories\code\python\nodes.py
2026-07-20T02:11:04Z [pre ] skip  C:\dev\abd-context-driven-delivery\contexts\stories\code\example_factories.py
2026-07-20T02:11:04Z [pre ] skip  C:\dev\abd-context-driven-delivery\contexts\stories\code\example_factories_spec.py
2026-07-20T02:11:04Z [pre ] skip  C:\dev\abd-context-driven-delivery\contexts\stories\code\javascript\nodes.py
2026-07-20T02:11:04Z [pre ] skip  C:\dev\abd-context-driven-delivery\contexts\stories\code\step_body.py
2026-07-20T02:11:05Z [read] skip  C:\dev\abd-context-driven-delivery\contexts\stories\code\java\java_story_map_spec.py
2026-07-20T02:11:05Z [read] skip  C:\dev\abd-context-driven-delivery\contexts\stories\code\python\nodes.py
2026-07-20T02:11:05Z [read] skip  C:\dev\abd-context-driven-delivery\contexts\stories\code\example_factories.py
2026-07-20T02:11:05Z [read] skip  C:\dev\abd-context-driven-delivery\contexts\stories\code\example_factories_spec.py
2026-07-20T02:11:05Z [read] skip  C:\dev\abd-context-driven-delivery\contexts\stories\code\javascript\nodes.py
2026-07-20T02:11:06Z [read] skip  C:\dev\abd-context-driven-delivery\contexts\stories\code\step_body.py
2026-07-20T02:11:06Z [post] skip  C:\dev\abd-context-driven-delivery
2026-07-20T02:11:07Z [post] skip  C:\dev\abd-context-driven-delivery\contexts\stories\code\java\java_story_map_spec.py
2026-07-20T02:11:07Z [post] skip  C:\dev\abd-context-driven-delivery\contexts\stories\code\example_factories.py
2026-07-20T02:11:07Z [post] skip  C:\dev\abd-context-driven-delivery\contexts\stories\code\example_factories_spec.py
2026-07-20T02:11:07Z [post] skip  C:\dev\abd-context-driven-delivery\contexts\stories\code\python\nodes.py
2026-07-20T02:11:07Z [post] skip  C:\dev\abd-context-driven-delivery\contexts\stories\code\javascript\nodes.py
2026-07-20T02:11:07Z [pre ] skip  C:\dev\abd-context-driven-delivery\contexts\stories\story_model\scenario.py
2026-07-20T02:11:07Z [post] skip  C:\dev\abd-context-driven-delivery\contexts\stories\code\step_body.py
2026-07-20T02:11:09Z [read] skip  C:\dev\abd-context-driven-delivery\contexts\stories\story_model\scenario.py
2026-07-20T02:11:09Z [post] skip  C:\dev\abd-context-driven-delivery\contexts\stories
2026-07-20T02:11:09Z [post] skip  C:\dev\abd-context-driven-delivery\contexts\stories\document
2026-07-20T02:11:10Z [post] skip  C:\dev\abd-context-driven-delivery\contexts\stories\story_model\scenario.py
2026-07-20T02:11:12Z [pre ] skip  C:\dev\abd-context-driven-delivery\contexts\stories\.context\architecture-context.md
2026-07-20T02:11:12Z [pre ] skip  C:\dev\abd-context-driven-delivery\contexts\ux\scripts\emit_story_javascript.py
2026-07-20T02:11:12Z [pre ] skip  C:\dev\abd-context-driven-delivery\contexts\stories\code\code_story_map_spec.py
2026-07-20T02:11:12Z [pre ] skip  C:\dev\abd-context-driven-delivery\contexts\stories\code\architecture_context.py
2026-07-20T02:11:13Z [post] skip  C:\dev\abd-context-driven-delivery
2026-07-20T02:11:13Z [post] skip  C:\dev\abd-context-driven-delivery\contexts\stories\code
2026-07-20T02:11:13Z [post] skip  C:\dev\abd-context-driven-delivery\contexts\stories\.context\architecture-context.md
2026-07-20T02:11:13Z [read] skip  C:\dev\abd-context-driven-delivery\contexts\ux\scripts\emit_story_javascript.py
2026-07-20T02:11:13Z [read] skip  C:\dev\abd-context-driven-delivery\contexts\stories\code\code_story_map_spec.py
2026-07-20T02:11:13Z [read] skip  C:\dev\abd-context-driven-delivery\contexts\stories\code\architecture_context.py
2026-07-20T02:11:14Z [post] skip  C:\dev\abd-context-driven-delivery\contexts\ux\scripts\emit_story_javascript.py
2026-07-20T02:11:14Z [post] skip  C:\dev\abd-context-driven-delivery\contexts\stories\code\code_story_map_spec.py
2026-07-20T02:11:14Z [post] skip  C:\dev\abd-context-driven-delivery\contexts\stories\code\architecture_context.py
2026-07-20T02:11:20Z [pre ] skip  C:\dev\abd-context-driven-delivery\contexts\stories\code\example_factories.py
2026-07-20T02:11:20Z [pre ] skip  C:\dev\abd-context-driven-delivery\contexts\stories\examples\md\scenario-outline.md
2026-07-20T02:11:22Z [post] skip  C:\dev\abd-context-driven-delivery\contexts\stories
2026-07-20T02:11:22Z [pre ] skip  C:\dev\abd-context-driven-delivery\contexts\stories\code\typescript\seeds\story-types.ts
2026-07-20T02:11:23Z [read] skip  C:\dev\abd-context-driven-delivery\contexts\stories\code\example_factories.py
2026-07-20T02:11:23Z [pre ] skip  C:\dev\abd-context-driven-delivery\contexts\stories\code\java\seeds\StoryTypes.java
2026-07-20T02:11:23Z [post] skip  C:\dev\abd-context-driven-delivery\contexts\stories\document
2026-07-20T02:11:23Z [read] skip  C:\dev\abd-context-driven-delivery\contexts\stories\examples\md\scenario-outline.md
2026-07-20T02:11:23Z [post] skip  C:\dev\abd-context-driven-delivery\contexts\stories\document
2026-07-20T02:11:23Z [post] skip  C:\dev\abd-context-driven-delivery\contexts\stories\examples\md
2026-07-20T02:11:23Z [pre ] skip  C:\dev\abd-context-driven-delivery\contexts\stories\code\__init__.py
2026-07-20T02:11:24Z [post] skip  C:\dev\abd-context-driven-delivery\contexts\stories\code
2026-07-20T02:11:24Z [post] skip  C:\dev\abd-context-driven-delivery
2026-07-20T02:11:24Z [pre ] FIRED  C:\dev\abd-context-driven-delivery\contexts\stories\stories.py  — 4 manifest line(s)
2026-07-20T02:11:24Z [post] skip  C:\dev\abd-context-driven-delivery\contexts\stories\code\example_factories.py
2026-07-20T02:11:25Z [read] skip  C:\dev\abd-context-driven-delivery\contexts\stories\code\typescript\seeds\story-types.ts
2026-07-20T02:11:25Z [read] skip  C:\dev\abd-context-driven-delivery\contexts\stories\code\java\seeds\StoryTypes.java
2026-07-20T02:11:25Z [post] skip  C:\dev\abd-context-driven-delivery\contexts\stories\examples\md\scenario-outline.md
2026-07-20T02:11:25Z [read] skip  C:\dev\abd-context-driven-delivery\contexts\stories\code\__init__.py
2026-07-20T02:11:26Z [post] skip  C:\dev\abd-context-driven-delivery\contexts\stories\code\typescript
2026-07-20T02:11:26Z [post] skip  C:\dev\abd-context-driven-delivery\contexts\stories\templates
2026-07-20T02:11:26Z [post] skip  C:\dev\abd-context-driven-delivery\contexts\stories\code\java\seeds\StoryTypes.java
2026-07-20T02:11:26Z [post] skip  C:\dev\abd-context-driven-delivery\contexts\stories\code\typescript\seeds\story-types.ts
2026-07-20T02:11:26Z [read] FIRED  C:\dev\abd-context-driven-delivery\contexts\stories\stories.py  — 4 manifest line(s)
2026-07-20T02:11:26Z [post] skip  C:\dev\abd-context-driven-delivery\contexts\stories\code\__init__.py
2026-07-20T02:11:28Z [post] FIRED  C:\dev\abd-context-driven-delivery\contexts\stories\stories.py  — 4 manifest line(s)
2026-07-20T02:11:32Z [pre ] skip  C:\dev\abd-context-driven-delivery\contexts\stories\examples\md\scenario-main-flow.md
2026-07-20T02:11:32Z [pre ] skip  C:\dev\abd-context-driven-delivery\contexts\stories\code\example_factories_spec.py
2026-07-20T02:11:32Z [pre ] skip  C:\dev\abd-context-driven-delivery\contexts\stories\story_model\scenario_spec.py
2026-07-20T02:11:32Z [pre ] skip  C:\dev\abd-context-driven-delivery\contexts\stories\document\markdown\nodes.py
2026-07-20T02:11:34Z [read] skip  C:\dev\abd-context-driven-delivery\contexts\stories\code\example_factories_spec.py
2026-07-20T02:11:34Z [read] skip  C:\dev\abd-context-driven-delivery\contexts\stories\examples\md\scenario-main-flow.md
2026-07-20T02:11:34Z [read] skip  C:\dev\abd-context-driven-delivery\contexts\stories\story_model\scenario_spec.py
2026-07-20T02:11:34Z [post] skip  C:\dev\abd-context-driven-delivery\contexts\stories\document\json
2026-07-20T02:11:34Z [post] skip  C:\dev\abd-context-driven-delivery\contexts\stories\document\markdown\nodes.py
2026-07-20T02:11:35Z [post] skip  C:\dev\abd-context-driven-delivery\contexts\stories\story_model\scenario_spec.py
2026-07-20T02:11:35Z [post] skip  C:\dev\abd-context-driven-delivery\contexts\stories\examples\md\scenario-main-flow.md
2026-07-20T02:11:35Z [post] skip  C:\dev\abd-context-driven-delivery\contexts\stories\code\example_factories_spec.py
2026-07-20T02:11:37Z [pre ] skip  C:\dev\abd-context-driven-delivery\contexts\stories\story_model\test_suite_spec.py
2026-07-20T02:11:38Z [read] skip  C:\dev\abd-context-driven-delivery\contexts\stories\story_model\test_suite_spec.py
2026-07-20T02:11:39Z [post] skip  C:\dev\abd-context-driven-delivery\contexts\stories\code
2026-07-20T02:11:39Z [post] skip  C:\dev\abd-context-driven-delivery\contexts\stories\story_model\test_suite_spec.py
2026-07-20T02:12:54Z [pre ] skip  C:\dev\abd-context-driven-delivery\contexts\stories\code\python\python_story_map.py
2026-07-20T02:12:54Z [pre ] skip  C:\dev\abd-context-driven-delivery\contexts\stories\document\markdown\nodes.py
2026-07-20T02:12:55Z [read] skip  C:\dev\abd-context-driven-delivery\contexts\stories\code\python\python_story_map.py
2026-07-20T02:12:55Z [read] skip  C:\dev\abd-context-driven-delivery\contexts\stories\document\markdown\nodes.py
2026-07-20T02:12:55Z [post] skip  C:\dev\abd-context-driven-delivery\contexts\stories\document
2026-07-20T02:12:56Z [post] skip  C:\dev\abd-context-driven-delivery\contexts\stories\code\python\python_story_map.py
2026-07-20T02:12:56Z [post] skip  C:\dev\abd-context-driven-delivery\contexts\stories\document\markdown\nodes.py
2026-07-20T02:13:51Z [pre ] skip  c:\Users\thoma\.cursor\plans\stories_transformer_rejig_90c32b56.plan.md
2026-07-20T02:13:51Z [read] skip  c:\Users\thoma\.cursor\plans\stories_transformer_rejig_90c32b56.plan.md
2026-07-20T02:13:52Z [post] skip  C:\dev\abd-context-driven-delivery\contexts\stories\templates
2026-07-20T02:13:52Z [post] skip  c:\Users\thoma\.cursor\plans\stories_transformer_rejig_90c32b56.plan.md
2026-07-20T02:14:02Z [pre ] skip  c:\Users\thoma\.cursor\plans\stories_transformer_rejig_90c32b56.plan.md
2026-07-20T02:14:03Z [read] skip  c:\Users\thoma\.cursor\plans\stories_transformer_rejig_90c32b56.plan.md
2026-07-20T02:14:08Z [pre ] skip  c:\Users\thoma\.cursor\plans\stories_transformer_rejig_90c32b56.plan.md
2026-07-20T02:14:09Z [read] skip  c:\Users\thoma\.cursor\plans\stories_transformer_rejig_90c32b56.plan.md
2026-07-20T02:14:10Z [post] skip  c:\Users\thoma\.cursor\plans\stories_transformer_rejig_90c32b56.plan.md
2026-07-20T02:14:11Z [pre ] skip  c:\Users\thoma\.cursor\plans\stories_transformer_rejig_90c32b56.plan.md
2026-07-20T02:14:12Z [post] skip  c:\Users\thoma\.cursor\plans\stories_transformer_rejig_90c32b56.plan.md
2026-07-20T02:14:13Z [post] skip  c:\Users\thoma\.cursor\plans\stories_transformer_rejig_90c32b56.plan.md
2026-07-20T02:14:17Z [pre ] skip  c:\Users\thoma\.cursor\plans\stories_transformer_rejig_90c32b56.plan.md
2026-07-20T02:14:18Z [read] skip  c:\Users\thoma\.cursor\plans\stories_transformer_rejig_90c32b56.plan.md
2026-07-20T02:14:19Z [post] skip  c:\Users\thoma\.cursor\plans\stories_transformer_rejig_90c32b56.plan.md
2026-07-20T02:14:21Z [pre ] skip  c:\Users\thoma\.cursor\plans\stories_transformer_rejig_90c32b56.plan.md
2026-07-20T02:14:22Z [post] skip  c:\Users\thoma\.cursor\plans\stories_transformer_rejig_90c32b56.plan.md
2026-07-20T02:14:22Z [post] skip  c:\Users\thoma\.cursor\plans\stories_transformer_rejig_90c32b56.plan.md
2026-07-20T02:14:24Z [pre ] skip  c:\Users\thoma\.cursor\plans\stories_transformer_rejig_90c32b56.plan.md
2026-07-20T02:14:25Z [read] skip  c:\Users\thoma\.cursor\plans\stories_transformer_rejig_90c32b56.plan.md
2026-07-20T02:14:26Z [post] skip  c:\Users\thoma\.cursor\plans\stories_transformer_rejig_90c32b56.plan.md
2026-07-20T02:14:27Z [pre ] skip  c:\Users\thoma\.cursor\plans\stories_transformer_rejig_90c32b56.plan.md
2026-07-20T02:14:28Z [post] skip  c:\Users\thoma\.cursor\plans\stories_transformer_rejig_90c32b56.plan.md
2026-07-20T02:14:29Z [post] skip  c:\Users\thoma\.cursor\plans\stories_transformer_rejig_90c32b56.plan.md
2026-07-20T02:15:57Z [pre ] skip  c:\Users\thoma\.cursor\plans\stories_transformer_rejig_90c32b56.plan.md
2026-07-20T02:15:58Z [read] skip  c:\Users\thoma\.cursor\plans\stories_transformer_rejig_90c32b56.plan.md
2026-07-20T02:15:59Z [post] skip  c:\Users\thoma\.cursor\plans\stories_transformer_rejig_90c32b56.plan.md
2026-07-20T02:16:14Z [pre ] skip  c:\Users\thoma\.cursor\plans\stories_transformer_rejig_90c32b56.plan.md
2026-07-20T02:16:15Z [read] skip  c:\Users\thoma\.cursor\plans\stories_transformer_rejig_90c32b56.plan.md
2026-07-20T02:16:16Z [post] skip  c:\Users\thoma\.cursor\plans\stories_transformer_rejig_90c32b56.plan.md
2026-07-20T02:16:17Z [pre ] skip  c:\Users\thoma\.cursor\plans\stories_transformer_rejig_90c32b56.plan.md
2026-07-20T02:16:18Z [post] skip  c:\Users\thoma\.cursor\plans\stories_transformer_rejig_90c32b56.plan.md
2026-07-20T02:16:19Z [post] skip  c:\Users\thoma\.cursor\plans\stories_transformer_rejig_90c32b56.plan.md
2026-07-20T02:16:24Z [pre ] skip  c:\Users\thoma\.cursor\plans\stories_transformer_rejig_90c32b56.plan.md
2026-07-20T02:16:25Z [read] skip  c:\Users\thoma\.cursor\plans\stories_transformer_rejig_90c32b56.plan.md
2026-07-20T02:16:25Z [post] skip  c:\Users\thoma\.cursor\plans\stories_transformer_rejig_90c32b56.plan.md
2026-07-20T02:16:27Z [pre ] skip  c:\Users\thoma\.cursor\plans\stories_transformer_rejig_90c32b56.plan.md
2026-07-20T02:16:27Z [post] skip  c:\Users\thoma\.cursor\plans\stories_transformer_rejig_90c32b56.plan.md
2026-07-20T02:16:29Z [post] skip  c:\Users\thoma\.cursor\plans\stories_transformer_rejig_90c32b56.plan.md
2026-07-20T02:16:32Z [pre ] skip  c:\Users\thoma\.cursor\plans\stories_transformer_rejig_90c32b56.plan.md
2026-07-20T02:16:33Z [read] skip  c:\Users\thoma\.cursor\plans\stories_transformer_rejig_90c32b56.plan.md
2026-07-20T02:16:34Z [post] skip  c:\Users\thoma\.cursor\plans\stories_transformer_rejig_90c32b56.plan.md
2026-07-20T02:16:35Z [pre ] skip  c:\Users\thoma\.cursor\plans\stories_transformer_rejig_90c32b56.plan.md
2026-07-20T02:16:36Z [post] skip  c:\Users\thoma\.cursor\plans\stories_transformer_rejig_90c32b56.plan.md
2026-07-20T02:16:37Z [post] skip  c:\Users\thoma\.cursor\plans\stories_transformer_rejig_90c32b56.plan.md
2026-07-20T02:16:39Z [pre ] skip  c:\Users\thoma\.cursor\plans\stories_transformer_rejig_90c32b56.plan.md
2026-07-20T02:16:40Z [read] skip  c:\Users\thoma\.cursor\plans\stories_transformer_rejig_90c32b56.plan.md
2026-07-20T02:16:41Z [post] skip  c:\Users\thoma\.cursor\plans\stories_transformer_rejig_90c32b56.plan.md
2026-07-20T02:16:43Z [pre ] skip  c:\Users\thoma\.cursor\plans\stories_transformer_rejig_90c32b56.plan.md
2026-07-20T02:16:43Z [post] skip  c:\Users\thoma\.cursor\plans\stories_transformer_rejig_90c32b56.plan.md
2026-07-20T02:16:44Z [post] skip  c:\Users\thoma\.cursor\plans\stories_transformer_rejig_90c32b56.plan.md
2026-07-20T02:17:14Z [pre ] skip  C:\dev\abd-context-driven-delivery\contexts\stories\code\python\python_story_map.py
2026-07-20T02:17:14Z [pre ] skip  C:\dev\abd-context-driven-delivery\contexts\stories\code\python\python_story_map_spec.py
2026-07-20T02:17:15Z [read] skip  C:\dev\abd-context-driven-delivery\contexts\stories\code\python\python_story_map_spec.py
2026-07-20T02:17:15Z [read] skip  C:\dev\abd-context-driven-delivery\contexts\stories\code\python\python_story_map.py
2026-07-20T02:17:16Z [post] skip  C:\dev\abd-context-driven-delivery\contexts\stories\code\python\python_story_map_spec.py
2026-07-20T02:17:16Z [post] skip  C:\dev\abd-context-driven-delivery\contexts\stories\code\python\python_story_map.py
2026-07-20T02:17:31Z [post] skip  C:\dev\abd-context-driven-delivery\contexts\stories\code\python\story_file.py
2026-07-20T02:17:32Z [post] skip  C:\dev\abd-context-driven-delivery\contexts\stories\code\python\story_file.py
2026-07-20T02:17:35Z [pre ] skip  C:\dev\abd-context-driven-delivery\contexts\stories\code\python\tree.py
2026-07-20T02:17:36Z [read] skip  C:\dev\abd-context-driven-delivery\contexts\stories\code\python\tree.py
2026-07-20T02:17:37Z [post] skip  C:\dev\abd-context-driven-delivery\contexts\stories\code\python\tree.py
2026-07-20T02:17:38Z [pre ] skip  C:\dev\abd-context-driven-delivery\contexts\stories\code\python\tier_scaffold.py
2026-07-20T02:17:38Z [pre ] skip  C:\dev\abd-context-driven-delivery\contexts\stories\code\python\tree.py
2026-07-20T02:17:39Z [read] skip  C:\dev\abd-context-driven-delivery\contexts\stories\code\python\tier_scaffold.py
2026-07-20T02:17:39Z [post] skip  C:\dev\abd-context-driven-delivery\contexts\stories\code\python\tree.py
2026-07-20T02:17:40Z [post] skip  C:\dev\abd-context-driven-delivery\contexts\stories\code\python\tier_scaffold.py
2026-07-20T02:17:40Z [post] skip  C:\dev\abd-context-driven-delivery\contexts\stories\code\python\tree.py
2026-07-20T02:17:41Z [pre ] skip  C:\dev\abd-context-driven-delivery\contexts\stories\code\python\tier_scaffold.py
2026-07-20T02:17:42Z [post] skip  C:\dev\abd-context-driven-delivery\contexts\stories\code\python\tier_scaffold.py
2026-07-20T02:17:43Z [post] skip  C:\dev\abd-context-driven-delivery\contexts\stories\code\python\tier_scaffold.py
2026-07-20T02:17:45Z [pre ] skip  C:\dev\abd-context-driven-delivery\contexts\stories\code\python\python_story_map.py
2026-07-20T02:17:46Z [read] skip  C:\dev\abd-context-driven-delivery\contexts\stories\code\python\python_story_map.py
2026-07-20T02:17:47Z [post] skip  C:\dev\abd-context-driven-delivery\contexts\stories\code\python\python_story_map.py
2026-07-20T02:17:48Z [pre ] skip  C:\dev\abd-context-driven-delivery\contexts\stories\code\python\python_story_map.py
2026-07-20T02:17:49Z [post] skip  C:\dev\abd-context-driven-delivery\contexts\stories\code\python\python_story_map.py
2026-07-20T02:17:50Z [post] skip  C:\dev\abd-context-driven-delivery\contexts\stories\code\python\python_story_map.py
2026-07-20T02:18:01Z [pre ] skip  C:\dev\abd-context-driven-delivery\contexts\stories\code\python\python_story_map_spec.py
2026-07-20T02:18:02Z [read] skip  C:\dev\abd-context-driven-delivery\contexts\stories\code\python\python_story_map_spec.py
2026-07-20T02:18:03Z [post] skip  C:\dev\abd-context-driven-delivery\contexts\stories\code\python\python_story_map_spec.py
2026-07-20T02:18:04Z [pre ] skip  C:\dev\abd-context-driven-delivery\contexts\stories\document\markdown\nodes.py
2026-07-20T02:18:05Z [pre ] skip  C:\dev\abd-context-driven-delivery\contexts\stories\code\python\python_story_map_spec.py
2026-07-20T02:18:05Z [pre ] skip  C:\dev\abd-context-driven-delivery\contexts\stories\document\markdown\nodes.py
2026-07-20T02:18:05Z [pre ] skip  C:\dev\abd-context-driven-delivery\contexts\stories\document\json\nodes.py
2026-07-20T02:18:06Z [post] skip  C:\dev\abd-context-driven-delivery\contexts\stories\document\markdown\nodes.py
2026-07-20T02:18:06Z [read] skip  C:\dev\abd-context-driven-delivery\contexts\stories\document\markdown\nodes.py
2026-07-20T02:18:06Z [post] skip  C:\dev\abd-context-driven-delivery\contexts\stories\code\python\python_story_map_spec.py
2026-07-20T02:18:06Z [read] skip  C:\dev\abd-context-driven-delivery\contexts\stories\document\json\nodes.py
2026-07-20T02:18:07Z [post] skip  C:\dev\abd-context-driven-delivery\contexts\stories\code\python\python_story_map_spec.py
2026-07-20T02:18:07Z [post] skip  C:\dev\abd-context-driven-delivery\contexts\stories\document\markdown\nodes.py
2026-07-20T02:18:12Z [pre ] skip  C:\dev\abd-context-driven-delivery\contexts\stories\document\markdown\nodes.py
2026-07-20T02:18:13Z [pre ] skip  C:\dev\abd-context-driven-delivery\contexts\stories\document\json\nodes.py
2026-07-20T02:18:13Z [pre ] skip  C:\dev\abd-context-driven-delivery\contexts\stories\templates\md\components\story-header.md
2026-07-20T02:18:13Z [pre ] skip  C:\dev\abd-context-driven-delivery\contexts\stories\code\typescript\typescript_story_map.py
2026-07-20T02:18:13Z [read] skip  C:\dev\abd-context-driven-delivery\contexts\stories\document\markdown\nodes.py
2026-07-20T02:18:14Z [read] skip  C:\dev\abd-context-driven-delivery\contexts\stories\document\json\nodes.py
2026-07-20T02:18:14Z [read] skip  C:\dev\abd-context-driven-delivery\contexts\stories\templates\md\components\story-header.md
2026-07-20T02:18:14Z [read] skip  C:\dev\abd-context-driven-delivery\contexts\stories\code\typescript\typescript_story_map.py
2026-07-20T02:18:14Z [post] skip  C:\dev\abd-context-driven-delivery\contexts\stories\document\markdown\nodes.py
2026-07-20T02:18:15Z [post] skip  C:\dev\abd-context-driven-delivery\contexts\stories\document\json\nodes.py
2026-07-20T02:18:15Z [post] skip  C:\dev\abd-context-driven-delivery\contexts\stories\templates\md\components\story-header.md
2026-07-20T02:18:15Z [post] skip  C:\dev\abd-context-driven-delivery\contexts\stories\code\typescript\typescript_story_map.py
2026-07-20T02:18:24Z [pre ] skip  C:\dev\abd-context-driven-delivery\contexts\stories\code\example_factories_spec.py
2026-07-20T02:18:25Z [pre ] skip  C:\dev\abd-context-driven-delivery\contexts\stories\code\python\python_story_map.py
2026-07-20T02:18:25Z [pre ] skip  C:\dev\abd-context-driven-delivery\contexts\stories\document\markdown\nodes.py
2026-07-20T02:18:25Z [read] skip  C:\dev\abd-context-driven-delivery\contexts\stories\code\example_factories_spec.py
2026-07-20T02:18:26Z [post] skip  C:\dev\abd-context-driven-delivery\contexts\stories\code\python\python_story_map.py
2026-07-20T02:18:26Z [read] skip  C:\dev\abd-context-driven-delivery\contexts\stories\document\markdown\nodes.py
2026-07-20T02:18:26Z [post] skip  C:\dev\abd-context-driven-delivery\contexts\stories\code\example_factories_spec.py
2026-07-20T02:18:27Z [post] skip  C:\dev\abd-context-driven-delivery\contexts\stories\code\python\python_story_map.py
2026-07-20T02:18:27Z [post] skip  C:\dev\abd-context-driven-delivery\contexts\stories\document\markdown\nodes.py
2026-07-20T02:18:28Z [pre ] skip  C:\dev\abd-context-driven-delivery\contexts\stories\document\markdown\nodes.py
2026-07-20T02:18:29Z [post] skip  C:\dev\abd-context-driven-delivery\contexts\stories\document\markdown\nodes.py
2026-07-20T02:18:30Z [post] skip  C:\dev\abd-context-driven-delivery\contexts\stories\document\markdown\nodes.py
2026-07-20T02:18:31Z [pre ] skip  C:\dev\abd-context-driven-delivery\contexts\stories\document\json\nodes.py
2026-07-20T02:18:31Z [read] skip  C:\dev\abd-context-driven-delivery\contexts\stories\document\json\nodes.py
2026-07-20T02:18:32Z [post] skip  C:\dev\abd-context-driven-delivery\contexts\stories\document\json\nodes.py
2026-07-20T02:18:33Z [pre ] skip  C:\dev\abd-context-driven-delivery\contexts\stories\document\json\nodes.py
2026-07-20T02:18:34Z [post] skip  C:\dev\abd-context-driven-delivery\contexts\stories\document\json\nodes.py
2026-07-20T02:18:35Z [post] skip  C:\dev\abd-context-driven-delivery\contexts\stories\document\json\nodes.py
2026-07-20T02:18:37Z [pre ] skip  C:\dev\abd-context-driven-delivery\contexts\stories\document\json\nodes.py
2026-07-20T02:18:38Z [post] skip  C:\dev\abd-context-driven-delivery\contexts\stories\document\json\nodes.py
2026-07-20T02:18:39Z [post] skip  C:\dev\abd-context-driven-delivery\contexts\stories\document\json\nodes.py
2026-07-20T02:18:43Z [pre ] skip  C:\dev\abd-context-driven-delivery\contexts\stories\code\example_factories_spec.py
2026-07-20T02:18:43Z [pre ] skip  C:\dev\abd-context-driven-delivery\contexts\stories\code\example_factories_spec.py
2026-07-20T02:18:44Z [read] skip  C:\dev\abd-context-driven-delivery\contexts\stories\code\example_factories_spec.py
2026-07-20T02:18:44Z [read] skip  C:\dev\abd-context-driven-delivery\contexts\stories\code\example_factories_spec.py
2026-07-20T02:18:45Z [pre ] skip  C:\dev\abd-context-driven-delivery\contexts\stories\templates\md\scenario-outline.md
2026-07-20T02:18:45Z [post] skip  C:\dev\abd-context-driven-delivery\contexts\stories\code\example_factories_spec.py
2026-07-20T02:18:45Z [post] skip  C:\dev\abd-context-driven-delivery\contexts\stories\code\example_factories_spec.py
2026-07-20T02:18:46Z [post] skip  C:\dev\abd-context-driven-delivery\contexts\stories\templates\md\scenario-outline.md
2026-07-20T02:18:46Z [pre ] skip  C:\dev\abd-context-driven-delivery\contexts\stories\templates\md\scenario-main-flow.md
2026-07-20T02:18:46Z [pre ] skip  C:\dev\abd-context-driven-delivery\contexts\stories\code\example_factories_spec.py
2026-07-20T02:18:47Z [post] skip  C:\dev\abd-context-driven-delivery\contexts\stories\templates\md\scenario-outline.md
2026-07-20T02:18:47Z [post] skip  C:\dev\abd-context-driven-delivery\contexts\stories\templates\md\scenario-main-flow.md
2026-07-20T02:18:47Z [post] skip  C:\dev\abd-context-driven-delivery\contexts\stories\code\example_factories_spec.py
2026-07-20T02:18:48Z [post] skip  C:\dev\abd-context-driven-delivery\contexts\stories\templates\md\scenario-main-flow.md
2026-07-20T02:18:48Z [post] skip  C:\dev\abd-context-driven-delivery\contexts\stories\code\example_factories_spec.py
2026-07-20T02:18:49Z [post] skip  C:\dev\abd-context-driven-delivery\contexts\stories\templates\py\{epic-verb-noun}\{sub-epic-verb-noun}\{story-verb-noun}\{story_verb_noun}_spec.production.py
2026-07-20T02:18:50Z [post] skip  C:\dev\abd-context-driven-delivery\contexts\stories\templates\py\{epic-verb-noun}\{sub-epic-verb-noun}\{story-verb-noun}\{story_verb_noun}_spec.production.py
2026-07-20T02:19:02Z [post] skip  C:\dev\abd-context-driven-delivery\contexts\stories\code\typescript\story_file.py
2026-07-20T02:19:04Z [post] skip  C:\dev\abd-context-driven-delivery\contexts\stories\code\typescript\story_file.py
2026-07-20T02:19:06Z [pre ] skip  C:\dev\abd-context-driven-delivery\contexts\stories\code\typescript\tree.py
2026-07-20T02:19:07Z [read] skip  C:\dev\abd-context-driven-delivery\contexts\stories\code\typescript\tree.py
2026-07-20T02:19:08Z [pre ] skip  C:\dev\abd-context-driven-delivery\contexts\stories\code\typescript\tier_scaffold.py
2026-07-20T02:19:08Z [post] skip  C:\dev\abd-context-driven-delivery\contexts\stories\code\typescript\tree.py
2026-07-20T02:19:09Z [read] skip  C:\dev\abd-context-driven-delivery\contexts\stories\code\typescript\tier_scaffold.py
2026-07-20T02:19:09Z [pre ] skip  C:\dev\abd-context-driven-delivery\contexts\stories\code\typescript\tree.py
2026-07-20T02:19:11Z [post] skip  C:\dev\abd-context-driven-delivery\contexts\stories\code\typescript\tier_scaffold.py
2026-07-20T02:19:11Z [post] skip  C:\dev\abd-context-driven-delivery\contexts\stories\code\typescript\tree.py
2026-07-20T02:19:12Z [pre ] skip  C:\dev\abd-context-driven-delivery\contexts\stories\code\typescript\tier_scaffold.py
2026-07-20T02:19:12Z [post] skip  C:\dev\abd-context-driven-delivery\contexts\stories\code\typescript\tree.py
2026-07-20T02:19:13Z [post] skip  C:\dev\abd-context-driven-delivery\contexts\stories\code\typescript\tier_scaffold.py
2026-07-20T02:19:14Z [pre ] skip  C:\dev\abd-context-driven-delivery\contexts\stories\code\typescript\typescript_story_map.py
2026-07-20T02:19:14Z [post] skip  C:\dev\abd-context-driven-delivery\contexts\stories\code\typescript\tier_scaffold.py
2026-07-20T02:19:15Z [read] skip  C:\dev\abd-context-driven-delivery\contexts\stories\code\typescript\typescript_story_map.py
2026-07-20T02:19:16Z [post] skip  C:\dev\abd-context-driven-delivery\contexts\stories\code\typescript\typescript_story_map.py
2026-07-20T02:19:17Z [pre ] skip  C:\dev\abd-context-driven-delivery\contexts\stories\code\typescript\typescript_story_map.py
2026-07-20T02:19:17Z [post] skip  C:\dev\abd-context-driven-delivery\contexts\stories\code\typescript\seeds\story-test.ts
2026-07-20T02:19:18Z [post] skip  C:\dev\abd-context-driven-delivery\contexts\stories\code\typescript\typescript_story_map.py
2026-07-20T02:19:18Z [post] skip  C:\dev\abd-context-driven-delivery\contexts\stories\code\typescript\seeds\story-test.ts
2026-07-20T02:19:19Z [post] skip  C:\dev\abd-context-driven-delivery\contexts\stories\code\typescript\typescript_story_map.py
2026-07-20T02:19:28Z [pre ] skip  C:\dev\abd-context-driven-delivery\contexts\stories\code\typescript\typescript_story_map_spec.py
2026-07-20T02:19:29Z [read] skip  C:\dev\abd-context-driven-delivery\contexts\stories\code\typescript\typescript_story_map_spec.py
2026-07-20T02:19:30Z [post] skip  C:\dev\abd-context-driven-delivery\contexts\stories\code\typescript\typescript_story_map_spec.py
2026-07-20T02:19:31Z [pre ] skip  C:\dev\abd-context-driven-delivery\contexts\stories\code\typescript\typescript_story_map_spec.py
2026-07-20T02:19:32Z [post] skip  C:\dev\abd-context-driven-delivery\contexts\stories\code\typescript\typescript_story_map_spec.py
2026-07-20T02:19:33Z [post] skip  C:\dev\abd-context-driven-delivery\contexts\stories\code\typescript\typescript_story_map_spec.py
2026-07-20T02:19:34Z [post] skip  C:\dev\abd-context-driven-delivery\contexts\stories\code\java\story_file.py
2026-07-20T02:19:35Z [post] skip  C:\dev\abd-context-driven-delivery\contexts\stories\code\java\story_file.py
2026-07-20T02:19:35Z [pre ] skip  C:\dev\abd-context-driven-delivery\contexts\stories\code\java\tree.py
2026-07-20T02:19:36Z [read] skip  C:\dev\abd-context-driven-delivery\contexts\stories\code\java\tree.py
2026-07-20T02:19:37Z [post] skip  C:\dev\abd-context-driven-delivery\contexts\stories\code\java\tree.py
2026-07-20T02:19:38Z [pre ] skip  C:\dev\abd-context-driven-delivery\contexts\stories\code\java\tier_scaffold.py
2026-07-20T02:19:39Z [pre ] skip  C:\dev\abd-context-driven-delivery\contexts\stories\code\java\tree.py
2026-07-20T02:19:39Z [read] skip  C:\dev\abd-context-driven-delivery\contexts\stories\code\java\tier_scaffold.py
2026-07-20T02:19:40Z [post] skip  C:\dev\abd-context-driven-delivery\contexts\stories\code\java\tree.py
2026-07-20T02:19:40Z [post] skip  C:\dev\abd-context-driven-delivery\contexts\stories\code\java\tier_scaffold.py
2026-07-20T02:19:41Z [post] skip  C:\dev\abd-context-driven-delivery\contexts\stories\code\java\tree.py
2026-07-20T02:19:41Z [pre ] skip  C:\dev\abd-context-driven-delivery\contexts\stories\code\java\tier_scaffold.py
2026-07-20T02:19:42Z [post] skip  C:\dev\abd-context-driven-delivery\contexts\stories\code\java\tier_scaffold.py
2026-07-20T02:19:43Z [post] skip  C:\dev\abd-context-driven-delivery\contexts\stories\code\java\tier_scaffold.py
2026-07-20T02:19:44Z [pre ] skip  C:\dev\abd-context-driven-delivery\contexts\stories\code\java\java_story_map.py
2026-07-20T02:19:45Z [read] skip  C:\dev\abd-context-driven-delivery\contexts\stories\code\java\java_story_map.py
2026-07-20T02:19:46Z [post] skip  C:\dev\abd-context-driven-delivery\contexts\stories\code\java\java_story_map.py
2026-07-20T02:19:47Z [pre ] skip  C:\dev\abd-context-driven-delivery\contexts\stories\code\java\java_story_map_spec.py
2026-07-20T02:19:47Z [pre ] skip  C:\dev\abd-context-driven-delivery\contexts\stories\code\java\java_story_map.py
2026-07-20T02:19:48Z [read] skip  C:\dev\abd-context-driven-delivery\contexts\stories\code\java\java_story_map_spec.py
2026-07-20T02:19:49Z [post] skip  C:\dev\abd-context-driven-delivery\contexts\stories\code\java\java_story_map.py
2026-07-20T02:19:49Z [post] skip  C:\dev\abd-context-driven-delivery\contexts\stories\code\java\java_story_map_spec.py
2026-07-20T02:19:50Z [post] skip  C:\dev\abd-context-driven-delivery\contexts\stories\code\java\java_story_map.py
2026-07-20T02:19:50Z [pre ] skip  C:\dev\abd-context-driven-delivery\contexts\stories\code\java\java_story_map_spec.py
2026-07-20T02:19:51Z [post] skip  C:\dev\abd-context-driven-delivery\contexts\stories\code\java\java_story_map_spec.py
2026-07-20T02:19:53Z [post] skip  C:\dev\abd-context-driven-delivery\contexts\stories\code\java\java_story_map_spec.py
2026-07-20T02:20:00Z [pre ] skip  C:\dev\abd-context-driven-delivery\contexts\stories\document\markdown\nodes.py
2026-07-20T02:20:00Z [pre ] skip  C:\dev\abd-context-driven-delivery\contexts\stories\templates\py\{epic-verb-noun}\{sub-epic-verb-noun}\{lowest-sub-epic}\{lowest_sub_epic}_stories.py
2026-07-20T02:20:00Z [pre ] skip  C:\dev\abd-context-driven-delivery\contexts\stories\templates\py\{epic-verb-noun}\{sub-epic-verb-noun}\{lowest-sub-epic}\test_{lowest_sub_epic}_{layer}.py
2026-07-20T02:20:01Z [pre ] skip  C:\dev\abd-context-driven-delivery\contexts\stories\templates\py\story_runner.py
2026-07-20T02:20:01Z [pre ] skip  C:\dev\abd-context-driven-delivery\contexts\stories\templates\py\story_types.py
2026-07-20T02:20:01Z [post] skip  C:\dev\abd-context-driven-delivery\contexts\stories\document\markdown\nodes.py
2026-07-20T02:20:01Z [post] skip  C:\dev\abd-context-driven-delivery\contexts\stories\templates\py\{epic-verb-noun}\{sub-epic-verb-noun}\{lowest-sub-epic}\{lowest_sub_epic}_stories.py
2026-07-20T02:20:01Z [pre ] skip  C:\dev\abd-context-driven-delivery\contexts\stories\code\javascript\tree.py
2026-07-20T02:20:02Z [post] skip  C:\dev\abd-context-driven-delivery\contexts\stories\templates\py\{epic-verb-noun}\{sub-epic-verb-noun}\{lowest-sub-epic}\test_{lowest_sub_epic}_{layer}.py
2026-07-20T02:20:02Z [post] skip  C:\dev\abd-context-driven-delivery\contexts\stories\templates\py\story_runner.py
2026-07-20T02:20:02Z [post] skip  C:\dev\abd-context-driven-delivery\contexts\stories\templates\py\story_types.py
2026-07-20T02:20:03Z [post] skip  C:\dev\abd-context-driven-delivery\contexts\stories\document\markdown\nodes.py
2026-07-20T02:20:03Z [pre ] skip  C:\dev\abd-context-driven-delivery\contexts\stories\stories.md
2026-07-20T02:20:03Z [post] skip  C:\dev\abd-context-driven-delivery\contexts\stories\code\javascript\tree.py
2026-07-20T02:20:04Z [post] skip  C:\dev\abd-context-driven-delivery\contexts\stories\stories.md
2026-07-20T02:20:05Z [post] skip  C:\dev\abd-context-driven-delivery\contexts\stories\code\javascript\tree.py
2026-07-20T02:20:06Z [post] skip  C:\dev\abd-context-driven-delivery\contexts\stories\stories.md
2026-07-20T02:20:25Z [post] skip  C:\dev\abd-context-driven-delivery\contexts\stories\templates\ts\{epic-verb-noun}\{sub-epic-verb-noun}\{story-verb-noun}\{story_verb_noun}_story.ts
2026-07-20T02:20:25Z [pre ] skip  C:\dev\abd-context-driven-delivery\contexts\stories\document\architecture-context.md
2026-07-20T02:20:25Z [post] skip  C:\dev\abd-context-driven-delivery\contexts\stories\templates\ts\{epic-verb-noun}\{sub-epic-verb-noun}\{story-verb-noun}\{story_verb_noun}_spec.ts
2026-07-20T02:20:26Z [post] skip  C:\dev\abd-context-driven-delivery\contexts\stories\templates\java\{epic-verb-noun}\{sub-epic-verb-noun}\{story-verb-noun}\{StoryVerbNoun}Story.java
2026-07-20T02:20:27Z [post] skip  C:\dev\abd-context-driven-delivery\contexts\stories\templates\ts\{epic-verb-noun}\{sub-epic-verb-noun}\{story-verb-noun}\{story_verb_noun}_story.ts
2026-07-20T02:20:27Z [post] skip  C:\dev\abd-context-driven-delivery\contexts\stories\templates\java\{epic-verb-noun}\{sub-epic-verb-noun}\{story-verb-noun}\{StoryVerbNoun}StorySpec.java
2026-07-20T02:20:27Z [read] skip  C:\dev\abd-context-driven-delivery\contexts\stories\document\architecture-context.md
2026-07-20T02:20:27Z [post] skip  C:\dev\abd-context-driven-delivery\contexts\stories\templates\ts\{epic-verb-noun}\{sub-epic-verb-noun}\{story-verb-noun}\{story_verb_noun}_spec.ts
2026-07-20T02:20:28Z [post] skip  C:\dev\abd-context-driven-delivery\contexts\stories\templates\java\{epic-verb-noun}\{sub-epic-verb-noun}\{story-verb-noun}\{StoryVerbNoun}Story.java
2026-07-20T02:20:29Z [post] skip  C:\dev\abd-context-driven-delivery\contexts\stories\templates\java\{epic-verb-noun}\{sub-epic-verb-noun}\{story-verb-noun}\{StoryVerbNoun}StorySpec.java
2026-07-20T02:20:29Z [post] skip  C:\dev\abd-context-driven-delivery\contexts\stories\document\architecture-context.md
2026-07-20T02:20:31Z [pre ] skip  C:\dev\abd-context-driven-delivery\contexts\stories\document\architecture-context.md
2026-07-20T02:20:33Z [post] skip  C:\dev\abd-context-driven-delivery\contexts\stories\document\architecture-context.md
2026-07-20T02:20:34Z [post] skip  C:\dev\abd-context-driven-delivery\contexts\stories\document\architecture-context.md
2026-07-20T02:39:09Z [post] skip  C:\dev\abd-context-driven-delivery
2026-07-20T02:39:09Z [post] skip  C:\dev\abd-context-driven-delivery\contexts\stories
2026-07-20T02:39:09Z [post] skip  C:\dev\abd-context-driven-delivery\contexts\stories
2026-07-20T02:39:16Z [post] skip  C:\dev\abd-context-driven-delivery\contexts\stories
2026-07-20T02:39:16Z [post] skip  C:\dev\abd-context-driven-delivery\contexts
2026-07-20T02:39:20Z [pre ] skip  c:\Users\thoma\.cursor\plans\stories_transformer_rejig_90c32b56.plan.md
2026-07-20T02:39:21Z [post] skip  C:\dev\abd-context-driven-delivery\contexts\stories
2026-07-20T02:39:21Z [post] skip  C:\dev\abd-context-driven-delivery
2026-07-20T02:39:21Z [read] skip  c:\Users\thoma\.cursor\plans\stories_transformer_rejig_90c32b56.plan.md
2026-07-20T02:39:21Z [post] skip  C:\dev\abd-context-driven-delivery\contexts
2026-07-20T02:39:22Z [post] skip  c:\Users\thoma\.cursor\plans\stories_transformer_rejig_90c32b56.plan.md
2026-07-20T02:41:15Z [post] skip  C:\dev\abd-context-driven-delivery
2026-07-20T02:41:15Z [post] skip  C:\dev\abd-context-driven-delivery
2026-07-20T02:41:16Z [post] skip  C:\Users\thoma\.cursor\plans
2026-07-20T02:41:27Z [pre ] skip  C:\dev\abd-context-driven-delivery\.context\backlog
2026-07-20T02:41:28Z [post] skip  C:\Users\thoma\.cursor\projects\c-dev-abd-context-driven-delivery\agent-transcripts
2026-07-20T02:41:28Z [read] skip  C:\dev\abd-context-driven-delivery\.context\backlog
2026-07-20T02:41:29Z [post] skip  C:\dev\abd-context-driven-delivery\.context\backlog
2026-07-20T02:41:38Z [post] skip  C:\dev\abd-context-driven-delivery\contexts\stories
2026-07-20T02:41:39Z [post] skip  C:\dev\abd-context-driven-delivery\contexts
2026-07-20T02:41:49Z [post] skip  C:\Users\thoma\.cursor\projects\c-dev-abd-context-driven-delivery\agent-transcripts\a0734cce-f804-4ad2-a13b-e423526773b4
2026-07-20T02:41:49Z [post] skip  C:\dev\abd-context-driven-delivery\contexts\cdd
2026-07-20T02:44:28Z [pre ] skip  C:\Users\thoma\.cursor\plugins\cache\cursor-public\granola\56583da6e4db7f311808543f18ac905b8de1ff85\skills\granola-context\SKILL.md
2026-07-20T02:44:29Z [post] skip  C:\dev\abd-context-driven-delivery
2026-07-20T02:44:29Z [post] skip  C:\dev\abd-context-driven-delivery\contexts\ux
2026-07-20T02:44:29Z [read] skip  C:\Users\thoma\.cursor\plugins\cache\cursor-public\granola\56583da6e4db7f311808543f18ac905b8de1ff85\skills\granola-context\SKILL.md
2026-07-20T02:44:30Z [post] skip  C:\Users\thoma\.cursor\plugins\cache\cursor-public\granola\56583da6e4db7f311808543f18ac905b8de1ff85\skills\granola-context\SKILL.md
2026-07-20T02:44:54Z [pre ] skip  C:\dev\abd-context-driven-delivery\contexts\ux\ux.md
2026-07-20T02:44:54Z [pre ] skip  C:\dev\abd-context-driven-delivery\contexts\ux\.context\ux-model-sketch.md
2026-07-20T02:44:54Z [pre ] skip  C:\dev\abd-context-driven-delivery\contexts\ux\sketch-template.md
2026-07-20T02:44:54Z [pre ] skip  C:\dev\abd-context-driven-delivery\contexts\.context\story_demo.drawio
2026-07-20T02:44:55Z [read] skip  C:\dev\abd-context-driven-delivery\contexts\ux\ux.md
2026-07-20T02:44:55Z [read] skip  C:\dev\abd-context-driven-delivery\contexts\ux\.context\ux-model-sketch.md
2026-07-20T02:44:55Z [read] skip  C:\dev\abd-context-driven-delivery\contexts\ux\sketch-template.md
2026-07-20T02:44:56Z [read] skip  C:\dev\abd-context-driven-delivery\contexts\.context\story_demo.drawio
2026-07-20T02:44:56Z [post] skip  C:\dev\abd-context-driven-delivery\contexts\ux
2026-07-20T02:44:56Z [post] skip  C:\dev\abd-context-driven-delivery\contexts\ux\ux.md
2026-07-20T02:44:56Z [post] skip  C:\dev\abd-context-driven-delivery\contexts\ux\.context\ux-model-sketch.md
2026-07-20T02:44:56Z [post] skip  C:\dev\abd-context-driven-delivery\contexts\ux\sketch-template.md
2026-07-20T02:44:57Z [post] skip  C:\dev\abd-context-driven-delivery\contexts\.context\story_demo.drawio
2026-07-20T02:45:07Z [pre ] skip  C:\dev\abd-context-driven-delivery\contexts\ux\web\html\nodes.py
2026-07-20T02:45:08Z [pre ] skip  C:\dev\abd-context-driven-delivery\contexts\ux\.context\grill-answers.md
2026-07-20T02:45:08Z [read] skip  C:\dev\abd-context-driven-delivery\contexts\ux\web\html\nodes.py
2026-07-20T02:45:08Z [read] skip  C:\dev\abd-context-driven-delivery\contexts\ux\.context\grill-answers.md
2026-07-20T02:45:09Z [post] skip  C:\dev\abd-context-driven-delivery\contexts\ux\ux_model
2026-07-20T02:45:09Z [post] skip  C:\dev\abd-context-driven-delivery\contexts\ux\web\html\nodes.py
2026-07-20T02:45:09Z [post] skip  C:\dev\abd-context-driven-delivery\contexts\ux\.context\grill-answers.md
2026-07-20T02:45:17Z [pre ] skip  C:\dev\abd-context-driven-delivery\contexts\ux\ux_model\nodes.py
2026-07-20T02:45:18Z [pre ] skip  C:\dev\abd-context-driven-delivery\sandbox\play-core-mechanics\.context\information-architecture.drawio
2026-07-20T02:45:19Z [read] skip  C:\dev\abd-context-driven-delivery\contexts\ux\ux_model\nodes.py
2026-07-20T02:45:19Z [post] skip  C:\dev\abd-context-driven-delivery\contexts\ux
2026-07-20T02:45:19Z [read] skip  C:\dev\abd-context-driven-delivery\sandbox\play-core-mechanics\.context\information-architecture.drawio
2026-07-20T02:45:20Z [post] skip  C:\dev\abd-context-driven-delivery\contexts\ux\ux_model\nodes.py
2026-07-20T02:45:20Z [post] skip  C:\dev\abd-context-driven-delivery\sandbox\play-core-mechanics\.context\information-architecture.drawio
2026-07-20T02:57:12Z [pre ] skip  C:\dev\abd-context-driven-delivery\contexts\cdd\.context\connected-contexts.md
2026-07-20T02:57:13Z [post] skip  C:\dev\abd-context-driven-delivery\contexts\cdd\.context\connected-contexts.md
2026-07-20T02:57:14Z [post] skip  C:\dev\abd-context-driven-delivery\contexts\cdd\.context\connected-contexts.md
2026-07-20T02:57:26Z [pre ] skip  C:\dev\abd-context-driven-delivery\sandbox\play-core-mechanics\manage-character-sheet\create-character\create_character_story.js
2026-07-20T02:57:26Z [pre ] skip  C:\dev\abd-context-driven-delivery\sandbox\play-core-mechanics\manage-character-sheet\manage-character-sheet-helper.js
2026-07-20T02:57:27Z [read] skip  C:\dev\abd-context-driven-delivery\sandbox\play-core-mechanics\manage-character-sheet\create-character\create_character_story.js
2026-07-20T02:57:27Z [read] skip  C:\dev\abd-context-driven-delivery\sandbox\play-core-mechanics\manage-character-sheet\manage-character-sheet-helper.js
2026-07-20T02:57:27Z [post] skip  C:\dev\abd-context-driven-delivery\sandbox\play-core-mechanics
2026-07-20T02:57:28Z [post] skip  C:\dev\abd-context-driven-delivery\sandbox\play-core-mechanics\manage-character-sheet\create-character\create_character_story.js
2026-07-20T02:57:28Z [post] skip  C:\dev\abd-context-driven-delivery\sandbox\play-core-mechanics\manage-character-sheet\manage-character-sheet-helper.js
2026-07-20T02:58:38Z [pre ] skip  C:\dev\abd-context-driven-delivery\contexts\cdd\.context\connected-contexts.md
2026-07-20T02:58:39Z [post] skip  C:\dev\abd-context-driven-delivery\contexts\cdd\.context\connected-contexts.md
2026-07-20T02:58:40Z [post] skip  C:\dev\abd-context-driven-delivery\contexts\cdd\.context\connected-contexts.md
2026-07-20T03:03:06Z [pre ] skip  C:\dev\abd-context-driven-delivery\contexts\cdd\.context\connected-contexts.md
2026-07-20T03:03:07Z [post] skip  C:\dev\abd-context-driven-delivery\contexts\cdd\.context\connected-contexts.md
2026-07-20T03:03:08Z [post] skip  C:\dev\abd-context-driven-delivery\contexts\cdd\.context\connected-contexts.md
2026-07-20T03:04:06Z [pre ] skip  C:\dev\abd-context-driven-delivery\contexts\cdd\.context\connected-contexts.md
2026-07-20T03:04:07Z [post] skip  C:\dev\abd-context-driven-delivery\contexts\cdd\.context\connected-contexts.md
2026-07-20T03:04:08Z [post] skip  C:\dev\abd-context-driven-delivery\contexts\cdd\.context\connected-contexts.md
2026-07-20T03:08:52Z [pre ] skip  C:\dev\abd-context-driven-delivery\contexts\cdd\.context\connected-contexts.md
2026-07-20T03:08:53Z [post] skip  C:\dev\abd-context-driven-delivery\contexts\cdd\.context\connected-contexts.md
2026-07-20T03:08:54Z [post] skip  C:\dev\abd-context-driven-delivery\contexts\cdd\.context\connected-contexts.md
2026-07-20T03:11:41Z [pre ] skip  C:\dev\abd-context-driven-delivery\contexts\cdd\.context\connected-contexts.md
2026-07-20T03:11:42Z [post] skip  C:\dev\abd-context-driven-delivery\contexts\cdd\.context\connected-contexts.md
2026-07-20T03:11:43Z [post] skip  C:\dev\abd-context-driven-delivery\contexts\cdd\.context\connected-contexts.md
2026-07-20T03:13:52Z [post] skip  C:\dev\abd-context-driven-delivery\contexts\ux
2026-07-20T03:13:52Z [post] skip  C:\dev\abd-context-driven-delivery\contexts\ux
2026-07-20T03:13:52Z [post] skip  C:\dev\abd-context-driven-delivery\contexts\ux
2026-07-20T03:13:57Z [pre ] skip  C:\dev\abd-context-driven-delivery\contexts\ux\sketch-template.md
2026-07-20T03:13:57Z [pre ] skip  C:\dev\abd-context-driven-delivery\contexts\ux\ux.md
2026-07-20T03:13:57Z [pre ] FIRED  C:\dev\abd-context-driven-delivery\contexts\ux\ux.py  — 4 manifest line(s)
2026-07-20T03:13:58Z [read] skip  C:\dev\abd-context-driven-delivery\contexts\ux\sketch-template.md
2026-07-20T03:13:58Z [read] skip  C:\dev\abd-context-driven-delivery\contexts\ux\ux.md
2026-07-20T03:13:58Z [read] FIRED  C:\dev\abd-context-driven-delivery\contexts\ux\ux.py  — 4 manifest line(s)
2026-07-20T03:13:59Z [post] skip  C:\dev\abd-context-driven-delivery\contexts\ux\sketch-template.md
2026-07-20T03:13:59Z [post] skip  C:\dev\abd-context-driven-delivery\contexts\ux\ux.md
2026-07-20T03:13:59Z [post] FIRED  C:\dev\abd-context-driven-delivery\contexts\ux\ux.py  — 4 manifest line(s)
2026-07-20T03:14:06Z [pre ] skip  C:\dev\abd-context-driven-delivery\contexts\.context\story_demo.drawio
2026-07-20T03:14:07Z [post] skip  C:\dev\abd-context-driven-delivery\contexts\ux
2026-07-20T03:14:07Z [read] skip  C:\dev\abd-context-driven-delivery\contexts\.context\story_demo.drawio
2026-07-20T03:14:07Z [post] skip  C:\dev\abd-context-driven-delivery
2026-07-20T03:14:08Z [post] skip  C:\dev\abd-context-driven-delivery\sandbox\play-core-mechanics\.context
2026-07-20T03:14:08Z [post] skip  C:\dev\abd-context-driven-delivery\contexts\.context\story_demo.drawio
2026-07-20T03:14:16Z [pre ] skip  C:\dev\abd-context-driven-delivery\sandbox\play-core-mechanics\.context\ux-sketch.md
2026-07-20T03:14:16Z [pre ] skip  C:\dev\abd-context-driven-delivery\sandbox\play-core-mechanics\.context\ux-context.md
2026-07-20T03:14:17Z [read] skip  C:\dev\abd-context-driven-delivery\sandbox\play-core-mechanics\.context\ux-sketch.md
2026-07-20T03:14:17Z [read] skip  C:\dev\abd-context-driven-delivery\sandbox\play-core-mechanics\.context\ux-context.md
2026-07-20T03:14:17Z [post] skip  C:\dev\abd-context-driven-delivery\contexts\bdd
2026-07-20T03:14:18Z [post] skip  C:\dev\abd-context-driven-delivery\contexts\clean_engineering
2026-07-20T03:14:18Z [post] skip  C:\dev\abd-context-driven-delivery\sandbox\play-core-mechanics\.context\ux-sketch.md
2026-07-20T03:14:18Z [post] skip  C:\dev\abd-context-driven-delivery\sandbox\play-core-mechanics\.context\ux-context.md
2026-07-20T03:14:22Z [pre ] skip  C:\dev\abd-context-driven-delivery\contexts\ux\ux.md
2026-07-20T03:14:22Z [pre ] skip  C:\dev\abd-context-driven-delivery\contexts\ux\sketch-template.md
2026-07-20T03:14:22Z [pre ] skip  C:\dev\abd-context-driven-delivery\sandbox\play-core-mechanics\.context\ux-sketch.md
2026-07-20T03:14:22Z [pre ] skip  C:\dev\abd-context-driven-delivery\sandbox\play-core-mechanics\.context\ux-context.md
2026-07-20T03:14:23Z [pre ] skip  C:\dev\abd-context-driven-delivery\contexts\ux\.context\grill-answers.md
2026-07-20T03:14:23Z [pre ] skip  C:\dev\abd-context-driven-delivery\contexts\.context\story_demo.drawio
2026-07-20T03:14:23Z [read] skip  C:\dev\abd-context-driven-delivery\contexts\ux\ux.md
2026-07-20T03:14:23Z [read] skip  C:\dev\abd-context-driven-delivery\contexts\ux\sketch-template.md
2026-07-20T03:14:23Z [read] skip  C:\dev\abd-context-driven-delivery\sandbox\play-core-mechanics\.context\ux-sketch.md
2026-07-20T03:14:24Z [read] skip  C:\dev\abd-context-driven-delivery\sandbox\play-core-mechanics\.context\ux-context.md
2026-07-20T03:14:24Z [read] skip  C:\dev\abd-context-driven-delivery\contexts\ux\.context\grill-answers.md
2026-07-20T03:14:24Z [read] skip  C:\dev\abd-context-driven-delivery\contexts\.context\story_demo.drawio
2026-07-20T03:14:24Z [post] skip  C:\dev\abd-context-driven-delivery\contexts\ux\ux.md
2026-07-20T03:14:24Z [post] skip  C:\dev\abd-context-driven-delivery\contexts\ux\sketch-template.md
2026-07-20T03:14:24Z [post] skip  C:\dev\abd-context-driven-delivery\sandbox\play-core-mechanics\.context\ux-sketch.md
2026-07-20T03:14:25Z [post] skip  C:\dev\abd-context-driven-delivery\sandbox\play-core-mechanics\.context\ux-context.md
2026-07-20T03:14:25Z [post] skip  C:\dev\abd-context-driven-delivery\contexts\ux\.context\grill-answers.md
2026-07-20T03:14:25Z [post] skip  C:\dev\abd-context-driven-delivery\contexts\.context\story_demo.drawio
2026-07-20T03:14:28Z [pre ] skip  C:\dev\abd-context-driven-delivery\sandbox\play-core-mechanics\manage-character-sheet\create-character\create_character_story.js
2026-07-20T03:14:29Z [post] skip  C:\dev\abd-context-driven-delivery\sandbox\play-core-mechanics
2026-07-20T03:14:29Z [read] skip  C:\dev\abd-context-driven-delivery\sandbox\play-core-mechanics\manage-character-sheet\create-character\create_character_story.js
2026-07-20T03:14:29Z [post] skip  C:\dev\abd-context-driven-delivery\sandbox\play-core-mechanics
2026-07-20T03:14:30Z [post] skip  C:\dev\abd-context-driven-delivery\sandbox\play-core-mechanics\manage-character-sheet\create-character\create_character_story.js
2026-07-20T03:14:44Z [pre ] skip  C:\dev\abd-context-driven-delivery\sandbox\play-core-mechanics\.context\ux-sketch.md
2026-07-20T03:14:45Z [read] skip  C:\dev\abd-context-driven-delivery\sandbox\play-core-mechanics\.context\ux-sketch.md
2026-07-20T03:14:46Z [post] skip  C:\dev\abd-context-driven-delivery\sandbox\play-core-mechanics\.context\ux-sketch.md
2026-07-20T03:14:47Z [pre ] skip  C:\dev\abd-context-driven-delivery\sandbox\play-core-mechanics\.context\ux-context.md
2026-07-20T03:14:47Z [pre ] skip  C:\dev\abd-context-driven-delivery\sandbox\play-core-mechanics\.context\ux-sketch.md
2026-07-20T03:14:48Z [read] skip  C:\dev\abd-context-driven-delivery\sandbox\play-core-mechanics\.context\ux-context.md
2026-07-20T03:14:48Z [post] skip  C:\dev\abd-context-driven-delivery\sandbox\play-core-mechanics\.context\ux-sketch.md
2026-07-20T03:14:49Z [post] skip  C:\dev\abd-context-driven-delivery\sandbox\play-core-mechanics\.context\ux-context.md
2026-07-20T03:14:49Z [post] skip  C:\dev\abd-context-driven-delivery\sandbox\play-core-mechanics\.context\ux-sketch.md
2026-07-20T03:14:50Z [pre ] skip  C:\dev\abd-context-driven-delivery\sandbox\play-core-mechanics\.context\ux-context.md
2026-07-20T03:14:51Z [post] skip  C:\dev\abd-context-driven-delivery\sandbox\play-core-mechanics\.context\ux-context.md
2026-07-20T03:14:52Z [post] skip  C:\dev\abd-context-driven-delivery\sandbox\play-core-mechanics\.context\ux-context.md
2026-07-20T03:14:58Z [pre ] skip  C:\dev\abd-context-driven-delivery\contexts\bdd\sketch-template.md
2026-07-20T03:14:59Z [read] skip  C:\dev\abd-context-driven-delivery\contexts\bdd\sketch-template.md
2026-07-20T03:15:00Z [post] skip  C:\dev\abd-context-driven-delivery\contexts\bdd\sketch-template.md
2026-07-20T03:15:05Z [pre ] skip  C:\dev\abd-context-driven-delivery\contexts\bdd\sketch-template.md
2026-07-20T03:15:05Z [pre ] skip  C:\dev\abd-context-driven-delivery\sandbox\play-core-mechanics\manage-character-sheet\create-character\create_character_story.js
2026-07-20T03:15:05Z [pre ] skip  C:\dev\abd-context-driven-delivery\contexts\bdd\bdd.md
2026-07-20T03:15:05Z [pre ] skip  C:\dev\abd-context-driven-delivery\contexts\ux\.context\grill-answers.md
2026-07-20T03:15:06Z [read] skip  C:\dev\abd-context-driven-delivery\sandbox\play-core-mechanics\manage-character-sheet\create-character\create_character_story.js
2026-07-20T03:15:06Z [read] skip  C:\dev\abd-context-driven-delivery\contexts\bdd\sketch-template.md
2026-07-20T03:15:06Z [read] skip  C:\dev\abd-context-driven-delivery\contexts\ux\.context\grill-answers.md
2026-07-20T03:15:07Z [post] skip  C:\dev\abd-context-driven-delivery\contexts\bdd\bdd.md
2026-07-20T03:15:07Z [post] skip  C:\dev\abd-context-driven-delivery\sandbox\play-core-mechanics\manage-character-sheet\create-character\create_character_story.js
2026-07-20T03:15:07Z [post] skip  C:\dev\abd-context-driven-delivery\contexts\bdd\sketch-template.md
2026-07-20T03:15:07Z [post] skip  C:\dev\abd-context-driven-delivery\contexts\ux\.context\grill-answers.md
2026-07-20T03:15:08Z [post] skip  C:\dev\abd-context-driven-delivery\contexts\clean_engineering
2026-07-20T03:15:11Z [post] skip  C:\dev\abd-context-driven-delivery
2026-07-20T03:15:11Z [post] skip  C:\dev\abd-context-driven-delivery\sandbox\play-core-mechanics
2026-07-20T03:15:11Z [post] skip  C:\dev\abd-context-driven-delivery\contexts\bdd
2026-07-20T03:15:11Z [post] skip  C:\dev\abd-context-driven-delivery\contexts\clean_engineering
2026-07-20T03:15:12Z [post] skip  C:\dev\abd-context-driven-delivery\sandbox\play-core-mechanics
2026-07-20T03:15:12Z [post] skip  C:\dev\abd-context-driven-delivery\sandbox\character
2026-07-20T03:15:15Z [pre ] skip  C:\dev\abd-context-driven-delivery\sandbox\checks\.context\checks-bdd-sketch.md
2026-07-20T03:15:16Z [pre ] skip  C:\dev\abd-context-driven-delivery\sandbox\character\.context\character-sketch.md
2026-07-20T03:15:16Z [pre ] skip  C:\dev\abd-context-driven-delivery\sandbox\play-core-mechanics\manage-character-sheet\manage-character-sheet-helper.js
2026-07-20T03:15:16Z [pre ] skip  C:\dev\abd-context-driven-delivery\sandbox\character\character.js
2026-07-20T03:15:16Z [pre ] skip  C:\dev\abd-context-driven-delivery\sandbox\character\abilities.js
2026-07-20T03:15:17Z [read] skip  C:\dev\abd-context-driven-delivery\sandbox\checks\.context\checks-bdd-sketch.md
2026-07-20T03:15:18Z [read] skip  C:\dev\abd-context-driven-delivery\sandbox\character\.context\character-sketch.md
2026-07-20T03:15:18Z [read] skip  C:\dev\abd-context-driven-delivery\sandbox\play-core-mechanics\manage-character-sheet\manage-character-sheet-helper.js
2026-07-20T03:15:18Z [read] skip  C:\dev\abd-context-driven-delivery\sandbox\character\character.js
2026-07-20T03:15:18Z [post] skip  C:\dev\abd-context-driven-delivery\contexts\stories
2026-07-20T03:15:18Z [read] skip  C:\dev\abd-context-driven-delivery\sandbox\character\abilities.js
2026-07-20T03:15:19Z [post] skip  C:\dev\abd-context-driven-delivery\sandbox\checks\.context\checks-bdd-sketch.md
2026-07-20T03:15:19Z [post] skip  C:\dev\abd-context-driven-delivery\sandbox\character\.context\character-sketch.md
2026-07-20T03:15:19Z [post] skip  C:\dev\abd-context-driven-delivery\sandbox\play-core-mechanics\manage-character-sheet\manage-character-sheet-helper.js
2026-07-20T03:15:19Z [post] skip  C:\dev\abd-context-driven-delivery\sandbox\character\character.js
2026-07-20T03:15:19Z [post] skip  C:\dev\abd-context-driven-delivery\sandbox\character\abilities.js
2026-07-20T03:15:22Z [pre ] skip  C:\dev\abd-context-driven-delivery\sandbox\play-core-mechanics\manage-character-sheet\create-character\create_character_story.js
2026-07-20T03:15:23Z [read] skip  C:\dev\abd-context-driven-delivery\sandbox\play-core-mechanics\manage-character-sheet\create-character\create_character_story.js
2026-07-20T03:15:23Z [post] skip  C:\dev\abd-context-driven-delivery\sandbox\play-core-mechanics\.context
2026-07-20T03:15:24Z [post] skip  C:\dev\abd-context-driven-delivery\sandbox\play-core-mechanics\manage-character-sheet\create-character\create_character_story.js
2026-07-20T03:15:41Z [post] skip  C:\dev\abd-context-driven-delivery\sandbox\play-core-mechanics\.context\bdd-story-runner-sketch.md
2026-07-20T03:15:42Z [post] skip  C:\dev\abd-context-driven-delivery\sandbox\play-core-mechanics\.context\bdd-story-runner-sketch.md
2026-07-20T03:15:45Z [post] skip  C:\dev\abd-context-driven-delivery\sandbox\play-core-mechanics\.context\ce-story-demo-sketch.md
2026-07-20T03:15:46Z [post] skip  C:\dev\abd-context-driven-delivery\sandbox\play-core-mechanics\.context\ce-story-demo-sketch.md
2026-07-20T03:15:53Z [pre ] skip  C:\dev\abd-context-driven-delivery\contexts\cdd\.context\connected-contexts.md
2026-07-20T03:15:54Z [post] skip  C:\dev\abd-context-driven-delivery\contexts\cdd\.context\connected-contexts.md
2026-07-20T03:15:55Z [post] skip  C:\dev\abd-context-driven-delivery\contexts\cdd\.context\connected-contexts.md
2026-07-20T03:17:18Z [post] skip  C:\dev\abd-context-driven-delivery\contexts\ux\.context
2026-07-20T03:17:18Z [post] skip  C:\dev\abd-context-driven-delivery\contexts\clean_engineering\.context
2026-07-20T03:17:32Z [post] skip  C:\dev\abd-context-driven-delivery\contexts\ux\.context\ux-sketch.md
2026-07-20T03:17:33Z [post] skip  C:\dev\abd-context-driven-delivery\contexts\ux\.context\ux-sketch.md
2026-07-20T03:17:35Z [post] skip  C:\dev\abd-context-driven-delivery\contexts\ux\.context\ux-context.md
2026-07-20T03:17:36Z [post] skip  C:\dev\abd-context-driven-delivery\contexts\ux\.context\ux-context.md
2026-07-20T03:17:46Z [pre ] skip  C:\dev\abd-context-driven-delivery\sandbox\play-core-mechanics\.context\ux-sketch.md
2026-07-20T03:17:47Z [pre ] skip  C:\dev\abd-context-driven-delivery\sandbox\play-core-mechanics\.context\ux-context.md
2026-07-20T03:17:47Z [pre ] skip  C:\dev\abd-context-driven-delivery\contexts\clean_engineering\.context\ce-story-demo-sketch.md
2026-07-20T03:17:47Z [post] skip  C:\dev\abd-context-driven-delivery\sandbox\play-core-mechanics\.context\ux-sketch.md
2026-07-20T03:17:48Z [post] skip  C:\dev\abd-context-driven-delivery\sandbox\play-core-mechanics\.context\ux-context.md
2026-07-20T03:17:48Z [pre ] skip  C:\dev\abd-context-driven-delivery\contexts\cdd\.context\connected-contexts.md
2026-07-20T03:17:48Z [read] skip  C:\dev\abd-context-driven-delivery\contexts\clean_engineering\.context\ce-story-demo-sketch.md
2026-07-20T03:17:48Z [post] skip  C:\dev\abd-context-driven-delivery\sandbox\play-core-mechanics\.context\ux-sketch.md
2026-07-20T03:17:49Z [post] skip  C:\dev\abd-context-driven-delivery\sandbox\play-core-mechanics\.context\ux-context.md
2026-07-20T03:17:49Z [post] skip  C:\dev\abd-context-driven-delivery\contexts\clean_engineering\.context\ce-story-demo-sketch.md
2026-07-20T03:17:49Z [post] skip  C:\dev\abd-context-driven-delivery\contexts\cdd\.context\connected-contexts.md
2026-07-20T03:17:50Z [pre ] skip  C:\dev\abd-context-driven-delivery\contexts\clean_engineering\.context\ce-story-demo-sketch.md
2026-07-20T03:17:50Z [post] skip  C:\dev\abd-context-driven-delivery\contexts\cdd\.context\connected-contexts.md
2026-07-20T03:17:52Z [post] skip  C:\dev\abd-context-driven-delivery\contexts\clean_engineering\.context\ce-story-demo-sketch.md
2026-07-20T03:17:52Z [post] skip  C:\dev\abd-context-driven-delivery\contexts\clean_engineering\.context\ce-story-demo-sketch.md
2026-07-20T03:19:38Z [pre ] skip  C:\dev\abd-context-driven-delivery\contexts\ux\.context\ux-context.md
2026-07-20T03:19:39Z [read] skip  C:\dev\abd-context-driven-delivery\contexts\ux\.context\ux-context.md
2026-07-20T03:19:39Z [pre ] skip  C:\dev\abd-context-driven-delivery\contexts\cdd\.context\connected-contexts.md
2026-07-20T03:19:40Z [post] skip  C:\dev\abd-context-driven-delivery\contexts\ux\.context\ux-context.md
2026-07-20T03:19:40Z [post] skip  C:\dev\abd-context-driven-delivery\contexts\cdd\.context\connected-contexts.md
2026-07-20T03:19:41Z [pre ] skip  C:\dev\abd-context-driven-delivery\contexts\ux\.context\ux-context.md
2026-07-20T03:19:41Z [post] skip  C:\dev\abd-context-driven-delivery\contexts\cdd\.context\connected-contexts.md
2026-07-20T03:19:42Z [post] skip  C:\dev\abd-context-driven-delivery\contexts\ux\.context\ux-context.md
2026-07-20T03:19:43Z [post] skip  C:\dev\abd-context-driven-delivery\contexts\ux\.context\ux-context.md
2026-07-20T03:19:47Z [pre ] skip  C:\dev\abd-context-driven-delivery\contexts\ux\.context\ce-story-demo-sketch.md
2026-07-20T03:19:48Z [pre ] skip  C:\dev\abd-context-driven-delivery\sandbox\play-core-mechanics\.context\ux-context.md
2026-07-20T03:19:48Z [read] skip  C:\dev\abd-context-driven-delivery\contexts\ux\.context\ce-story-demo-sketch.md
2026-07-20T03:19:49Z [post] skip  C:\dev\abd-context-driven-delivery\sandbox\play-core-mechanics\.context\ux-context.md
2026-07-20T03:19:49Z [post] skip  C:\dev\abd-context-driven-delivery\contexts\ux\.context\ce-story-demo-sketch.md
2026-07-20T03:19:50Z [post] skip  C:\dev\abd-context-driven-delivery\sandbox\play-core-mechanics\.context\ux-context.md
2026-07-20T03:19:50Z [pre ] skip  C:\dev\abd-context-driven-delivery\contexts\ux\.context\ce-story-demo-sketch.md
2026-07-20T03:19:51Z [post] skip  C:\dev\abd-context-driven-delivery\contexts\ux\.context\ce-story-demo-sketch.md
2026-07-20T03:19:52Z [post] skip  C:\dev\abd-context-driven-delivery\contexts\ux\.context\ce-story-demo-sketch.md
2026-07-20T03:20:01Z [pre ] skip  C:\dev\abd-context-driven-delivery\contexts\ux\.context\bdd-story-runner-sketch.md
2026-07-20T03:20:01Z [pre ] skip  C:\dev\abd-context-driven-delivery\contexts\ux\.context\ux-context.md
2026-07-20T03:20:02Z [post] skip  C:\dev\abd-context-driven-delivery\contexts\ux\.context\bdd-story-runner-sketch.md
2026-07-20T03:20:02Z [pre ] skip  C:\dev\abd-context-driven-delivery\contexts\cdd\.context\connected-contexts.md
2026-07-20T03:20:02Z [post] skip  C:\dev\abd-context-driven-delivery\contexts\ux\.context\ux-context.md
2026-07-20T03:20:03Z [pre ] skip  C:\dev\abd-context-driven-delivery\contexts\ux\.context\ce-story-demo-sketch.md
2026-07-20T03:20:03Z [post] skip  C:\dev\abd-context-driven-delivery\contexts\cdd\.context\connected-contexts.md
2026-07-20T03:20:03Z [post] skip  C:\dev\abd-context-driven-delivery\contexts\ux\.context\ux-context.md
2026-07-20T03:20:04Z [post] skip  C:\dev\abd-context-driven-delivery\contexts\ux\.context\ce-story-demo-sketch.md
2026-07-20T03:20:05Z [post] skip  C:\dev\abd-context-driven-delivery\contexts\cdd\.context\connected-contexts.md
2026-07-20T03:20:05Z [post] skip  C:\dev\abd-context-driven-delivery\contexts\ux\.context\ce-story-demo-sketch.md
2026-07-20T03:20:08Z [pre ] skip  C:\dev\abd-context-driven-delivery\sandbox\play-core-mechanics\.context\ux-context.md
2026-07-20T03:20:09Z [post] skip  C:\dev\abd-context-driven-delivery\sandbox\play-core-mechanics\.context\ux-context.md
2026-07-20T03:20:10Z [post] skip  C:\dev\abd-context-driven-delivery\sandbox\play-core-mechanics\.context\ux-context.md
2026-07-20T03:20:37Z [pre ] skip  C:\dev\abd-context-driven-delivery\contexts\ux\.context\ux-context.md
2026-07-20T03:20:37Z [pre ] skip  C:\dev\abd-context-driven-delivery\contexts\cdd\.context\connected-contexts.md
2026-07-20T03:20:38Z [post] skip  C:\dev\abd-context-driven-delivery\contexts\ux\.context\ux-context.md
2026-07-20T03:20:38Z [pre ] skip  C:\dev\abd-context-driven-delivery\contexts\ux\.context\ce-story-demo-sketch.md
2026-07-20T03:20:38Z [post] skip  C:\dev\abd-context-driven-delivery\contexts\ux\.context\bdd-story-runner-sketch.md
2026-07-20T03:20:38Z [post] skip  C:\dev\abd-context-driven-delivery\contexts\cdd\.context\connected-contexts.md
2026-07-20T03:20:39Z [post] skip  C:\dev\abd-context-driven-delivery\contexts\ux\.context\ux-context.md
2026-07-20T03:20:39Z [post] skip  C:\dev\abd-context-driven-delivery\contexts\ux\.context\ce-story-demo-sketch.md
2026-07-20T03:20:39Z [post] skip  C:\dev\abd-context-driven-delivery\contexts\ux\.context\bdd-story-runner-sketch.md
2026-07-20T03:20:39Z [post] skip  C:\dev\abd-context-driven-delivery\contexts\cdd\.context\connected-contexts.md
2026-07-20T03:20:40Z [post] skip  C:\dev\abd-context-driven-delivery\contexts\ux\.context\ce-story-demo-sketch.md
2026-07-20T03:20:59Z [pre ] skip  C:\dev\abd-context-driven-delivery\contexts\bdd\sketch-template.md
2026-07-20T03:21:00Z [read] skip  C:\dev\abd-context-driven-delivery\contexts\bdd\sketch-template.md
2026-07-20T03:21:00Z [post] skip  C:\dev\abd-context-driven-delivery\contexts\bdd
2026-07-20T03:21:00Z [post] skip  C:\dev\abd-context-driven-delivery\contexts\bdd\sketch-template.md
2026-07-20T03:21:04Z [pre ] skip  C:\dev\abd-context-driven-delivery\contexts\bdd\bdd.md
2026-07-20T03:21:05Z [read] skip  C:\dev\abd-context-driven-delivery\contexts\bdd\bdd.md
2026-07-20T03:21:05Z [post] skip  C:\dev\abd-context-driven-delivery\contexts\bdd
2026-07-20T03:21:06Z [post] skip  C:\dev\abd-context-driven-delivery\contexts\bdd\bdd.md
2026-07-20T03:21:12Z [pre ] skip  C:\dev\abd-context-driven-delivery\contexts\bdd\sketch-template.md
2026-07-20T03:21:12Z [pre ] skip  C:\dev\abd-context-driven-delivery\contexts\bdd\bdd.md
2026-07-20T03:21:13Z [read] skip  C:\dev\abd-context-driven-delivery\contexts\bdd\sketch-template.md
2026-07-20T03:21:13Z [post] skip  C:\dev\abd-context-driven-delivery\contexts\bdd\bdd.md
2026-07-20T03:21:14Z [post] skip  C:\dev\abd-context-driven-delivery\contexts\bdd\sketch-template.md
2026-07-20T03:21:15Z [pre ] skip  C:\dev\abd-context-driven-delivery\contexts\bdd\sketch-template.md
2026-07-20T03:21:16Z [post] skip  C:\dev\abd-context-driven-delivery\contexts\bdd\sketch-template.md
2026-07-20T03:21:17Z [post] skip  C:\dev\abd-context-driven-delivery\contexts\bdd\sketch-template.md
2026-07-20T03:21:20Z [pre ] skip  C:\dev\abd-context-driven-delivery\contexts\bdd\bdd.md
2026-07-20T03:21:21Z [read] skip  C:\dev\abd-context-driven-delivery\contexts\bdd\bdd.md
2026-07-20T03:21:22Z [post] skip  C:\dev\abd-context-driven-delivery\contexts\bdd\bdd.md
2026-07-20T03:21:25Z [pre ] skip  C:\dev\abd-context-driven-delivery\contexts\bdd\bdd.md
2026-07-20T03:21:26Z [read] skip  C:\dev\abd-context-driven-delivery\contexts\bdd\bdd.md
2026-07-20T03:21:27Z [post] skip  C:\dev\abd-context-driven-delivery\contexts\bdd\bdd.md
2026-07-20T03:21:28Z [pre ] skip  C:\dev\abd-context-driven-delivery\contexts\bdd\bdd.md
2026-07-20T03:21:29Z [post] skip  C:\dev\abd-context-driven-delivery\contexts\bdd\bdd.md
2026-07-20T03:21:30Z [post] skip  C:\dev\abd-context-driven-delivery\contexts\bdd\bdd.md
2026-07-20T03:23:18Z [pre ] skip  C:\dev\abd-context-driven-delivery\contexts\ux\.context\bdd-story-runner-sketch.md
2026-07-20T03:23:20Z [post] skip  C:\dev\abd-context-driven-delivery\contexts\ux\.context\bdd-story-runner-sketch.md
2026-07-20T03:23:21Z [post] skip  C:\dev\abd-context-driven-delivery\contexts\ux\.context\bdd-story-runner-sketch.md
2026-07-20T03:23:22Z [pre ] skip  C:\dev\abd-context-driven-delivery\contexts\ux\.context\bdd-story-runner-sketch.md
2026-07-20T03:23:23Z [post] skip  C:\dev\abd-context-driven-delivery\contexts\ux\.context\bdd-story-runner-sketch.md
2026-07-20T03:23:24Z [post] skip  C:\dev\abd-context-driven-delivery\contexts\ux\.context\bdd-story-runner-sketch.md
2026-07-20T03:24:23Z [pre ] skip  C:\dev\abd-context-driven-delivery\contexts\ux\.context\bdd-story-runner-sketch.md
2026-07-20T03:24:24Z [post] skip  C:\dev\abd-context-driven-delivery\contexts\ux\.context\bdd-story-runner-sketch.md
2026-07-20T03:24:25Z [post] skip  C:\dev\abd-context-driven-delivery\contexts\ux\.context\bdd-story-runner-sketch.md
2026-07-20T03:25:30Z [pre ] skip  C:\dev\abd-context-driven-delivery\contexts\ux\.context\bdd-story-runner-sketch.md
2026-07-20T03:25:31Z [post] skip  C:\dev\abd-context-driven-delivery\contexts\ux\.context\bdd-story-runner-sketch.md
2026-07-20T03:25:32Z [post] skip  C:\dev\abd-context-driven-delivery\contexts\ux\.context\bdd-story-runner-sketch.md
2026-07-20T03:25:34Z [pre ] skip  C:\dev\abd-context-driven-delivery\contexts\ux\.context\bdd-story-runner-sketch.md
2026-07-20T03:25:35Z [post] skip  C:\dev\abd-context-driven-delivery\contexts\ux\.context\bdd-story-runner-sketch.md
2026-07-20T03:25:36Z [post] skip  C:\dev\abd-context-driven-delivery\contexts\ux\.context\bdd-story-runner-sketch.md
2026-07-20T03:28:46Z [pre ] skip  C:\dev\abd-context-driven-delivery\contexts\ux\.context\ce-story-demo-sketch.md
2026-07-20T03:28:47Z [post] skip  C:\dev\abd-context-driven-delivery\contexts\ux\.context\ce-story-demo-sketch.md
2026-07-20T03:28:48Z [post] skip  C:\dev\abd-context-driven-delivery\contexts\ux\.context\ce-story-demo-sketch.md
2026-07-20T14:20:47Z [post] skip  C:\dev\abd-context-driven-delivery
2026-07-20T14:20:55Z [pre ] skip  C:\dev\abd-context-driven-delivery\contexts\ux\.context\ce-story-demo-sketch.md
2026-07-20T14:20:56Z [pre ] skip  C:\dev\abd-context-driven-delivery\contexts\ux\.context\bdd-story-runner-sketch.md
2026-07-20T14:20:57Z [post] skip  C:\dev\abd-context-driven-delivery\contexts\ux\.context\ce-story-demo-sketch.md
2026-07-20T14:20:57Z [read] skip  C:\dev\abd-context-driven-delivery\contexts\ux\.context\bdd-story-runner-sketch.md
2026-07-20T14:20:58Z [post] skip  C:\dev\abd-context-driven-delivery\contexts\ux\.context\ce-story-demo-sketch.md
2026-07-20T14:20:58Z [post] skip  C:\dev\abd-context-driven-delivery\contexts\ux\.context\bdd-story-runner-sketch.md
2026-07-20T14:21:00Z [pre ] skip  C:\dev\abd-context-driven-delivery\contexts\ux\.context\ce-story-demo-sketch.md
2026-07-20T14:21:00Z [pre ] skip  C:\dev\abd-context-driven-delivery\contexts\ux\.context\bdd-story-runner-sketch.md
2026-07-20T14:21:00Z [pre ] skip  C:\dev\abd-context-driven-delivery\contexts\cdd\.context\connected-contexts.md
2026-07-20T14:21:01Z [post] skip  C:\dev\abd-context-driven-delivery\contexts\ux\.context\bdd-story-runner-sketch.md
2026-07-20T14:21:01Z [pre ] skip  C:\dev\abd-context-driven-delivery\contexts\ux\.context\ux-context.md
2026-07-20T14:21:01Z [post] skip  C:\dev\abd-context-driven-delivery\contexts\ux\.context\ce-story-demo-sketch.md
2026-07-20T14:21:01Z [post] skip  C:\dev\abd-context-driven-delivery\contexts\cdd\.context\connected-contexts.md
2026-07-20T14:21:02Z [pre ] skip  C:\dev\abd-context-driven-delivery\contexts\ux\.context\ux-sketch.md
2026-07-20T14:21:02Z [post] skip  C:\dev\abd-context-driven-delivery\contexts\ux\.context\ce-story-demo-sketch.md
2026-07-20T14:21:02Z [post] skip  C:\dev\abd-context-driven-delivery\contexts\ux\.context\bdd-story-runner-sketch.md
2026-07-20T14:21:02Z [post] skip  C:\dev\abd-context-driven-delivery\contexts\ux\.context\ux-context.md
2026-07-20T14:21:03Z [post] skip  C:\dev\abd-context-driven-delivery\contexts\cdd\.context\connected-contexts.md
2026-07-20T14:21:03Z [read] skip  C:\dev\abd-context-driven-delivery\contexts\ux\.context\ux-sketch.md
2026-07-20T14:21:03Z [pre ] skip  C:\dev\abd-context-driven-delivery\contexts\ux\.context\grill-answers.md
2026-07-20T14:21:03Z [post] skip  C:\dev\abd-context-driven-delivery\contexts\ux\.context\ux-context.md
2026-07-20T14:21:04Z [pre ] skip  C:\dev\abd-context-driven-delivery\contexts\ux\.context\ce-story-demo-sketch.md
2026-07-20T14:21:04Z [pre ] skip  C:\dev\abd-context-driven-delivery\contexts\ux\.context\bdd-story-runner-sketch.md
2026-07-20T14:21:05Z [read] skip  C:\dev\abd-context-driven-delivery\contexts\ux\.context\grill-answers.md
2026-07-20T14:21:05Z [post] skip  C:\dev\abd-context-driven-delivery\contexts\ux\.context\ux-sketch.md
2026-07-20T14:21:05Z [post] skip  C:\dev\abd-context-driven-delivery\contexts\ux\.context\ce-story-demo-sketch.md
2026-07-20T14:21:06Z [post] skip  C:\dev\abd-context-driven-delivery\contexts\ux\.context\grill-answers.md
2026-07-20T14:21:06Z [post] skip  C:\dev\abd-context-driven-delivery\contexts\ux\.context\bdd-story-runner-sketch.md
2026-07-20T14:21:06Z [pre ] skip  C:\dev\abd-context-driven-delivery\contexts\ux\.context\ux-sketch.md
2026-07-20T14:21:07Z [post] skip  C:\dev\abd-context-driven-delivery\contexts\ux\.context\ce-story-demo-sketch.md
2026-07-20T14:21:07Z [post] skip  C:\dev\abd-context-driven-delivery\contexts\ux\.context\bdd-story-runner-sketch.md
2026-07-20T14:21:07Z [post] skip  C:\dev\abd-context-driven-delivery\contexts\ux\.context\ux-sketch.md
2026-07-20T14:21:07Z [pre ] skip  C:\dev\abd-context-driven-delivery\contexts\ux\.context\grill-answers.md
2026-07-20T14:21:08Z [post] skip  C:\dev\abd-context-driven-delivery\contexts\ux\.context\ux-sketch.md
2026-07-20T14:21:08Z [post] skip  C:\dev\abd-context-driven-delivery\contexts\ux\.context\grill-answers.md
2026-07-20T14:21:09Z [post] skip  C:\dev\abd-context-driven-delivery\contexts\ux\.context\grill-answers.md
2026-07-20T14:24:01Z [pre ] skip  C:\dev\abd-context-driven-delivery\contexts\ux\.context\ce-story-demo-sketch.md
2026-07-20T14:24:02Z [post] skip  C:\dev\abd-context-driven-delivery\contexts\ux\.context\ce-story-demo-sketch.md
2026-07-20T14:24:03Z [post] skip  C:\dev\abd-context-driven-delivery\contexts\ux\.context\ce-story-demo-sketch.md
2026-07-20T14:27:29Z [pre ] skip  C:\dev\abd-context-driven-delivery\contexts\ux\.context\ce-story-demo-sketch.md
2026-07-20T14:27:30Z [post] skip  C:\dev\abd-context-driven-delivery\contexts\ux\.context\ce-story-demo-sketch.md
2026-07-20T14:27:31Z [pre ] skip  C:\dev\abd-context-driven-delivery\contexts\ux\.context\ux-context.md
2026-07-20T14:27:31Z [post] skip  C:\dev\abd-context-driven-delivery\contexts\ux\.context\ce-story-demo-sketch.md
2026-07-20T14:27:32Z [post] skip  C:\dev\abd-context-driven-delivery\contexts\ux\.context\ux-context.md
2026-07-20T14:27:33Z [post] skip  C:\dev\abd-context-driven-delivery\contexts\ux\.context\ux-context.md
2026-07-20T14:27:34Z [pre ] skip  C:\dev\abd-context-driven-delivery\contexts\cdd\.context\connected-contexts.md
2026-07-20T14:27:35Z [post] skip  C:\dev\abd-context-driven-delivery\contexts\cdd\.context\connected-contexts.md
2026-07-20T14:27:36Z [pre ] skip  C:\dev\abd-context-driven-delivery\contexts\ux\.context\ux-sketch.md
2026-07-20T14:27:36Z [post] skip  C:\dev\abd-context-driven-delivery\contexts\cdd\.context\connected-contexts.md
2026-07-20T14:27:37Z [post] skip  C:\dev\abd-context-driven-delivery\contexts\ux\.context\ux-sketch.md
2026-07-20T14:27:38Z [post] skip  C:\dev\abd-context-driven-delivery\contexts\ux\.context\ux-sketch.md
2026-07-20T14:29:48Z [pre ] skip  C:\dev\abd-context-driven-delivery\contexts\ux\.context\ce-story-demo-sketch.md
2026-07-20T14:29:49Z [post] skip  C:\dev\abd-context-driven-delivery\contexts\ux\.context\ce-story-demo-sketch.md
2026-07-20T14:29:50Z [post] skip  C:\dev\abd-context-driven-delivery\contexts\ux\.context\ce-story-demo-sketch.md
2026-07-20T14:30:32Z [pre ] skip  C:\dev\abd-context-driven-delivery\contexts\ux\.context\ce-story-demo-sketch.md
2026-07-20T14:30:34Z [post] skip  C:\dev\abd-context-driven-delivery\contexts\ux\.context\ce-story-demo-sketch.md
2026-07-20T14:30:35Z [post] skip  C:\dev\abd-context-driven-delivery\contexts\ux\.context\ce-story-demo-sketch.md
2026-07-20T14:31:57Z [pre ] skip  C:\dev\abd-context-driven-delivery\contexts\ux\.context\ce-story-demo-sketch.md
2026-07-20T14:31:58Z [post] skip  C:\dev\abd-context-driven-delivery\contexts\ux\.context\ce-story-demo-sketch.md
2026-07-20T14:31:59Z [post] skip  C:\dev\abd-context-driven-delivery\contexts\ux\.context\ce-story-demo-sketch.md
2026-07-20T14:32:00Z [pre ] skip  C:\dev\abd-context-driven-delivery\contexts\ux\.context\ce-story-demo-sketch.md
2026-07-20T14:32:02Z [post] skip  C:\dev\abd-context-driven-delivery\contexts\ux\.context\ce-story-demo-sketch.md
2026-07-20T14:32:02Z [post] skip  C:\dev\abd-context-driven-delivery\contexts\ux\.context\ce-story-demo-sketch.md
2026-07-20T14:32:24Z [pre ] skip  C:\dev\abd-context-driven-delivery\contexts\ux\.context\ce-story-demo-sketch.md
2026-07-20T14:32:25Z [post] skip  C:\dev\abd-context-driven-delivery\contexts\ux\.context\ce-story-demo-sketch.md
2026-07-20T14:32:26Z [post] skip  C:\dev\abd-context-driven-delivery\contexts\ux\.context\ce-story-demo-sketch.md
2026-07-20T14:33:31Z [pre ] skip  C:\dev\abd-context-driven-delivery\contexts\ux\.context\ce-story-demo-sketch.md
2026-07-20T14:33:32Z [post] skip  C:\dev\abd-context-driven-delivery\contexts\ux\.context\ce-story-demo-sketch.md
2026-07-20T14:33:33Z [post] skip  C:\dev\abd-context-driven-delivery\contexts\ux\.context\ce-story-demo-sketch.md
2026-07-20T14:34:12Z [pre ] skip  C:\dev\abd-context-driven-delivery\contexts\ux\.context\ce-story-demo-sketch.md
2026-07-20T14:34:13Z [post] skip  C:\dev\abd-context-driven-delivery\contexts\ux\.context\ce-story-demo-sketch.md
2026-07-20T14:34:14Z [post] skip  C:\dev\abd-context-driven-delivery\contexts\ux\.context\ce-story-demo-sketch.md
2026-07-20T14:34:16Z [pre ] skip  C:\dev\abd-context-driven-delivery\contexts\ux\.context\ce-story-demo-sketch.md
2026-07-20T14:34:17Z [post] skip  C:\dev\abd-context-driven-delivery\contexts\ux\.context\ce-story-demo-sketch.md
2026-07-20T14:34:18Z [post] skip  C:\dev\abd-context-driven-delivery\contexts\ux\.context\ce-story-demo-sketch.md
2026-07-20T14:36:13Z [pre ] skip  C:\dev\abd-context-driven-delivery\contexts\ux\.context\ce-story-demo-sketch.md
2026-07-20T14:36:15Z [post] skip  C:\dev\abd-context-driven-delivery\contexts\ux\.context\ce-story-demo-sketch.md
2026-07-20T14:36:16Z [post] skip  C:\dev\abd-context-driven-delivery\contexts\ux\.context\ce-story-demo-sketch.md
2026-07-20T14:36:20Z [pre ] skip  C:\dev\abd-context-driven-delivery\contexts\ux\.context\ce-story-demo-sketch.md
2026-07-20T14:36:21Z [post] skip  C:\dev\abd-context-driven-delivery\contexts\ux\.context\ce-story-demo-sketch.md
2026-07-20T14:36:22Z [post] skip  C:\dev\abd-context-driven-delivery\contexts\ux\.context\ce-story-demo-sketch.md
2026-07-20T14:38:45Z [pre ] skip  C:\dev\abd-context-driven-delivery\contexts\cdd\.context\connected-contexts.md
2026-07-20T14:38:46Z [post] skip  C:\dev\abd-context-driven-delivery\contexts\cdd\.context\connected-contexts.md
2026-07-20T14:38:46Z [post] skip  C:\dev\abd-context-driven-delivery\contexts\ux\.context
2026-07-20T14:38:53Z [pre ] skip  C:\dev\abd-context-driven-delivery\contexts\ux\.context\ce-story-demo-sketch.md
2026-07-20T14:38:54Z [post] skip  C:\dev\abd-context-driven-delivery\contexts\ux\.context\ce-story-demo-sketch.md
2026-07-20T14:38:55Z [post] skip  C:\dev\abd-context-driven-delivery\contexts\ux\.context\ce-story-demo-sketch.md
2026-07-20T14:38:56Z [pre ] skip  C:\dev\abd-context-driven-delivery\contexts\ux\.context\ce-story-demo-sketch.md
2026-07-20T14:38:57Z [post] skip  C:\dev\abd-context-driven-delivery\contexts\ux\.context\ce-story-demo-sketch.md
2026-07-20T14:38:58Z [post] skip  C:\dev\abd-context-driven-delivery\contexts\ux\.context\ce-story-demo-sketch.md
2026-07-20T14:39:00Z [pre ] skip  C:\dev\abd-context-driven-delivery\contexts\ux\.context\ce-story-demo-sketch.md
2026-07-20T14:39:01Z [post] skip  C:\dev\abd-context-driven-delivery\contexts\ux\.context\ce-story-demo-sketch.md
2026-07-20T14:39:01Z [post] skip  C:\dev\abd-context-driven-delivery\contexts\ux\.context\ce-story-demo-sketch.md
2026-07-20T14:41:07Z [pre ] skip  C:\dev\abd-context-driven-delivery\contexts\ux\.context\ce-story-demo-sketch.md
2026-07-20T14:41:08Z [post] skip  C:\dev\abd-context-driven-delivery\contexts\ux\.context\ce-story-demo-sketch.md
2026-07-20T14:41:09Z [post] skip  C:\dev\abd-context-driven-delivery\contexts\ux\.context\ce-story-demo-sketch.md
2026-07-20T14:42:43Z [pre ] skip  C:\dev\abd-context-driven-delivery\sandbox\play-core-mechanics\manage-character-sheet\manage-character-sheet-helper.js
2026-07-20T14:42:44Z [read] skip  C:\dev\abd-context-driven-delivery\sandbox\play-core-mechanics\manage-character-sheet\manage-character-sheet-helper.js
2026-07-20T14:42:45Z [post] skip  C:\dev\abd-context-driven-delivery\sandbox\play-core-mechanics\manage-character-sheet\manage-character-sheet-helper.js
2026-07-20T14:43:01Z [pre ] skip  C:\dev\abd-context-driven-delivery\contexts\ux\.context\ce-story-demo-sketch.md
2026-07-20T14:43:02Z [post] skip  C:\dev\abd-context-driven-delivery\contexts\ux\.context\ce-story-demo-sketch.md
2026-07-20T14:43:03Z [post] skip  C:\dev\abd-context-driven-delivery\contexts\ux\.context\ce-story-demo-sketch.md
2026-07-20T14:43:04Z [pre ] skip  C:\dev\abd-context-driven-delivery\contexts\ux\.context\ce-story-demo-sketch.md
2026-07-20T14:43:05Z [post] skip  C:\dev\abd-context-driven-delivery\contexts\ux\.context\ce-story-demo-sketch.md
2026-07-20T14:43:06Z [post] skip  C:\dev\abd-context-driven-delivery\contexts\ux\.context\ce-story-demo-sketch.md
2026-07-20T14:43:08Z [pre ] skip  C:\dev\abd-context-driven-delivery\contexts\ux\.context\ce-story-demo-sketch.md
2026-07-20T14:43:09Z [post] skip  C:\dev\abd-context-driven-delivery\contexts\ux\.context\ce-story-demo-sketch.md
2026-07-20T14:43:10Z [post] skip  C:\dev\abd-context-driven-delivery\contexts\ux\.context\ce-story-demo-sketch.md
2026-07-20T14:43:21Z [pre ] skip  C:\dev\abd-context-driven-delivery\sandbox\play-core-mechanics\manage-character-sheet\create-character\create_character_story.js
2026-07-20T14:43:22Z [read] skip  C:\dev\abd-context-driven-delivery\sandbox\play-core-mechanics\manage-character-sheet\create-character\create_character_story.js
2026-07-20T14:43:23Z [post] skip  C:\dev\abd-context-driven-delivery\sandbox\play-core-mechanics\manage-character-sheet\create-character\create_character_story.js
2026-07-20T14:43:23Z [post] skip  C:\dev\abd-context-driven-delivery\contexts\stories
2026-07-20T14:43:31Z [pre ] skip  C:\dev\abd-context-driven-delivery\contexts\stories\.context\grill-answers.md
2026-07-20T14:43:32Z [post] skip  C:\dev\abd-context-driven-delivery\contexts\stories
2026-07-20T14:43:32Z [post] skip  C:\dev\abd-context-driven-delivery\contexts\stories\code\javascript
2026-07-20T14:43:32Z [read] skip  C:\dev\abd-context-driven-delivery\contexts\stories\.context\grill-answers.md
2026-07-20T14:43:33Z [post] skip  C:\dev\abd-context-driven-delivery\contexts\stories\.context\grill-answers.md
2026-07-20T14:47:42Z [pre ] skip  C:\dev\abd-context-driven-delivery\contexts\ux\.context\ce-story-demo-sketch.md
2026-07-20T14:47:43Z [post] skip  C:\dev\abd-context-driven-delivery\contexts\ux\.context\ce-story-demo-sketch.md
2026-07-20T14:47:44Z [post] skip  C:\dev\abd-context-driven-delivery\contexts\ux\.context\ce-story-demo-sketch.md
2026-07-20T14:49:01Z [pre ] skip  C:\dev\abd-context-driven-delivery\contexts\ux\.context\ce-story-demo-sketch.md
2026-07-20T14:49:02Z [post] skip  C:\dev\abd-context-driven-delivery\contexts\ux\.context\ce-story-demo-sketch.md
2026-07-20T14:49:03Z [post] skip  C:\dev\abd-context-driven-delivery\contexts\ux\.context\ce-story-demo-sketch.md
2026-07-20T14:49:07Z [pre ] skip  C:\dev\abd-context-driven-delivery\contexts\ux\.context\ce-story-demo-sketch.md
2026-07-20T14:49:08Z [post] skip  C:\dev\abd-context-driven-delivery\contexts\ux\.context\ce-story-demo-sketch.md
2026-07-20T14:49:09Z [post] skip  C:\dev\abd-context-driven-delivery\contexts\ux\.context\ce-story-demo-sketch.md
2026-07-20T14:52:05Z [pre ] skip  C:\dev\abd-context-driven-delivery\contexts\ux\.context\ce-story-demo-sketch.md
2026-07-20T14:52:06Z [post] skip  C:\dev\abd-context-driven-delivery\contexts\ux\.context\ce-story-demo-sketch.md
2026-07-20T14:52:07Z [post] skip  C:\dev\abd-context-driven-delivery\contexts\ux\.context\ce-story-demo-sketch.md
2026-07-20T14:53:25Z [pre ] skip  C:\dev\abd-context-driven-delivery\contexts\ux\.context\bdd-story-runner-sketch.md
2026-07-20T14:53:26Z [read] skip  C:\dev\abd-context-driven-delivery\contexts\ux\.context\bdd-story-runner-sketch.md
2026-07-20T14:53:27Z [post] skip  C:\dev\abd-context-driven-delivery\contexts\ux\.context\bdd-story-runner-sketch.md
2026-07-20T14:53:28Z [pre ] skip  C:\dev\abd-context-driven-delivery\contexts\ux\.context\bdd-story-runner-sketch.md
2026-07-20T14:53:30Z [post] skip  C:\dev\abd-context-driven-delivery\contexts\ux\.context\bdd-story-runner-sketch.md
2026-07-20T14:53:31Z [post] skip  C:\dev\abd-context-driven-delivery\contexts\ux\.context\bdd-story-runner-sketch.md
2026-07-20T14:54:08Z [pre ] skip  C:\dev\abd-context-driven-delivery\contexts\ux\sketch-template.md
2026-07-20T14:54:09Z [read] skip  C:\dev\abd-context-driven-delivery\contexts\ux\sketch-template.md
2026-07-20T14:54:10Z [post] skip  C:\dev\abd-context-driven-delivery\contexts\ux\sketch-template.md
2026-07-20T14:54:30Z [pre ] skip  C:\dev\abd-context-driven-delivery\contexts\ux\.context\ux-sketch.md
2026-07-20T14:54:31Z [post] skip  C:\dev\abd-context-driven-delivery\contexts\ux\.context\ux-sketch.md
2026-07-20T14:54:32Z [post] skip  C:\dev\abd-context-driven-delivery\contexts\ux\.context\ux-sketch.md
2026-07-20T14:55:03Z [pre ] skip  C:\dev\abd-context-driven-delivery\contexts\ux\.context\ux-context.md
2026-07-20T14:55:04Z [post] skip  C:\dev\abd-context-driven-delivery\contexts\ux\.context\ux-context.md
2026-07-20T14:55:05Z [post] skip  C:\dev\abd-context-driven-delivery\contexts\ux\.context\ux-context.md
2026-07-20T14:55:31Z [pre ] skip  C:\dev\abd-context-driven-delivery\contexts\ux\.context\ux-sketch.md
2026-07-20T14:55:32Z [post] skip  C:\dev\abd-context-driven-delivery\contexts\ux\.context\ux-sketch.md
2026-07-20T14:55:33Z [post] skip  C:\dev\abd-context-driven-delivery\contexts\ux\.context\ux-sketch.md
2026-07-20T17:17:26Z [pre ] skip  C:\dev\abd-context-driven-delivery\contexts\ux\.context\ux-sketch.md
2026-07-20T17:17:28Z [post] skip  C:\dev\abd-context-driven-delivery\contexts\ux\.context\ux-sketch.md
2026-07-20T17:17:29Z [post] skip  C:\dev\abd-context-driven-delivery\contexts\ux\.context\ux-sketch.md
2026-07-20T17:17:31Z [pre ] skip  C:\dev\abd-context-driven-delivery\contexts\ux\.context\ux-sketch.md
2026-07-20T17:17:31Z [pre ] skip  C:\dev\abd-context-driven-delivery\contexts\ux\.context\ux-context.md
2026-07-20T17:17:32Z [post] skip  C:\dev\abd-context-driven-delivery\contexts\ux\.context\ux-sketch.md
2026-07-20T17:17:32Z [post] skip  C:\dev\abd-context-driven-delivery\contexts\ux\.context\ux-context.md
2026-07-20T17:17:33Z [post] skip  C:\dev\abd-context-driven-delivery\contexts\ux\.context\ux-sketch.md
2026-07-20T17:17:33Z [post] skip  C:\dev\abd-context-driven-delivery\contexts\ux\.context\ux-context.md
2026-07-20T17:17:34Z [pre ] skip  C:\dev\abd-context-driven-delivery\contexts\ux\.context\ux-sketch.md
2026-07-20T17:17:35Z [post] skip  C:\dev\abd-context-driven-delivery\contexts\ux\.context\ux-sketch.md
2026-07-20T17:17:36Z [post] skip  C:\dev\abd-context-driven-delivery\contexts\ux\.context\ux-sketch.md
2026-07-20T17:17:42Z [pre ] skip  C:\dev\abd-context-driven-delivery\contexts\ux\.context\ux-sketch.md
2026-07-20T17:17:43Z [post] skip  C:\dev\abd-context-driven-delivery\contexts\ux\.context\ux-sketch.md
2026-07-20T17:17:44Z [post] skip  C:\dev\abd-context-driven-delivery\contexts\ux\.context\ux-sketch.md
2026-07-20T17:22:50Z [pre ] skip  C:\dev\abd-context-driven-delivery\contexts\ux\.context\bdd-story-runner-sketch.md
2026-07-20T17:22:52Z [read] skip  C:\dev\abd-context-driven-delivery\contexts\ux\.context\bdd-story-runner-sketch.md
2026-07-20T17:22:53Z [post] skip  C:\dev\abd-context-driven-delivery\contexts\ux\.context\bdd-story-runner-sketch.md
2026-07-20T17:24:16Z [pre ] skip  C:\dev\abd-context-driven-delivery\contexts\ux\.context\bdd-story-runner-sketch.md
2026-07-20T17:24:16Z [pre ] skip  C:\dev\abd-context-driven-delivery\contexts\ux\.context\ux-model-sketch.md
2026-07-20T17:24:17Z [read] skip  C:\dev\abd-context-driven-delivery\contexts\ux\.context\bdd-story-runner-sketch.md
2026-07-20T17:24:17Z [read] skip  C:\dev\abd-context-driven-delivery\contexts\ux\.context\ux-model-sketch.md
2026-07-20T17:24:18Z [post] skip  C:\dev\abd-context-driven-delivery\contexts\ux\.context\bdd-story-runner-sketch.md
2026-07-20T17:24:18Z [post] skip  C:\dev\abd-context-driven-delivery\contexts\ux\.context\ux-model-sketch.md
2026-07-20T17:24:33Z [pre ] skip  C:\dev\abd-context-driven-delivery\contexts\ux\.context\ce-story-demo-sketch.md
2026-07-20T17:24:35Z [post] skip  C:\dev\abd-context-driven-delivery\contexts\ux\.context\ce-story-demo-sketch.md
2026-07-20T17:24:36Z [post] skip  C:\dev\abd-context-driven-delivery\contexts\ux\.context\ce-story-demo-sketch.md
2026-07-20T17:24:47Z [pre ] skip  C:\dev\abd-context-driven-delivery\contexts\ux\.context\bdd-story-runner-sketch.md
2026-07-20T17:24:49Z [read] skip  C:\dev\abd-context-driven-delivery\contexts\ux\.context\bdd-story-runner-sketch.md
2026-07-20T17:24:50Z [post] skip  C:\dev\abd-context-driven-delivery\contexts\ux\.context\bdd-story-runner-sketch.md
2026-07-20T17:24:51Z [pre ] skip  C:\dev\abd-context-driven-delivery\contexts\ux\.context\bdd-story-runner-sketch.md
2026-07-20T17:24:53Z [post] skip  C:\dev\abd-context-driven-delivery\contexts\ux\.context\bdd-story-runner-sketch.md
2026-07-20T17:24:54Z [post] skip  C:\dev\abd-context-driven-delivery\contexts\ux\.context\bdd-story-runner-sketch.md
2026-07-20T17:27:44Z [post] skip  C:\dev\abd-context-driven-delivery\contexts\ux
2026-07-20T17:27:44Z [post] skip  C:\dev\abd-context-driven-delivery\contexts\ux\.context
2026-07-20T17:27:49Z [pre ] skip  C:\dev\abd-context-driven-delivery\contexts\ux\ux_model\nodes.py
2026-07-20T17:27:50Z [post] skip  C:\dev\abd-context-driven-delivery\contexts\ux\ux_model\nodes.py
2026-07-20T17:29:13Z [pre ] skip  C:\dev\abd-context-driven-delivery\contexts\ux\.context\ce-story-demo-sketch.md
2026-07-20T17:29:14Z [pre ] skip  C:\dev\abd-context-driven-delivery\contexts\ux\.context\ux-context.md
2026-07-20T17:29:15Z [post] skip  C:\dev\abd-context-driven-delivery\contexts\ux\.context\ce-story-demo-sketch.md
2026-07-20T17:29:15Z [post] skip  C:\dev\abd-context-driven-delivery\contexts\ux\.context\ux-context.md
2026-07-20T17:29:16Z [pre ] skip  C:\dev\abd-context-driven-delivery\contexts\ux\.context\ux-sketch.md
2026-07-20T17:29:16Z [post] skip  C:\dev\abd-context-driven-delivery\contexts\ux\.context\ce-story-demo-sketch.md
2026-07-20T17:29:17Z [post] skip  C:\dev\abd-context-driven-delivery\contexts\ux\.context\ux-context.md
2026-07-20T17:29:17Z [post] skip  C:\dev\abd-context-driven-delivery\contexts\ux\.context\ux-sketch.md
2026-07-20T17:29:18Z [post] skip  C:\dev\abd-context-driven-delivery\contexts\ux\.context\ux-sketch.md
2026-07-20T17:29:19Z [pre ] skip  C:\dev\abd-context-driven-delivery\contexts\ux\.context\ce-story-demo-sketch.md
2026-07-20T17:29:20Z [post] skip  C:\dev\abd-context-driven-delivery\contexts\ux\.context\ce-story-demo-sketch.md
2026-07-20T17:29:21Z [post] skip  C:\dev\abd-context-driven-delivery\contexts\ux\.context\ce-story-demo-sketch.md
2026-07-20T17:29:26Z [pre ] skip  C:\dev\abd-context-driven-delivery\contexts\cdd\.context\connected-contexts.md
2026-07-20T17:29:28Z [post] skip  C:\dev\abd-context-driven-delivery\contexts\cdd\.context\connected-contexts.md
2026-07-20T17:29:29Z [post] skip  C:\dev\abd-context-driven-delivery\contexts\cdd\.context\connected-contexts.md
2026-07-20T17:31:45Z [pre ] skip  C:\dev\abd-context-driven-delivery\contexts\ux\.context\ce-story-demo-sketch.md
2026-07-20T17:31:45Z [post] skip  C:\dev\abd-context-driven-delivery\contexts\ux\.context
2026-07-20T17:31:46Z [post] skip  C:\dev\abd-context-driven-delivery\contexts\ux\.context\ce-story-demo-sketch.md
2026-07-20T17:31:47Z [post] skip  C:\dev\abd-context-driven-delivery\contexts\ux\.context\ce-story-demo-sketch.md
2026-07-20T17:31:55Z [pre ] skip  C:\dev\abd-context-driven-delivery\contexts\ux\.context\ce-story-demo-sketch.md
2026-07-20T17:31:57Z [post] skip  C:\dev\abd-context-driven-delivery\contexts\ux\.context\ce-story-demo-sketch.md
2026-07-20T17:31:58Z [post] skip  C:\dev\abd-context-driven-delivery\contexts\ux\.context\ce-story-demo-sketch.md
2026-07-20T17:32:00Z [pre ] skip  C:\dev\abd-context-driven-delivery\contexts\ux\.context\ce-story-demo-sketch.md
2026-07-20T17:32:00Z [pre ] skip  C:\dev\abd-context-driven-delivery\contexts\ux\.context\bdd-story-runner-sketch.md
2026-07-20T17:32:01Z [post] skip  C:\dev\abd-context-driven-delivery\contexts\ux\.context\ce-story-demo-sketch.md
2026-07-20T17:32:01Z [post] skip  C:\dev\abd-context-driven-delivery\contexts\ux\.context\bdd-story-runner-sketch.md
2026-07-20T17:32:02Z [post] skip  C:\dev\abd-context-driven-delivery\contexts\ux\.context\ce-story-demo-sketch.md
2026-07-20T17:32:03Z [post] skip  C:\dev\abd-context-driven-delivery\contexts\ux\.context\bdd-story-runner-sketch.md
2026-07-20T17:37:49Z [pre ] skip  C:\dev\abd-context-driven-delivery\contexts\ux\.context\ce-story-demo-sketch.md
2026-07-20T17:37:51Z [post] skip  C:\dev\abd-context-driven-delivery\contexts\ux\.context\ce-story-demo-sketch.md
2026-07-20T17:37:52Z [post] skip  C:\dev\abd-context-driven-delivery\contexts\ux\.context\ce-story-demo-sketch.md
2026-07-20T17:38:10Z [pre ] skip  C:\dev\abd-context-driven-delivery\contexts\cdd\.context\connected-contexts.md
2026-07-20T17:38:10Z [pre ] skip  C:\dev\abd-context-driven-delivery\contexts\ux\.context\ux-model-sketch.md
2026-07-20T17:38:11Z [post] skip  C:\dev\abd-context-driven-delivery\contexts\ux\.context
2026-07-20T17:38:11Z [read] skip  C:\dev\abd-context-driven-delivery\contexts\ux\.context\ux-model-sketch.md
2026-07-20T17:38:11Z [post] skip  C:\dev\abd-context-driven-delivery\contexts\cdd\.context\connected-contexts.md
2026-07-20T17:38:12Z [post] skip  C:\dev\abd-context-driven-delivery\contexts\ux\.context\ux-model-sketch.md
2026-07-20T17:38:20Z [pre ] skip  C:\dev\abd-context-driven-delivery\contexts\ux\.context\ux-model-sketch.md
2026-07-20T17:38:21Z [read] skip  C:\dev\abd-context-driven-delivery\contexts\ux\.context\ux-model-sketch.md
2026-07-20T17:38:22Z [post] skip  C:\dev\abd-context-driven-delivery\contexts\ux\.context\ux-model-sketch.md
2026-07-20T17:38:24Z [pre ] skip  C:\dev\abd-context-driven-delivery\contexts\ux\.context\ux-model-sketch.md
2026-07-20T17:38:24Z [pre ] skip  C:\dev\abd-context-driven-delivery\contexts\ux\.context\ux-context.md
2026-07-20T17:38:25Z [pre ] skip  C:\dev\abd-context-driven-delivery\contexts\ux\.context\ux-sketch.md
2026-07-20T17:38:25Z [post] skip  C:\dev\abd-context-driven-delivery\contexts\ux\.context\ux-context.md
2026-07-20T17:38:25Z [post] skip  C:\dev\abd-context-driven-delivery\contexts\ux\.context\ux-model-sketch.md
2026-07-20T17:38:26Z [post] skip  C:\dev\abd-context-driven-delivery\contexts\ux\.context\ux-sketch.md
2026-07-20T17:38:26Z [post] skip  C:\dev\abd-context-driven-delivery\contexts\ux\.context\ux-context.md
2026-07-20T17:38:27Z [post] skip  C:\dev\abd-context-driven-delivery\contexts\ux\.context\ux-model-sketch.md
2026-07-20T17:38:28Z [post] skip  C:\dev\abd-context-driven-delivery\contexts\ux\.context\ux-sketch.md
2026-07-20T17:38:30Z [pre ] skip  C:\dev\abd-context-driven-delivery\contexts\ux\.context\ux-sketch.md
2026-07-20T17:38:31Z [pre ] skip  C:\dev\abd-context-driven-delivery\contexts\ux\.context\bdd-story-runner-sketch.md
2026-07-20T17:38:31Z [post] skip  C:\dev\abd-context-driven-delivery\contexts\ux\.context\ux-sketch.md
2026-07-20T17:38:32Z [post] skip  C:\dev\abd-context-driven-delivery\contexts\ux\.context\bdd-story-runner-sketch.md
2026-07-20T17:38:33Z [post] skip  C:\dev\abd-context-driven-delivery\contexts\ux\.context\ux-sketch.md
2026-07-20T17:38:34Z [post] skip  C:\dev\abd-context-driven-delivery\contexts\ux\.context\bdd-story-runner-sketch.md
2026-07-20T17:38:35Z [pre ] skip  C:\dev\abd-context-driven-delivery\contexts\ux\.context\ux-sketch.md
2026-07-20T17:38:36Z [post] skip  C:\dev\abd-context-driven-delivery\contexts\ux\.context\ux-sketch.md
2026-07-20T17:38:38Z [post] skip  C:\dev\abd-context-driven-delivery\contexts\ux\.context\ux-sketch.md
2026-07-20T17:38:45Z [pre ] skip  C:\dev\abd-context-driven-delivery\contexts\cdd\.context\connected-contexts.md
2026-07-20T17:38:45Z [pre ] skip  C:\dev\abd-context-driven-delivery\contexts\ux\.context\ux-sketch.md
2026-07-20T17:38:47Z [post] skip  C:\dev\abd-context-driven-delivery\contexts\cdd\.context\connected-contexts.md
2026-07-20T17:38:47Z [post] skip  C:\dev\abd-context-driven-delivery\contexts\ux\.context\ux-sketch.md
2026-07-20T17:38:48Z [post] skip  C:\dev\abd-context-driven-delivery\contexts\cdd\.context\connected-contexts.md
2026-07-20T17:38:48Z [post] skip  C:\dev\abd-context-driven-delivery\contexts\ux\.context\ux-sketch.md
2026-07-20T17:39:40Z [post] skip  C:\dev\abd-context-driven-delivery\contexts\ux\.context
2026-07-20T17:39:46Z [pre ] skip  C:\dev\abd-context-driven-delivery\contexts\ux\.context\ce-story-demo-sketch.md
2026-07-20T17:39:48Z [post] skip  C:\dev\abd-context-driven-delivery\contexts\ux\.context\ce-story-demo-sketch.md
2026-07-20T17:39:49Z [post] skip  C:\dev\abd-context-driven-delivery\contexts\ux\.context\ce-story-demo-sketch.md
2026-07-20T17:39:50Z [pre ] skip  C:\dev\abd-context-driven-delivery\contexts\ux\.context\ux-context.md
2026-07-20T17:39:50Z [pre ] skip  C:\dev\abd-context-driven-delivery\contexts\ux\.context\ux-sketch.md
2026-07-20T17:39:51Z [pre ] skip  C:\dev\abd-context-driven-delivery\contexts\ux\.context\ce-story-demo-sketch.md
2026-07-20T17:39:52Z [post] skip  C:\dev\abd-context-driven-delivery\contexts\ux\.context\ux-context.md
2026-07-20T17:39:52Z [post] skip  C:\dev\abd-context-driven-delivery\contexts\ux\.context\ux-sketch.md
2026-07-20T17:39:53Z [post] skip  C:\dev\abd-context-driven-delivery\contexts\ux\.context\ce-story-demo-sketch.md
2026-07-20T17:39:54Z [post] skip  C:\dev\abd-context-driven-delivery\contexts\ux\.context\ux-context.md
2026-07-20T17:39:54Z [pre ] skip  C:\dev\abd-context-driven-delivery\contexts\ux\.context\bdd-story-runner-sketch.md
2026-07-20T17:39:54Z [post] skip  C:\dev\abd-context-driven-delivery\contexts\ux\.context\ux-sketch.md
2026-07-20T17:39:55Z [post] skip  C:\dev\abd-context-driven-delivery\contexts\ux\.context\ce-story-demo-sketch.md
2026-07-20T17:39:55Z [post] skip  C:\dev\abd-context-driven-delivery\contexts\ux\.context\bdd-story-runner-sketch.md
2026-07-20T17:39:57Z [pre ] skip  C:\dev\abd-context-driven-delivery\contexts\ux\.context\ux-sketch.md
2026-07-20T17:39:57Z [post] skip  C:\dev\abd-context-driven-delivery\contexts\ux\.context\bdd-story-runner-sketch.md
2026-07-20T17:39:58Z [post] skip  C:\dev\abd-context-driven-delivery\contexts\ux\.context\ux-sketch.md
2026-07-20T17:39:59Z [post] skip  C:\dev\abd-context-driven-delivery\contexts\ux\.context\ux-sketch.md
2026-07-20T17:40:02Z [pre ] skip  C:\dev\abd-context-driven-delivery\contexts\ux\.context\ux-sketch.md
2026-07-20T17:40:03Z [post] skip  C:\dev\abd-context-driven-delivery\contexts\ux\.context\ux-sketch.md
2026-07-20T17:40:04Z [post] skip  C:\dev\abd-context-driven-delivery\contexts\ux\.context\ux-sketch.md
2026-07-20T17:41:48Z [pre ] skip  C:\dev\abd-context-driven-delivery\contexts\ux\.context\bdd-story-runner-sketch.md
2026-07-20T17:41:49Z [post] skip  C:\dev\abd-context-driven-delivery\contexts\ux\.context
2026-07-20T17:41:49Z [read] skip  C:\dev\abd-context-driven-delivery\contexts\ux\.context\bdd-story-runner-sketch.md
2026-07-20T17:41:50Z [post] skip  C:\dev\abd-context-driven-delivery\contexts\ux\.context\bdd-story-runner-sketch.md
2026-07-20T17:41:58Z [pre ] skip  C:\dev\abd-context-driven-delivery\contexts\ux\.context\ux-context.md
2026-07-20T17:41:58Z [pre ] skip  C:\dev\abd-context-driven-delivery\contexts\cdd\.context\connected-contexts.md
2026-07-20T17:41:59Z [read] skip  C:\dev\abd-context-driven-delivery\contexts\ux\.context\ux-context.md
2026-07-20T17:41:59Z [read] skip  C:\dev\abd-context-driven-delivery\contexts\cdd\.context\connected-contexts.md
2026-07-20T17:42:00Z [post] skip  C:\dev\abd-context-driven-delivery\contexts\ux\.context\ux-context.md
2026-07-20T17:42:00Z [post] skip  C:\dev\abd-context-driven-delivery\contexts\cdd\.context\connected-contexts.md
2026-07-20T17:42:18Z [pre ] skip  C:\dev\abd-context-driven-delivery\contexts\ux\.context\ce-story-runner-sketch.md
2026-07-20T17:42:20Z [post] skip  C:\dev\abd-context-driven-delivery\contexts\ux\.context\ce-story-runner-sketch.md
2026-07-20T17:42:21Z [post] skip  C:\dev\abd-context-driven-delivery\contexts\ux\.context\ce-story-runner-sketch.md
2026-07-20T17:42:27Z [pre ] skip  C:\dev\abd-context-driven-delivery\contexts\ux\.context\bdd-story-runner-sketch.md
2026-07-20T17:42:28Z [read] skip  C:\dev\abd-context-driven-delivery\contexts\ux\.context\bdd-story-runner-sketch.md
2026-07-20T17:42:29Z [post] skip  C:\dev\abd-context-driven-delivery\contexts\ux\.context\bdd-story-runner-sketch.md
2026-07-20T17:42:31Z [pre ] skip  C:\dev\abd-context-driven-delivery\contexts\ux\.context\bdd-story-runner-sketch.md
2026-07-20T17:42:32Z [post] skip  C:\dev\abd-context-driven-delivery\contexts\ux\.context\bdd-story-runner-sketch.md
2026-07-20T17:42:34Z [post] skip  C:\dev\abd-context-driven-delivery\contexts\ux\.context\bdd-story-runner-sketch.md
2026-07-20T17:42:37Z [pre ] skip  C:\dev\abd-context-driven-delivery\contexts\ux\.context\ux-story-runner-sketch.md
2026-07-20T17:42:39Z [post] skip  C:\dev\abd-context-driven-delivery\contexts\ux\.context\ux-story-runner-sketch.md
2026-07-20T17:42:40Z [post] skip  C:\dev\abd-context-driven-delivery\contexts\ux\.context\ux-story-runner-sketch.md
2026-07-20T17:42:41Z [pre ] skip  C:\dev\abd-context-driven-delivery\contexts\ux\.context\ux-context.md
2026-07-20T17:42:42Z [read] skip  C:\dev\abd-context-driven-delivery\contexts\ux\.context\ux-context.md
2026-07-20T17:42:44Z [post] skip  C:\dev\abd-context-driven-delivery\contexts\ux\.context\ux-context.md
2026-07-20T17:42:44Z [pre ] skip  C:\dev\abd-context-driven-delivery\contexts\cdd\.context\connected-contexts.md
2026-07-20T17:42:45Z [pre ] skip  C:\dev\abd-context-driven-delivery\contexts\ux\.context\ux-model-sketch.md
2026-07-20T17:42:45Z [pre ] skip  C:\dev\abd-context-driven-delivery\contexts\ux\.context\ux-context.md
2026-07-20T17:42:46Z [read] skip  C:\dev\abd-context-driven-delivery\contexts\cdd\.context\connected-contexts.md
2026-07-20T17:42:46Z [read] skip  C:\dev\abd-context-driven-delivery\contexts\ux\.context\ux-model-sketch.md
2026-07-20T17:42:46Z [post] skip  C:\dev\abd-context-driven-delivery\contexts\ux\.context\ux-context.md
2026-07-20T17:42:47Z [post] skip  C:\dev\abd-context-driven-delivery\contexts\cdd\.context\connected-contexts.md
2026-07-20T17:42:48Z [post] skip  C:\dev\abd-context-driven-delivery\contexts\ux\.context\ux-context.md
2026-07-20T17:42:48Z [post] skip  C:\dev\abd-context-driven-delivery\contexts\ux\.context\ux-model-sketch.md
2026-07-20T17:42:49Z [pre ] skip  C:\dev\abd-context-driven-delivery\contexts\cdd\.context\connected-contexts.md
2026-07-20T17:42:49Z [pre ] skip  C:\dev\abd-context-driven-delivery\contexts\ux\.context\ux-model-sketch.md
2026-07-20T17:42:50Z [post] skip  C:\dev\abd-context-driven-delivery\contexts\cdd\.context\connected-contexts.md
2026-07-20T17:42:51Z [post] skip  C:\dev\abd-context-driven-delivery\contexts\ux\.context\ux-model-sketch.md
2026-07-20T17:42:51Z [post] skip  C:\dev\abd-context-driven-delivery\contexts\cdd\.context\connected-contexts.md
2026-07-20T17:42:52Z [post] skip  C:\dev\abd-context-driven-delivery\contexts\ux\.context\ux-model-sketch.md
2026-07-20T17:43:00Z [pre ] skip  C:\dev\abd-context-driven-delivery\contexts\ux\.context\ux-story-runner-sketch.md
2026-07-20T17:43:01Z [post] skip  C:\dev\abd-context-driven-delivery\contexts\ux
2026-07-20T17:43:02Z [post] skip  C:\dev\abd-context-driven-delivery\contexts\ux\.context\ux-story-runner-sketch.md
2026-07-20T17:43:02Z [post] skip  C:\dev\abd-context-driven-delivery\contexts\ux
2026-07-20T17:43:03Z [post] skip  C:\dev\abd-context-driven-delivery\contexts\ux\.context\ux-story-runner-sketch.md
2026-07-20T17:57:19Z [pre ] skip  C:\dev\abd-context-driven-delivery\contexts\ux\.context\ux-story-runner-sketch.md
2026-07-20T17:57:21Z [post] skip  C:\dev\abd-context-driven-delivery\contexts\ux\.context\ux-story-runner-sketch.md
2026-07-20T17:57:23Z [post] skip  C:\dev\abd-context-driven-delivery\contexts\ux\.context\ux-story-runner-sketch.md
2026-07-20T17:57:25Z [pre ] skip  C:\dev\abd-context-driven-delivery\contexts\ux\.context\ux-story-runner-sketch.md
2026-07-20T17:57:26Z [post] skip  C:\dev\abd-context-driven-delivery\contexts\ux\.context\ux-story-runner-sketch.md
2026-07-20T17:57:28Z [post] skip  C:\dev\abd-context-driven-delivery\contexts\ux\.context\ux-story-runner-sketch.md
2026-07-20T17:57:30Z [pre ] skip  C:\dev\abd-context-driven-delivery\contexts\ux\.context\ux-story-runner-sketch.md
2026-07-20T17:57:31Z [post] skip  C:\dev\abd-context-driven-delivery\contexts\ux\.context\ux-story-runner-sketch.md
2026-07-20T17:57:32Z [post] skip  C:\dev\abd-context-driven-delivery\contexts\ux\.context\ux-story-runner-sketch.md
2026-07-20T17:57:38Z [pre ] skip  C:\dev\abd-context-driven-delivery\contexts\ux\.context\ux-story-runner-sketch.md
2026-07-20T17:57:39Z [post] skip  C:\dev\abd-context-driven-delivery\contexts\ux\.context\ux-story-runner-sketch.md
2026-07-20T17:57:41Z [post] skip  C:\dev\abd-context-driven-delivery\contexts\ux\.context\ux-story-runner-sketch.md
2026-07-20T17:57:42Z [pre ] skip  C:\dev\abd-context-driven-delivery\contexts\ux\.context\ux-story-runner-sketch.md
2026-07-20T17:57:44Z [post] skip  C:\dev\abd-context-driven-delivery\contexts\ux\.context\ux-story-runner-sketch.md
2026-07-20T17:57:45Z [post] skip  C:\dev\abd-context-driven-delivery\contexts\ux\.context\ux-story-runner-sketch.md
2026-07-20T17:58:07Z [pre ] skip  C:\dev\abd-context-driven-delivery\contexts\ux\.context\ce-story-runner-sketch.md
2026-07-20T17:58:09Z [post] skip  C:\dev\abd-context-driven-delivery\contexts\ux\.context\ce-story-runner-sketch.md
2026-07-20T18:00:20Z [pre ] skip  C:\dev\abd-context-driven-delivery\contexts\ux\.context\ce-story-runner-sketch.md
2026-07-20T18:00:20Z [pre ] skip  C:\Users\thoma\.cursor\plugins\cache\cursor-public\granola\56583da6e4db7f311808543f18ac905b8de1ff85\skills\granola-context\SKILL.md
2026-07-20T18:00:22Z [post] skip  C:\dev\abd-context-driven-delivery\contexts\ux\.context\ce-story-runner-sketch.md
2026-07-20T18:00:22Z [read] skip  C:\Users\thoma\.cursor\plugins\cache\cursor-public\granola\56583da6e4db7f311808543f18ac905b8de1ff85\skills\granola-context\SKILL.md
2026-07-20T18:00:23Z [post] skip  C:\Users\thoma\.cursor\plugins\cache\cursor-public\granola\56583da6e4db7f311808543f18ac905b8de1ff85\skills\granola-context\SKILL.md
2026-07-20T18:00:28Z [pre ] skip  C:\dev\abd-context-driven-delivery\contexts\ux\.context\ux-story-runner-sketch.md
2026-07-20T18:00:29Z [post] skip  C:\dev\abd-context-driven-delivery\contexts\ux\.context\ux-story-runner-sketch.md
2026-07-20T18:00:31Z [post] skip  C:\dev\abd-context-driven-delivery\contexts\ux\.context\ux-story-runner-sketch.md
2026-07-20T18:00:32Z [pre ] skip  C:\dev\abd-context-driven-delivery\contexts\ux\.context\ux-story-runner-sketch.md
2026-07-20T18:00:34Z [post] skip  C:\dev\abd-context-driven-delivery\contexts\ux\.context\ux-story-runner-sketch.md
2026-07-20T18:00:35Z [post] skip  C:\dev\abd-context-driven-delivery\contexts\ux\.context\ux-story-runner-sketch.md
2026-07-20T18:00:37Z [pre ] skip  C:\dev\abd-context-driven-delivery\contexts\ux\.context\ux-story-runner-sketch.md
2026-07-20T18:00:38Z [post] skip  C:\dev\abd-context-driven-delivery\contexts\ux\.context\ux-story-runner-sketch.md
2026-07-20T18:00:39Z [post] skip  C:\dev\abd-context-driven-delivery\contexts\ux\.context\ux-story-runner-sketch.md
2026-07-20T18:02:19Z [post] skip  C:\dev\abd-context-driven-delivery
2026-07-20T18:02:19Z [post] skip  C:\dev\abd-context-driven-delivery\contexts\cdd
2026-07-20T18:02:31Z [pre ] skip  C:\dev\abd-context-driven-delivery\contexts\cdd\sketch-template.md
2026-07-20T18:02:31Z [pre ] skip  C:\dev\abd-context-driven-delivery\contexts\cdd\examples\examples.md
2026-07-20T18:02:32Z [read] skip  C:\dev\abd-context-driven-delivery\contexts\cdd\sketch-template.md
2026-07-20T18:02:32Z [read] skip  C:\dev\abd-context-driven-delivery\contexts\cdd\examples\examples.md
2026-07-20T18:02:34Z [post] skip  C:\dev\abd-context-driven-delivery\contexts\cdd\sketch-template.md
2026-07-20T18:02:34Z [post] skip  C:\dev\abd-context-driven-delivery\contexts\cdd\examples\examples.md
2026-07-20T18:03:09Z [post] skip  C:\dev\abd-context-driven-delivery\contexts\cdd\.context
2026-07-20T18:03:33Z [pre ] skip  C:\dev\abd-context-driven-delivery\contexts\cdd\.context\connected-contexts.md
2026-07-20T18:03:33Z [pre ] skip  C:\dev\abd-context-driven-delivery\contexts\ux\.context\ux-context.md
2026-07-20T18:03:35Z [post] skip  C:\dev\abd-context-driven-delivery\contexts\cdd\.context\connected-contexts.md
2026-07-20T18:03:35Z [post] skip  C:\dev\abd-context-driven-delivery\contexts\ux\.context\cdd-sketch.md
2026-07-20T18:03:35Z [post] skip  C:\dev\abd-context-driven-delivery\contexts\ux\.context\ux-context.md
2026-07-20T18:03:36Z [post] skip  C:\dev\abd-context-driven-delivery\contexts\cdd\.context\connected-contexts.md
2026-07-20T18:03:37Z [post] skip  C:\dev\abd-context-driven-delivery\contexts\ux\.context\cdd-sketch.md
2026-07-20T18:03:37Z [post] skip  C:\dev\abd-context-driven-delivery\contexts\ux\.context\ux-context.md
2026-07-20T18:10:41Z [pre ] skip  C:\dev\abd-context-driven-delivery\contexts\ux\.context\cdd-sketch.md
2026-07-20T18:10:44Z [post] skip  C:\dev\abd-context-driven-delivery\contexts\ux\.context\cdd-sketch.md
2026-07-20T18:10:45Z [post] skip  C:\dev\abd-context-driven-delivery\contexts\ux\.context\cdd-sketch.md
2026-07-20T18:14:24Z [pre ] skip  C:\dev\abd-context-driven-delivery\contexts\ux\.context\cdd-sketch.md
2026-07-20T18:14:25Z [post] skip  C:\dev\abd-context-driven-delivery\contexts\ux\.context\cdd-sketch.md
2026-07-20T18:14:27Z [post] skip  C:\dev\abd-context-driven-delivery\contexts\ux\.context\cdd-sketch.md
2026-07-20T18:14:34Z [pre ] skip  C:\dev\abd-context-driven-delivery\contexts\ux\.context\cdd-sketch.md
2026-07-20T18:14:35Z [post] skip  C:\dev\abd-context-driven-delivery\contexts\ux\.context\cdd-sketch.md
2026-07-20T18:14:36Z [post] skip  C:\dev\abd-context-driven-delivery\contexts\ux\.context\cdd-sketch.md
2026-07-20T18:16:03Z [post] skip  C:\dev\abd-context-driven-delivery
2026-07-20T18:16:15Z [post] skip  C:\dev\abd-context-driven-delivery
2026-07-20T18:16:42Z [pre ] skip  C:\dev\abd-context-driven-delivery\contexts\ux\.context\cdd-sketch.md
2026-07-20T18:16:44Z [post] skip  C:\dev\abd-context-driven-delivery\contexts\ux\.context\cdd-sketch.md
2026-07-20T18:16:45Z [post] skip  C:\dev\abd-context-driven-delivery\contexts\ux\.context\cdd-sketch.md
2026-07-20T18:16:46Z [pre ] skip  C:\dev\abd-context-driven-delivery\contexts\ux\.context\ux-context.md
2026-07-20T18:16:49Z [pre ] skip  C:\dev\abd-context-driven-delivery\contexts\ux\.context\ux-story-runner-sketch.md
2026-07-20T18:16:50Z [pre ] skip  C:\dev\abd-context-driven-delivery\contexts\ux\.context\ce-story-runner-sketch.md
2026-07-20T18:16:51Z [pre ] skip  C:\dev\abd-context-driven-delivery\contexts\cdd\.context\connected-contexts.md
2026-07-20T18:16:51Z [pre ] skip  C:\dev\abd-context-driven-delivery\contexts\ux\.context\bdd-story-runner-sketch.md
2026-07-20T18:16:51Z [post] skip  C:\dev\abd-context-driven-delivery\contexts\ux\.context\ux-context.md
2026-07-20T18:16:52Z [post] skip  C:\dev\abd-context-driven-delivery\contexts\ux\.context\ux-story-runner-sketch.md
2026-07-20T18:16:54Z [post] skip  C:\dev\abd-context-driven-delivery\contexts\ux\.context\ce-story-runner-sketch.md
2026-07-20T18:16:54Z [post] skip  C:\dev\abd-context-driven-delivery\contexts\ux\.context\ux-context.md
2026-07-20T18:16:54Z [post] skip  C:\dev\abd-context-driven-delivery\contexts\ux\.context\bdd-story-runner-sketch.md
2026-07-20T18:16:54Z [post] skip  C:\dev\abd-context-driven-delivery\contexts\cdd\.context\connected-contexts.md
2026-07-20T18:16:56Z [post] skip  C:\dev\abd-context-driven-delivery\contexts\cdd\.context\connected-contexts.md
2026-07-20T18:17:04Z [pre ] skip  C:\dev\abd-context-driven-delivery\contexts\ux\.context\cdd-sketch.md
2026-07-20T18:17:07Z [post] skip  C:\dev\abd-context-driven-delivery\contexts\ux\.context\cdd-sketch.md
2026-07-20T18:17:07Z [post] skip  C:\dev\abd-context-driven-delivery\contexts
2026-07-20T18:17:09Z [post] skip  C:\dev\abd-context-driven-delivery\contexts\ux\.context\cdd-sketch.md
2026-07-20T18:17:15Z [post] skip  C:\dev\abd-context-driven-delivery
2026-07-20T18:19:00Z [pre ] skip  C:\dev\abd-context-driven-delivery\contexts\ux\.context\cdd-sketch.md
2026-07-20T18:19:00Z [pre ] skip  C:\dev\abd-context-driven-delivery\contexts\ux\.context\cdd-sketch.md
2026-07-20T18:19:02Z [post] skip  C:\dev\abd-context-driven-delivery\contexts\ux\.context\cdd-sketch.md
2026-07-20T18:19:02Z [post] skip  C:\dev\abd-context-driven-delivery\contexts\ux\.context\cdd-sketch.md
2026-07-20T18:19:08Z [pre ] skip  C:\dev\abd-context-driven-delivery\contexts\ux\.context\cdd-sketch.md
2026-07-20T18:19:09Z [post] skip  C:\dev\abd-context-driven-delivery\contexts\ux\.context\cdd-sketch.md
2026-07-20T18:19:11Z [post] skip  C:\dev\abd-context-driven-delivery\contexts\ux\.context\cdd-sketch.md
2026-07-20T18:19:30Z [pre ] skip  C:\dev\abd-context-driven-delivery\contexts\ux\.context\cdd-sketch.md
2026-07-20T18:19:31Z [post] skip  C:\dev\abd-context-driven-delivery\contexts\ux\.context\cdd-sketch.md
2026-07-20T18:19:42Z [pre ] skip  C:\dev\abd-context-driven-delivery\contexts\ux\.context\cdd-sketch.md
2026-07-20T18:19:43Z [post] skip  C:\dev\abd-context-driven-delivery\contexts\ux\.context\cdd-sketch.md
2026-07-20T18:19:45Z [post] skip  C:\dev\abd-context-driven-delivery\contexts\ux\.context\cdd-sketch.md
2026-07-20T18:19:46Z [pre ] skip  C:\dev\abd-context-driven-delivery\contexts\ux\.context\cdd-sketch.md
2026-07-20T18:19:48Z [post] skip  C:\dev\abd-context-driven-delivery\contexts\ux\.context\cdd-sketch.md
2026-07-20T18:19:49Z [post] skip  C:\dev\abd-context-driven-delivery\contexts\ux\.context\cdd-sketch.md
2026-07-20T18:19:52Z [pre ] skip  C:\dev\abd-context-driven-delivery\contexts\ux\.context\cdd-sketch.md
2026-07-20T18:19:54Z [post] skip  C:\dev\abd-context-driven-delivery\contexts\ux\.context\cdd-sketch.md
2026-07-20T18:19:55Z [post] skip  C:\dev\abd-context-driven-delivery\contexts\ux\.context\cdd-sketch.md
2026-07-20T18:20:10Z [pre ] skip  C:\dev\abd-context-driven-delivery\contexts\ux\.context\cdd-sketch.md
2026-07-20T18:20:12Z [post] skip  C:\dev\abd-context-driven-delivery\contexts\ux\.context\cdd-sketch.md
2026-07-20T18:20:46Z [pre ] skip  C:\dev\abd-context-driven-delivery\contexts\ux\.context\cdd-sketch.md
2026-07-20T18:20:48Z [post] skip  C:\dev\abd-context-driven-delivery\contexts\ux\.context\cdd-sketch.md
2026-07-20T18:20:49Z [post] skip  C:\dev\abd-context-driven-delivery\contexts\ux\.context\cdd-sketch.md
2026-07-20T18:20:51Z [pre ] skip  C:\dev\abd-context-driven-delivery\contexts\ux\.context\cdd-sketch.md
2026-07-20T18:20:53Z [post] skip  C:\dev\abd-context-driven-delivery\contexts\ux\.context\cdd-sketch.md
2026-07-20T18:20:54Z [post] skip  C:\dev\abd-context-driven-delivery\contexts\ux\.context\cdd-sketch.md
2026-07-20T18:20:57Z [pre ] skip  C:\dev\abd-context-driven-delivery\contexts\ux\.context\cdd-sketch.md
2026-07-20T18:20:58Z [post] skip  C:\dev\abd-context-driven-delivery\contexts\ux\.context\cdd-sketch.md
2026-07-20T18:20:59Z [post] skip  C:\dev\abd-context-driven-delivery\contexts\ux\.context\cdd-sketch.md
2026-07-20T18:21:01Z [pre ] skip  C:\dev\abd-context-driven-delivery\contexts\ux\.context\cdd-sketch.md
2026-07-20T18:21:04Z [post] skip  C:\dev\abd-context-driven-delivery\contexts\ux\.context\cdd-sketch.md
2026-07-20T18:21:06Z [post] skip  C:\dev\abd-context-driven-delivery\contexts\ux\.context\cdd-sketch.md
2026-07-20T18:21:08Z [pre ] skip  C:\dev\abd-context-driven-delivery\contexts\ux\.context\cdd-sketch.md
2026-07-20T18:21:09Z [post] skip  C:\dev\abd-context-driven-delivery\contexts\ux\.context\cdd-sketch.md
2026-07-20T18:21:11Z [post] skip  C:\dev\abd-context-driven-delivery\contexts\ux\.context\cdd-sketch.md
2026-07-20T18:21:14Z [pre ] skip  C:\dev\abd-context-driven-delivery\contexts\ux\.context\cdd-sketch.md
2026-07-20T18:21:15Z [post] skip  C:\dev\abd-context-driven-delivery\contexts\ux\.context\cdd-sketch.md
2026-07-20T18:21:17Z [post] skip  C:\dev\abd-context-driven-delivery\contexts\ux\.context\cdd-sketch.md
2026-07-20T18:21:18Z [pre ] skip  C:\dev\abd-context-driven-delivery\contexts\ux\.context\cdd-sketch.md
2026-07-20T18:21:20Z [post] skip  C:\dev\abd-context-driven-delivery\contexts\ux\.context\cdd-sketch.md
2026-07-20T18:21:21Z [post] skip  C:\dev\abd-context-driven-delivery\contexts\ux\.context\cdd-sketch.md
2026-07-20T18:21:25Z [pre ] skip  C:\dev\abd-context-driven-delivery\contexts\ux\.context\cdd-sketch.md
2026-07-20T18:21:26Z [post] skip  C:\dev\abd-context-driven-delivery\contexts\ux\.context\cdd-sketch.md
2026-07-20T18:21:27Z [post] skip  C:\dev\abd-context-driven-delivery\contexts\ux\.context\cdd-sketch.md
2026-07-20T18:21:30Z [pre ] skip  C:\dev\abd-context-driven-delivery\contexts\ux\.context\cdd-sketch.md
2026-07-20T18:21:31Z [post] skip  C:\dev\abd-context-driven-delivery\contexts\ux\.context\cdd-sketch.md
2026-07-20T18:21:33Z [post] skip  C:\dev\abd-context-driven-delivery\contexts\ux\.context\cdd-sketch.md
2026-07-20T18:24:14Z [pre ] skip  C:\dev\abd-context-driven-delivery\contexts\cdd\cdd.md
2026-07-20T18:24:15Z [read] skip  C:\dev\abd-context-driven-delivery\contexts\cdd\cdd.md
2026-07-20T18:24:18Z [post] skip  C:\dev\abd-context-driven-delivery\contexts\cdd\cdd.md
2026-07-20T18:24:57Z [post] skip  C:\dev\abd-context-driven-delivery
2026-07-20T18:25:10Z [pre ] skip  C:\dev\abd-context-driven-delivery\contexts\cdd\.context\connected-contexts.md
2026-07-20T18:25:10Z [pre ] skip  C:\dev\abd-context-driven-delivery\contexts\ux\.context\story-runner-sketch.md
2026-07-20T18:25:10Z [pre ] skip  C:\dev\abd-context-driven-delivery\contexts\ux\.context\ux-context.md
2026-07-20T18:25:11Z [pre ] skip  C:\dev\abd-context-driven-delivery\contexts\ux\.context\story-runner-sketch.md
2026-07-20T18:25:16Z [post] skip  C:\dev\abd-context-driven-delivery\contexts\ux
2026-07-20T18:25:18Z [post] skip  C:\dev\abd-context-driven-delivery\contexts\cdd\.context\connected-contexts.md
2026-07-20T18:25:18Z [post] skip  C:\dev\abd-context-driven-delivery\contexts\ux\.context\ux-context.md
2026-07-20T18:25:18Z [post] skip  C:\dev\abd-context-driven-delivery\contexts\ux\.context\story-runner-sketch.md
2026-07-20T18:25:19Z [post] skip  C:\dev\abd-context-driven-delivery\contexts\ux\.context\story-runner-sketch.md
2026-07-20T18:25:23Z [post] skip  C:\dev\abd-context-driven-delivery\contexts\cdd\.context\connected-contexts.md
2026-07-20T18:25:23Z [post] skip  C:\dev\abd-context-driven-delivery\contexts\ux\.context\ux-context.md
2026-07-20T18:25:23Z [post] skip  C:\dev\abd-context-driven-delivery\contexts\ux\.context\story-runner-sketch.md
2026-07-20T18:25:29Z [pre ] skip  C:\dev\abd-context-driven-delivery\contexts\ux\.context\ux-context.md
2026-07-20T18:25:32Z [post] skip  C:\dev\abd-context-driven-delivery\contexts\ux\.context\ux-context.md
2026-07-20T18:25:34Z [post] skip  C:\dev\abd-context-driven-delivery\contexts\ux\.context\ux-context.md
2026-07-20T18:34:35Z [post] skip  C:\dev\abd-context-driven-delivery\contexts
2026-07-20T18:34:35Z [post] skip  C:\dev\abd-context-driven-delivery\contexts\ux\.context
2026-07-20T18:34:44Z [pre ] skip  C:\dev\abd-context-driven-delivery\contexts\ux\.context\story-runner-sketch.md
2026-07-20T18:34:47Z [read] skip  C:\dev\abd-context-driven-delivery\contexts\ux\.context\story-runner-sketch.md
2026-07-20T18:34:47Z [post] skip  C:\dev\abd-context-driven-delivery
2026-07-20T18:34:50Z [post] skip  C:\dev\abd-context-driven-delivery\contexts\ux\.context\story-runner-sketch.md
2026-07-20T18:34:56Z [pre ] skip  C:\dev\abd-context-driven-delivery\contexts\ux\.context\story-runner-sketch.md
2026-07-20T18:34:56Z [pre ] skip  C:\dev\abd-context-driven-delivery\contexts\ux\.context\ux-context.md
2026-07-20T18:34:56Z [pre ] skip  C:\dev\abd-context-driven-delivery\contexts\cdd\.context\connected-contexts.md
2026-07-20T18:34:59Z [post] skip  C:\dev\abd-context-driven-delivery\contexts\ux\.context\ux-context.md
2026-07-20T18:34:59Z [post] skip  C:\dev\abd-context-driven-delivery\contexts\cdd\.context\connected-contexts.md
2026-07-20T18:34:59Z [read] skip  C:\dev\abd-context-driven-delivery\contexts\ux\.context\story-runner-sketch.md
2026-07-20T18:35:01Z [post] skip  C:\dev\abd-context-driven-delivery\contexts\ux\.context\ux-context.md
2026-07-20T18:35:01Z [post] skip  C:\dev\abd-context-driven-delivery\contexts\cdd\.context\connected-contexts.md
2026-07-20T18:35:01Z [post] skip  C:\dev\abd-context-driven-delivery\contexts\ux\.context\story-runner-sketch.md
2026-07-20T18:35:03Z [pre ] skip  C:\dev\abd-context-driven-delivery\contexts\ux\.context\ux-context.md
2026-07-20T18:35:03Z [pre ] skip  C:\dev\abd-context-driven-delivery\contexts\ux\.context\story-runner-sketch.md
2026-07-20T18:35:06Z [post] skip  C:\dev\abd-context-driven-delivery\contexts\ux\.context\ux-context.md
2026-07-20T18:35:06Z [post] skip  C:\dev\abd-context-driven-delivery\contexts\ux\.context\story-runner-sketch.md
2026-07-20T18:35:08Z [post] skip  C:\dev\abd-context-driven-delivery\contexts\ux\.context\ux-context.md
2026-07-20T18:35:08Z [post] skip  C:\dev\abd-context-driven-delivery\contexts\ux\.context\story-runner-sketch.md
2026-07-20T18:35:14Z [pre ] skip  C:\dev\abd-context-driven-delivery\contexts\ux\.context\story-runner-sketch.md
2026-07-20T18:35:19Z [post] skip  C:\dev\abd-context-driven-delivery\contexts\ux\.context\story-runner-sketch.md
2026-07-20T18:35:22Z [post] skip  C:\dev\abd-context-driven-delivery\contexts\ux\.context\story-runner-sketch.md
2026-07-20T18:35:33Z [post] skip  C:\dev\abd-context-driven-delivery\contexts\ux
2026-07-20T18:35:33Z [post] skip  C:\dev\abd-context-driven-delivery\contexts\ux
2026-07-20T18:40:05Z [post] skip  C:\Users\thoma\.cursor\projects\c-dev-abd-context-driven-delivery/agent-tools/233b1562-4559-4e8a-8256-c18ee381db3b.txt
2026-07-20T18:40:06Z [post] skip  C:\Users\thoma\.cursor\projects\c-dev-abd-context-driven-delivery/agent-tools/233b1562-4559-4e8a-8256-c18ee381db3b.txt
2026-07-20T18:40:27Z [pre ] skip  C:\Users\thoma\.cursor\projects\c-dev-abd-context-driven-delivery\agent-tools\233b1562-4559-4e8a-8256-c18ee381db3b.txt
2026-07-20T18:40:28Z [read] skip  C:\Users\thoma\.cursor\projects\c-dev-abd-context-driven-delivery\agent-tools\233b1562-4559-4e8a-8256-c18ee381db3b.txt
2026-07-20T18:40:29Z [post] skip  C:\dev\abd-skills
2026-07-20T18:40:29Z [post] skip  C:\dev\abd-skills
2026-07-20T18:40:29Z [post] skip  C:\Users\thoma\.cursor\projects\c-dev-abd-context-driven-delivery\agent-tools\233b1562-4559-4e8a-8256-c18ee381db3b.txt
2026-07-20T18:40:33Z [pre ] skip  C:\Users\thoma\.cursor\projects\c-dev-abd-context-driven-delivery\agent-tools\233b1562-4559-4e8a-8256-c18ee381db3b.txt
2026-07-20T18:40:34Z [post] skip  C:\Users\thoma\.cursor\projects\c-dev-abd-context-driven-delivery\agent-tools\233b1562-4559-4e8a-8256-c18ee381db3b.txt
2026-07-20T18:40:42Z [pre ] skip  C:\dev\abd-skills\common\instructions\workspace.md
2026-07-20T18:40:43Z [read] skip  C:\dev\abd-skills\common\instructions\workspace.md
2026-07-20T18:40:44Z [post] skip  C:\dev\abd-skills\common\instructions\workspace.md
2026-07-20T18:40:45Z [post] skip  C:\dev
2026-07-20T18:40:51Z [pre ] skip  C:\dev\abd-skills\common\prompts\workspace.prompt.md
2026-07-20T18:40:53Z [read] skip  C:\dev\abd-skills\common\prompts\workspace.prompt.md
2026-07-20T18:40:53Z [post] skip  C:\dev\abd-skills
2026-07-20T18:40:53Z [post] skip  C:\dev\abd-skills
2026-07-20T18:40:54Z [post] skip  C:\dev\abd-skills\common\prompts\workspace.prompt.md
2026-07-20T18:40:58Z [pre ] skip  C:\dev\abd-context-driven-delivery\primitives\tools\hooks\abd-context-driven-delivery.code-workspace
2026-07-20T18:40:58Z [pre ] skip  C:\dev\agilebydesign-skills.code-workspace
2026-07-20T18:40:58Z [pre ] skip  C:\dev\abd-skills\abd-skills.code-workspace
2026-07-20T18:40:59Z [read] skip  C:\dev\abd-context-driven-delivery\primitives\tools\hooks\abd-context-driven-delivery.code-workspace
2026-07-20T18:40:59Z [read] skip  C:\dev\abd-skills\abd-skills.code-workspace
2026-07-20T18:40:59Z [read] skip  C:\dev\agilebydesign-skills.code-workspace
2026-07-20T18:41:00Z [post] skip  C:\dev\abd-skills\abd-skills.code-workspace
2026-07-20T18:41:00Z [post] skip  C:\dev\abd-context-driven-delivery\primitives\tools\hooks\abd-context-driven-delivery.code-workspace
2026-07-20T18:41:00Z [post] skip  C:\dev\agilebydesign-skills.code-workspace
2026-07-20T18:43:12Z [post] skip  C:\dev\abd-skills
2026-07-20T18:43:13Z [post] skip  C:\dev
2026-07-20T18:43:17Z [pre ] skip  C:\dev\abd-context-driven-delivery\abd-skills.code-workspace
2026-07-20T18:43:17Z [pre ] skip  C:\Users\thoma\.cursor\skills-cursor\update-cursor-settings\SKILL.md
2026-07-20T18:43:17Z [pre ] skip  C:\dev\abd-context-driven-delivery\cdd.code-workspace
2026-07-20T18:43:18Z [read] skip  C:\dev\abd-context-driven-delivery\abd-skills.code-workspace
2026-07-20T18:43:18Z [read] skip  C:\Users\thoma\.cursor\skills-cursor\update-cursor-settings\SKILL.md
2026-07-20T18:43:18Z [read] skip  C:\dev\abd-context-driven-delivery\cdd.code-workspace
2026-07-20T18:43:19Z [post] skip  C:\dev\abd-context-driven-delivery\abd-skills.code-workspace
2026-07-20T18:43:19Z [post] skip  C:\Users\thoma\.cursor\skills-cursor\update-cursor-settings\SKILL.md
2026-07-20T18:43:19Z [post] skip  C:\dev\abd-context-driven-delivery\cdd.code-workspace
2026-07-20T18:43:25Z [pre ] skip  C:\dev\abd-context-driven-delivery\primitives\tools\hooks\abd-context-driven-delivery.code-workspace
2026-07-20T18:43:26Z [read] skip  C:\dev\abd-context-driven-delivery\primitives\tools\hooks\abd-context-driven-delivery.code-workspace
2026-07-20T18:43:27Z [post] skip  C:\dev\abd-context-driven-delivery\primitives\tools\hooks\abd-context-driven-delivery.code-workspace
2026-07-20T18:43:28Z [post] skip  C:\dev\abd-context-driven-delivery\abd-context-driven-delivery.code-workspace
2026-07-20T18:43:30Z [post] skip  C:\dev\abd-context-driven-delivery\abd-context-driven-delivery.code-workspace
2026-07-20T18:44:32Z [post] skip  C:\Users\thoma\.cursor\projects\c-dev-abd-context-driven-delivery\agent-tools\aad31148-098f-43ad-bd68-92f0e6b4d356.txt
2026-07-20T18:44:33Z [post] skip  C:\Users\thoma\.cursor\projects\c-dev-abd-context-driven-delivery\agent-tools\aad31148-098f-43ad-bd68-92f0e6b4d356.txt
2026-07-20T18:52:10Z [post] skip  c:\dev\abd-context-driven-delivery
2026-07-20T18:52:10Z [post] skip  c:\dev\abd-context-driven-delivery
2026-07-20T18:52:19Z [post] skip  c:\dev\abd-context-driven-delivery
2026-07-20T18:52:19Z [post] skip  c:\dev\abd-context-driven-delivery
2026-07-20T18:52:29Z [pre ] skip  c:\dev\abd-context-driven-delivery\.cursor\skills\cdd\SKILL.md
2026-07-20T18:52:30Z [read] skip  c:\dev\abd-context-driven-delivery\.cursor\skills\cdd\SKILL.md
2026-07-20T18:52:30Z [post] skip  c:\dev\abd-context-driven-delivery
2026-07-20T18:52:31Z [post] skip  c:\dev\abd-context-driven-delivery\.cursor\skills\cdd\SKILL.md
2026-07-20T18:52:48Z [pre ] skip  c:\dev\abd-context-driven-delivery\contexts\cdd\cdd.md
2026-07-20T18:52:48Z [read] skip  c:\dev\abd-context-driven-delivery\contexts\cdd\cdd.md
2026-07-20T18:52:49Z [post] skip  c:\dev\abd-context-driven-delivery\contexts\cdd\cdd.md
2026-07-20T18:52:56Z [pre ] skip  c:\dev\abd-context-driven-delivery\contexts\ux\.context\story-runner-sketch.md
2026-07-20T18:52:57Z [post] skip  c:\dev\abd-context-driven-delivery\contexts\ux\.context\story-runner-sketch.md
2026-07-20T18:53:07Z [pre ] FIRED  c:\dev\abd-context-driven-delivery\contexts\cdd\cdd.py  — 4 manifest line(s)
2026-07-20T18:53:08Z [post] skip  c:\dev\abd-context-driven-delivery\contexts\cdd
2026-07-20T18:53:09Z [read] FIRED  c:\dev\abd-context-driven-delivery\contexts\cdd\cdd.py  — 4 manifest line(s)
2026-07-20T18:53:10Z [post] FIRED  c:\dev\abd-context-driven-delivery\contexts\cdd\cdd.py  — 4 manifest line(s)
2026-07-20T18:53:13Z [pre ] skip  c:\dev\abd-context-driven-delivery\contexts\cdd\examples\examples.md
2026-07-20T18:53:14Z [read] skip  c:\dev\abd-context-driven-delivery\contexts\cdd\examples\examples.md
2026-07-20T18:53:14Z [post] skip  c:\dev\abd-context-driven-delivery\contexts\cdd\examples\examples.md
2026-07-20T19:21:58Z [post] skip  c:\dev\abd-context-driven-delivery
2026-07-20T19:21:58Z [post] skip  c:\dev\abd-context-driven-delivery
2026-07-20T21:41:06Z [post] skip  c:\dev\abd-context-driven-delivery
2026-07-20T21:41:06Z [post] skip  c:\dev\abd-context-driven-delivery
2026-07-20T21:41:06Z [post] skip  c:\dev\abd-context-driven-delivery
2026-07-20T21:41:11Z [pre ] skip  c:\dev\abd-context-driven-delivery\sandbox\play-core-mechanics\story-test.js
2026-07-20T21:41:11Z [pre ] skip  c:\dev\abd-context-driven-delivery\sandbox\play-core-mechanics\manage-character-sheet\create-character\create_character_story.js
2026-07-20T21:41:12Z [read] skip  c:\dev\abd-context-driven-delivery\sandbox\play-core-mechanics\manage-character-sheet\create-character\create_character_story.js
2026-07-20T21:41:12Z [read] skip  c:\dev\abd-context-driven-delivery\sandbox\play-core-mechanics\story-test.js
2026-07-20T21:41:12Z [post] skip  c:\dev\abd-context-driven-delivery\sandbox
2026-07-20T21:41:12Z [post] skip  c:\dev\abd-context-driven-delivery\sandbox\play-core-mechanics
2026-07-20T21:41:13Z [post] skip  c:\dev\abd-context-driven-delivery\sandbox\play-core-mechanics\story-test.js
2026-07-20T21:41:13Z [post] skip  c:\dev\abd-context-driven-delivery\sandbox\play-core-mechanics\manage-character-sheet\create-character\create_character_story.js
2026-07-20T21:41:16Z [pre ] skip  c:\dev\abd-context-driven-delivery\sandbox\play-core-mechanics\play-core-mechanics.html
2026-07-20T21:41:18Z [read] skip  c:\dev\abd-context-driven-delivery\sandbox\play-core-mechanics\play-core-mechanics.html
2026-07-20T21:41:19Z [post] skip  c:\dev\abd-context-driven-delivery
2026-07-20T21:41:19Z [post] skip  c:\dev\abd-context-driven-delivery\sandbox\play-core-mechanics\play-core-mechanics.html
2026-07-20T21:42:29Z [pre ] skip  c:\dev\abd-context-driven-delivery\contexts\cdd\.context\connected-contexts.md
2026-07-20T21:42:30Z [read] skip  c:\dev\abd-context-driven-delivery\contexts\cdd\.context\connected-contexts.md
2026-07-20T21:42:30Z [post] skip  c:\dev\abd-context-driven-delivery\contexts\cdd\.context\connected-contexts.md
2026-07-20T21:42:31Z [pre ] skip  c:\dev\abd-context-driven-delivery\contexts\stories\code\javascript\seeds\story-test.js
2026-07-20T21:42:32Z [post] skip  c:\dev\abd-context-driven-delivery\contexts
2026-07-20T21:42:32Z [read] skip  c:\dev\abd-context-driven-delivery\contexts\stories\code\javascript\seeds\story-test.js
2026-07-20T21:42:32Z [post] skip  c:\dev\abd-context-driven-delivery\contexts\stories\code\javascript\seeds\story-test.js
2026-07-20T21:44:34Z [pre ] skip  c:\dev\abd-context-driven-delivery\contexts\ux\.context\ux-model-sketch.md
2026-07-20T21:44:34Z [read] skip  c:\dev\abd-context-driven-delivery\contexts\ux\.context\ux-model-sketch.md
2026-07-20T21:44:34Z [post] skip  c:\dev\abd-context-driven-delivery\contexts\ux
2026-07-20T21:44:34Z [post] skip  c:\dev\abd-context-driven-delivery\contexts\ux\.context\ux-model-sketch.md
2026-07-20T21:46:16Z [post] skip  c:\dev\abd-context-driven-delivery\contexts
2026-07-20T21:46:20Z [pre ] skip  c:\dev\abd-context-driven-delivery\contexts\ux\.context\ux-model-sketch.md
2026-07-20T21:46:20Z [pre ] skip  c:\dev\abd-context-driven-delivery\contexts\ux\.context\ux-context.md
2026-07-20T21:46:20Z [pre ] skip  c:\dev\abd-context-driven-delivery\contexts\cdd\.context\connected-contexts.md
2026-07-20T21:46:20Z [read] skip  c:\dev\abd-context-driven-delivery\contexts\ux\.context\ux-model-sketch.md
2026-07-20T21:46:20Z [read] skip  c:\dev\abd-context-driven-delivery\contexts\cdd\.context\connected-contexts.md
2026-07-20T21:46:20Z [read] skip  c:\dev\abd-context-driven-delivery\contexts\ux\.context\ux-context.md
2026-07-20T21:46:21Z [post] skip  c:\dev\abd-context-driven-delivery\contexts\ux\.context\ux-model-sketch.md
2026-07-20T21:46:21Z [post] skip  c:\dev\abd-context-driven-delivery\contexts\ux\.context\ux-context.md
2026-07-20T21:46:21Z [post] skip  c:\dev\abd-context-driven-delivery\contexts\cdd\.context\connected-contexts.md
2026-07-20T21:46:59Z [pre ] skip  c:\dev\abd-context-driven-delivery\contexts\ux\.context\story-runner-sketch.md
2026-07-20T21:47:00Z [post] skip  c:\dev\abd-context-driven-delivery\contexts\ux\.context\story-runner-sketch.md
2026-07-20T21:47:00Z [post] skip  c:\dev\abd-context-driven-delivery\contexts\ux\.context\story-runner-sketch.md
2026-07-20T21:47:06Z [pre ] skip  c:\dev\abd-context-driven-delivery\contexts\ux\.context\ux-context.md
2026-07-20T21:47:07Z [read] skip  c:\dev\abd-context-driven-delivery\contexts\ux\.context\ux-context.md
2026-07-20T21:47:07Z [post] skip  c:\dev\abd-context-driven-delivery\contexts\ux\.context\ux-context.md
2026-07-20T21:47:08Z [pre ] skip  c:\dev\abd-context-driven-delivery\contexts\ux\.context\ux-context.md
2026-07-20T21:47:08Z [post] skip  c:\dev\abd-context-driven-delivery\contexts\ux\.context\ux-context.md
2026-07-20T21:47:09Z [post] skip  c:\dev\abd-context-driven-delivery\contexts\ux\.context\ux-context.md
2026-07-20T21:47:09Z [pre ] skip  c:\dev\abd-context-driven-delivery\contexts\ux\.context\ux-model-sketch.md
2026-07-20T21:47:09Z [read] skip  c:\dev\abd-context-driven-delivery\contexts\ux\.context\ux-model-sketch.md
2026-07-20T21:47:10Z [post] skip  c:\dev\abd-context-driven-delivery\contexts\ux\.context\ux-model-sketch.md
2026-07-20T21:47:10Z [pre ] skip  c:\dev\abd-context-driven-delivery\contexts\ux\.context\ux-model-sketch.md
2026-07-20T21:47:11Z [post] skip  c:\dev\abd-context-driven-delivery\contexts\ux\.context\ux-model-sketch.md
2026-07-20T21:47:11Z [post] skip  c:\dev\abd-context-driven-delivery\contexts\ux\.context\ux-model-sketch.md
2026-07-20T21:47:12Z [pre ] skip  c:\dev\abd-context-driven-delivery\contexts\cdd\.context\connected-contexts.md
2026-07-20T21:47:13Z [read] skip  c:\dev\abd-context-driven-delivery\contexts\cdd\.context\connected-contexts.md
2026-07-20T21:47:13Z [post] skip  c:\dev\abd-context-driven-delivery\contexts\cdd\.context\connected-contexts.md
2026-07-20T21:47:14Z [pre ] skip  c:\dev\abd-context-driven-delivery\contexts\cdd\.context\connected-contexts.md
2026-07-20T21:47:15Z [post] skip  c:\dev\abd-context-driven-delivery\contexts\cdd\.context\connected-contexts.md
2026-07-20T21:47:15Z [post] skip  c:\dev\abd-context-driven-delivery\contexts\cdd\.context\connected-contexts.md
2026-07-20T21:47:18Z [pre ] skip  c:\dev\abd-context-driven-delivery\contexts\ux\.context\grill-answers.md
2026-07-20T21:47:18Z [read] skip  c:\dev\abd-context-driven-delivery\contexts\ux\.context\grill-answers.md
2026-07-20T21:47:19Z [post] skip  c:\dev\abd-context-driven-delivery\contexts\ux\.context\grill-answers.md
2026-07-20T21:47:22Z [pre ] skip  c:\dev\abd-context-driven-delivery\contexts\ux\.context\grill-answers.md
2026-07-20T21:47:23Z [read] skip  c:\dev\abd-context-driven-delivery\contexts\ux\.context\grill-answers.md
2026-07-20T21:47:23Z [post] skip  c:\dev\abd-context-driven-delivery\contexts\ux\.context\grill-answers.md
2026-07-20T21:47:24Z [pre ] skip  c:\dev\abd-context-driven-delivery\contexts\ux\.context\grill-answers.md
2026-07-20T21:47:24Z [post] skip  c:\dev\abd-context-driven-delivery\contexts\ux\.context\grill-answers.md
2026-07-20T21:47:25Z [post] skip  c:\dev\abd-context-driven-delivery\contexts\ux\.context\grill-answers.md
2026-07-20T21:48:36Z [post] skip  c:\dev\abd-context-driven-delivery\contexts\stories
2026-07-20T21:48:36Z [post] skip  c:\dev\abd-context-driven-delivery\contexts\ux
2026-07-20T21:48:45Z [pre ] skip  c:\dev\abd-context-driven-delivery\contexts\stories\code\javascript\seeds\story-test.js
2026-07-20T21:48:45Z [pre ] skip  c:\dev\abd-context-driven-delivery\contexts\stories\code\javascript\seeds\story-runner.js
2026-07-20T21:48:45Z [pre ] skip  c:\dev\abd-context-driven-delivery\contexts\stories\code\javascript\seeds\story-types.js
2026-07-20T21:48:45Z [read] skip  c:\dev\abd-context-driven-delivery\contexts\stories\code\javascript\seeds\story-test.js
2026-07-20T21:48:45Z [read] skip  c:\dev\abd-context-driven-delivery\contexts\stories\code\javascript\seeds\story-runner.js
2026-07-20T21:48:46Z [read] skip  c:\dev\abd-context-driven-delivery\contexts\stories\code\javascript\seeds\story-types.js
2026-07-20T21:48:46Z [post] skip  c:\dev\abd-context-driven-delivery\contexts\stories\code\javascript\seeds\story-runner.js
2026-07-20T21:48:46Z [post] skip  c:\dev\abd-context-driven-delivery\contexts\stories\code\javascript\seeds\story-test.js
2026-07-20T21:48:46Z [post] skip  c:\dev\abd-context-driven-delivery\contexts\stories\code\javascript\seeds\story-types.js
2026-07-20T21:48:48Z [pre ] skip  c:\dev\abd-context-driven-delivery\sandbox\play-core-mechanics\story-test.js
2026-07-20T21:48:48Z [pre ] skip  c:\dev\abd-context-driven-delivery\sandbox\play-core-mechanics\manage-character-sheet\create-character\create_character_story.js
2026-07-20T21:48:48Z [read] skip  c:\dev\abd-context-driven-delivery\sandbox\play-core-mechanics\story-test.js
2026-07-20T21:48:48Z [read] skip  c:\dev\abd-context-driven-delivery\sandbox\play-core-mechanics\manage-character-sheet\create-character\create_character_story.js
2026-07-20T21:48:48Z [post] skip  c:\dev\abd-context-driven-delivery\sandbox\play-core-mechanics\story-test.js
2026-07-20T21:48:48Z [post] skip  c:\dev\abd-context-driven-delivery\sandbox\play-core-mechanics\manage-character-sheet\create-character\create_character_story.js
2026-07-20T21:49:03Z [post] skip  c:\dev\abd-context-driven-delivery
2026-07-20T21:49:03Z [pre ] skip  c:\dev\abd-context-driven-delivery\contexts\bdd\sketch-template.md
2026-07-20T21:49:03Z [post] skip  c:\dev\abd-context-driven-delivery
2026-07-20T21:49:04Z [read] skip  c:\dev\abd-context-driven-delivery\contexts\bdd\sketch-template.md
2026-07-20T21:49:04Z [post] skip  c:\dev\abd-context-driven-delivery
2026-07-20T21:49:04Z [post] skip  c:\dev\abd-context-driven-delivery\contexts\bdd\sketch-template.md
2026-07-20T21:49:09Z [pre ] skip  c:\dev\abd-context-driven-delivery\sandbox\checks\check.spec.js
2026-07-20T21:49:09Z [pre ] skip  c:\dev\abd-context-driven-delivery\contexts\stories\code\javascript\tree.py
2026-07-20T21:49:09Z [read] skip  c:\dev\abd-context-driven-delivery\sandbox\checks\check.spec.js
2026-07-20T21:49:09Z [read] skip  c:\dev\abd-context-driven-delivery\contexts\stories\code\javascript\tree.py
2026-07-20T21:49:09Z [post] skip  c:\dev\abd-context-driven-delivery\sandbox\checks
2026-07-20T21:49:09Z [post] skip  c:\dev\abd-context-driven-delivery\contexts\clean_engineering
2026-07-20T21:49:10Z [post] skip  c:\dev\abd-context-driven-delivery\sandbox\checks\check.spec.js
2026-07-20T21:49:10Z [post] skip  c:\dev\abd-context-driven-delivery\contexts\stories\code\javascript\tree.py
2026-07-20T21:49:12Z [pre ] skip  c:\dev\abd-context-driven-delivery\sandbox\checks\.context\module-context.md
2026-07-20T21:49:12Z [post] skip  c:\dev\abd-context-driven-delivery\sandbox
2026-07-20T21:49:13Z [read] skip  c:\dev\abd-context-driven-delivery\sandbox\checks\.context\module-context.md
2026-07-20T21:49:13Z [post] skip  c:\dev\abd-context-driven-delivery\sandbox\checks\.context\module-context.md
2026-07-20T21:49:32Z [pre ] skip  c:\dev\abd-context-driven-delivery\sandbox\checks\check.js
2026-07-20T21:49:32Z [read] skip  c:\dev\abd-context-driven-delivery\sandbox\checks\check.js
2026-07-20T21:49:33Z [post] skip  c:\dev\abd-context-driven-delivery\sandbox\checks\check.js
2026-07-20T21:49:48Z [post] skip  c:\dev\abd-context-driven-delivery\sandbox\play-core-mechanics\play-dual-runner\story-test-core.js
2026-07-20T21:49:49Z [post] skip  c:\dev\abd-context-driven-delivery\sandbox\play-core-mechanics\play-dual-runner\story-test-core.js
2026-07-20T21:49:52Z [post] skip  c:\dev\abd-context-driven-delivery\sandbox\play-core-mechanics\play-dual-runner\story-test-node.js
2026-07-20T21:49:52Z [post] skip  c:\dev\abd-context-driven-delivery\sandbox\play-core-mechanics\play-dual-runner\story-test-node.js
2026-07-20T21:49:56Z [post] skip  c:\dev\abd-context-driven-delivery\sandbox\play-core-mechanics\play-dual-runner\play-dual-runner.js
2026-07-20T21:49:57Z [post] skip  c:\dev\abd-context-driven-delivery\sandbox\play-core-mechanics\play-dual-runner\play-dual-runner.js
2026-07-20T21:50:04Z [post] skip  c:\dev\abd-context-driven-delivery\sandbox\play-core-mechanics\play-dual-runner\play-dual-runner.spec.js
2026-07-20T21:50:05Z [post] skip  c:\dev\abd-context-driven-delivery\sandbox\play-core-mechanics\play-dual-runner\play-dual-runner.spec.js
2026-07-20T21:50:10Z [post] skip  c:\dev\abd-context-driven-delivery\sandbox\play-core-mechanics\story-demo\control.js
2026-07-20T21:50:10Z [post] skip  c:\dev\abd-context-driven-delivery\sandbox\play-core-mechanics\story-demo\control.js
2026-07-20T21:50:14Z [post] skip  c:\dev\abd-context-driven-delivery\sandbox\play-core-mechanics\story-demo\story-demo-frame.js
2026-07-20T21:50:14Z [post] skip  c:\dev\abd-context-driven-delivery\sandbox\play-core-mechanics\story-demo\story-demo-frame.js
2026-07-20T21:50:17Z [post] skip  c:\dev\abd-context-driven-delivery\sandbox\play-core-mechanics\story-demo\explorer-frame.js
2026-07-20T21:50:17Z [post] skip  c:\dev\abd-context-driven-delivery\sandbox\play-core-mechanics\story-demo\explorer-frame.js
2026-07-20T21:50:17Z [post] skip  c:\dev\abd-context-driven-delivery\sandbox\play-core-mechanics\story-demo\paint-reflect.js
2026-07-20T21:50:18Z [post] skip  c:\dev\abd-context-driven-delivery\sandbox\play-core-mechanics\story-demo\paint-reflect.js
2026-07-20T21:50:19Z [post] skip  c:\dev\abd-context-driven-delivery\sandbox\play-core-mechanics\story-demo\then-feedback.js
2026-07-20T21:50:20Z [post] skip  c:\dev\abd-context-driven-delivery\sandbox\play-core-mechanics\story-demo\then-feedback.js
2026-07-20T21:50:23Z [post] skip  c:\dev\abd-context-driven-delivery\sandbox\play-core-mechanics\story-demo\story-demo-page.js
2026-07-20T21:50:24Z [post] skip  c:\dev\abd-context-driven-delivery\sandbox\play-core-mechanics\story-demo\story-demo-page.js
2026-07-20T21:50:35Z [pre ] skip  c:\dev\abd-context-driven-delivery\sandbox\play-core-mechanics\story-test.js
2026-07-20T21:50:35Z [read] skip  c:\dev\abd-context-driven-delivery\sandbox\play-core-mechanics\story-test.js
2026-07-20T21:50:36Z [post] skip  c:\dev\abd-context-driven-delivery\sandbox\play-core-mechanics\story-demo\story-demo.spec.js
2026-07-20T21:50:36Z [post] skip  c:\dev\abd-context-driven-delivery\sandbox\play-core-mechanics\story-test.js
2026-07-20T21:50:36Z [post] skip  c:\dev\abd-context-driven-delivery\sandbox\play-core-mechanics\story-demo\story-demo.spec.js
2026-07-20T21:50:36Z [pre ] skip  c:\dev\abd-context-driven-delivery\sandbox\play-core-mechanics\story-test.js
2026-07-20T21:50:37Z [post] skip  c:\dev\abd-context-driven-delivery\sandbox\play-core-mechanics\story-test.js
2026-07-20T21:50:37Z [post] skip  c:\dev\abd-context-driven-delivery\sandbox\play-core-mechanics\story-test.js
2026-07-20T21:50:44Z [pre ] skip  c:\dev\abd-context-driven-delivery\sandbox\play-core-mechanics\manage-character-sheet\create-character\create_character_story.js
2026-07-20T21:50:44Z [read] skip  c:\dev\abd-context-driven-delivery\sandbox\play-core-mechanics\manage-character-sheet\create-character\create_character_story.js
2026-07-20T21:50:45Z [post] skip  c:\dev\abd-context-driven-delivery\sandbox\play-core-mechanics\manage-character-sheet\create-character\create_character_story.js
2026-07-20T21:50:45Z [pre ] skip  c:\dev\abd-context-driven-delivery\sandbox\play-core-mechanics\manage-character-sheet\create-character\create_character_story.js
2026-07-20T21:50:46Z [post] skip  c:\dev\abd-context-driven-delivery\sandbox\play-core-mechanics\manage-character-sheet\create-character\create_character_story.js
2026-07-20T21:50:46Z [post] skip  c:\dev\abd-context-driven-delivery\sandbox\play-core-mechanics\manage-character-sheet\create-character\create_character_story.js
2026-07-20T21:50:52Z [pre ] skip  c:\dev\abd-context-driven-delivery\sandbox\play-core-mechanics\play-dual-runner\story-test-core.js
2026-07-20T21:50:53Z [post] skip  c:\dev\abd-context-driven-delivery\sandbox\play-core-mechanics\play-dual-runner\story-test-core.js
2026-07-20T21:50:54Z [post] skip  c:\dev\abd-context-driven-delivery\sandbox\play-core-mechanics\play-dual-runner\story-test-core.js
2026-07-20T21:50:54Z [pre ] skip  c:\dev\abd-context-driven-delivery\sandbox\play-core-mechanics\story-demo\story-demo.spec.js
2026-07-20T21:50:55Z [post] skip  c:\dev\abd-context-driven-delivery\sandbox\play-core-mechanics\story-demo\story-demo.spec.js
2026-07-20T21:50:55Z [post] skip  c:\dev\abd-context-driven-delivery\sandbox\play-core-mechanics\story-demo\story-demo.spec.js
2026-07-20T21:51:08Z [pre ] skip  c:\dev\abd-context-driven-delivery\sandbox\play-core-mechanics\play-dual-runner\story-test-core.js
2026-07-20T21:51:08Z [post] skip  c:\dev\abd-context-driven-delivery\sandbox\play-core-mechanics\play-dual-runner\story-test-core.js
2026-07-20T21:51:09Z [post] skip  c:\dev\abd-context-driven-delivery\sandbox\play-core-mechanics\play-dual-runner\story-test-core.js
2026-07-20T21:51:09Z [pre ] skip  c:\dev\abd-context-driven-delivery\sandbox\play-core-mechanics\play-dual-runner\story-test-core.js
2026-07-20T21:51:10Z [post] skip  c:\dev\abd-context-driven-delivery\sandbox\play-core-mechanics\play-dual-runner\story-test-core.js
2026-07-20T21:51:10Z [post] skip  c:\dev\abd-context-driven-delivery\sandbox\play-core-mechanics\play-dual-runner\story-test-core.js
2026-07-20T21:51:11Z [pre ] skip  c:\dev\abd-context-driven-delivery\sandbox\play-core-mechanics\play-dual-runner\play-dual-runner.spec.js
2026-07-20T21:51:12Z [post] skip  c:\dev\abd-context-driven-delivery\sandbox\play-core-mechanics\play-dual-runner\play-dual-runner.spec.js
2026-07-20T21:51:12Z [post] skip  c:\dev\abd-context-driven-delivery\sandbox\play-core-mechanics\play-dual-runner\play-dual-runner.spec.js
2026-07-20T21:51:15Z [pre ] skip  c:\dev\abd-context-driven-delivery\sandbox\play-core-mechanics\story-demo\story-demo.spec.js
2026-07-20T21:51:15Z [post] skip  c:\dev\abd-context-driven-delivery\sandbox\play-core-mechanics\story-demo\story-demo.spec.js
2026-07-20T21:51:16Z [post] skip  c:\dev\abd-context-driven-delivery\sandbox\play-core-mechanics\story-demo\story-demo.spec.js
2026-07-20T21:51:27Z [pre ] skip  c:\dev\abd-context-driven-delivery\sandbox\play-core-mechanics\play-core-mechanics.html
2026-07-20T21:51:27Z [pre ] skip  c:\dev\abd-context-driven-delivery\sandbox\play-core-mechanics\play-core-mechanics.html
2026-07-20T21:51:27Z [read] skip  c:\dev\abd-context-driven-delivery\sandbox\play-core-mechanics\play-core-mechanics.html
2026-07-20T21:51:28Z [post] skip  c:\dev\abd-context-driven-delivery\sandbox\play-core-mechanics\play-core-mechanics.html
2026-07-20T21:51:28Z [post] skip  c:\dev\abd-context-driven-delivery\sandbox\play-core-mechanics\play-core-mechanics.html
2026-07-20T21:51:38Z [pre ] skip  c:\dev\abd-context-driven-delivery\sandbox\play-core-mechanics\manage-character-sheet\manage-character-sheet-helper.js
2026-07-20T21:51:39Z [read] skip  c:\dev\abd-context-driven-delivery\sandbox\play-core-mechanics\manage-character-sheet\manage-character-sheet-helper.js
2026-07-20T21:51:39Z [post] skip  c:\dev\abd-context-driven-delivery\sandbox\play-core-mechanics\manage-character-sheet\manage-character-sheet-helper.js
2026-07-20T21:51:58Z [post] skip  c:\dev\abd-context-driven-delivery\sandbox\play-core-mechanics\story-demo\story-demo-shell.js
2026-07-20T21:51:59Z [post] skip  c:\dev\abd-context-driven-delivery\sandbox\play-core-mechanics\story-demo\story-demo-shell.js
2026-07-20T21:52:05Z [post] skip  c:\dev\abd-context-driven-delivery\sandbox\play-core-mechanics\story-demo\story-demo.html
2026-07-20T21:52:06Z [post] skip  c:\dev\abd-context-driven-delivery\sandbox\play-core-mechanics\story-demo\story-demo.html
2026-07-20T21:52:06Z [post] skip  c:\dev\abd-context-driven-delivery\sandbox\play-core-mechanics\play-dual-runner\.context\module-context.md
2026-07-20T21:52:07Z [post] skip  c:\dev\abd-context-driven-delivery\sandbox\play-core-mechanics\play-dual-runner\.context\module-context.md
2026-07-20T21:52:07Z [post] skip  c:\dev\abd-context-driven-delivery\sandbox\play-core-mechanics\story-demo\.context\module-context.md
2026-07-20T21:52:07Z [pre ] skip  c:\dev\abd-context-driven-delivery\contexts\ux\.context\story-runner-sketch.md
2026-07-20T21:52:07Z [post] skip  c:\dev\abd-context-driven-delivery\sandbox\play-core-mechanics\story-demo\.context\module-context.md
2026-07-20T21:52:08Z [post] skip  c:\dev\abd-context-driven-delivery\contexts\ux\.context\story-runner-sketch.md
2026-07-20T21:52:08Z [post] skip  c:\dev\abd-context-driven-delivery\contexts\ux\.context\story-runner-sketch.md
2026-07-20T21:52:09Z [pre ] skip  c:\dev\abd-context-driven-delivery\contexts\ux\.context\story-runner-sketch.md
2026-07-20T21:52:09Z [post] skip  c:\dev\abd-context-driven-delivery\contexts\ux\.context\story-runner-sketch.md
2026-07-20T21:52:10Z [post] skip  c:\dev\abd-context-driven-delivery\contexts\ux\.context\story-runner-sketch.md
2026-07-20T21:52:13Z [pre ] skip  c:\dev\abd-context-driven-delivery\contexts\ux\.context\story-runner-sketch.md
2026-07-20T21:52:14Z [post] skip  c:\dev\abd-context-driven-delivery\contexts\ux\.context\story-runner-sketch.md
2026-07-20T21:52:15Z [post] skip  c:\dev\abd-context-driven-delivery\contexts\ux\.context\story-runner-sketch.md
2026-07-20T21:52:22Z [post] skip  c:\dev\abd-context-driven-delivery\sandbox
2026-07-20T21:52:28Z [pre ] skip  c:\dev\abd-context-driven-delivery\contexts\ux\.context\ux-context.md
2026-07-20T21:52:29Z [post] skip  c:\dev\abd-context-driven-delivery\contexts\ux\.context\ux-context.md
2026-07-20T21:52:29Z [pre ] skip  c:\dev\abd-context-driven-delivery\contexts\cdd\.context\connected-contexts.md
2026-07-20T21:52:29Z [post] skip  c:\dev\abd-context-driven-delivery\contexts\ux\.context\ux-context.md
2026-07-20T21:52:29Z [post] skip  c:\dev\abd-context-driven-delivery\contexts\cdd\.context\connected-contexts.md
2026-07-20T21:52:30Z [post] skip  c:\dev\abd-context-driven-delivery\contexts\cdd\.context\connected-contexts.md
2026-07-20T21:54:02Z [pre ] skip  c:\dev\abd-context-driven-delivery\contexts\stories\code\javascript\seeds\story-test.js
2026-07-20T21:54:03Z [post] skip  c:\dev\abd-context-driven-delivery\contexts\ux
2026-07-20T21:54:03Z [post] skip  c:\dev\abd-context-driven-delivery\contexts\stories\code\javascript
2026-07-20T21:54:03Z [read] skip  c:\dev\abd-context-driven-delivery\contexts\stories\code\javascript\seeds\story-test.js
2026-07-20T21:54:03Z [post] skip  c:\dev\abd-context-driven-delivery
2026-07-20T21:54:03Z [post] skip  c:\dev\abd-context-driven-delivery\contexts\stories\code\javascript\seeds\story-test.js
2026-07-20T21:54:25Z [pre ] skip  c:\dev\abd-context-driven-delivery\contexts\ux\story-demo\story-demo-page.js
2026-07-20T21:54:25Z [pre ] skip  c:\dev\abd-context-driven-delivery\contexts\ux\story-demo\story-demo.spec.js
2026-07-20T21:54:25Z [read] skip  c:\dev\abd-context-driven-delivery\contexts\ux\story-demo\story-demo.spec.js
2026-07-20T21:54:25Z [read] skip  c:\dev\abd-context-driven-delivery\contexts\ux\story-demo\story-demo-page.js
2026-07-20T21:54:26Z [post] skip  c:\dev\abd-context-driven-delivery\contexts\ux\story-demo\story-demo-page.js
2026-07-20T21:54:26Z [post] skip  c:\dev\abd-context-driven-delivery\contexts\ux\story-demo\story-demo.spec.js
2026-07-20T21:54:31Z [pre ] skip  c:\dev\abd-context-driven-delivery\contexts\ux\story-demo\story-demo-page.js
2026-07-20T21:54:31Z [pre ] skip  c:\dev\abd-context-driven-delivery\contexts\stories\code\javascript\seeds\story-test.js
2026-07-20T21:54:31Z [pre ] skip  c:\dev\abd-context-driven-delivery\contexts\ux\story-demo\story-demo.spec.js
2026-07-20T21:54:32Z [pre ] skip  c:\dev\abd-context-driven-delivery\sandbox\play-core-mechanics\story-test.js
2026-07-20T21:54:32Z [read] skip  c:\dev\abd-context-driven-delivery\contexts\ux\story-demo\story-demo-page.js
2026-07-20T21:54:32Z [read] skip  c:\dev\abd-context-driven-delivery\contexts\ux\story-demo\story-demo.spec.js
2026-07-20T21:54:32Z [read] skip  c:\dev\abd-context-driven-delivery\contexts\stories\code\javascript\seeds\story-test.js
2026-07-20T21:54:32Z [post] skip  c:\dev\abd-context-driven-delivery\contexts\ux\story-demo\story-demo-page.js
2026-07-20T21:54:32Z [post] skip  c:\dev\abd-context-driven-delivery\contexts\ux\story-demo\story-demo.spec.js
2026-07-20T21:54:32Z [post] skip  c:\dev\abd-context-driven-delivery\sandbox\play-core-mechanics\story-test.js
2026-07-20T21:54:32Z [post] skip  c:\dev\abd-context-driven-delivery\contexts\stories\code\javascript\seeds\story-test.js
2026-07-20T21:54:33Z [post] skip  c:\dev\abd-context-driven-delivery\sandbox\play-core-mechanics\story-test.js
2026-07-20T21:54:33Z [pre ] skip  c:\dev\abd-context-driven-delivery\contexts\ux\story-demo\story-demo-page.js
2026-07-20T21:54:33Z [pre ] skip  c:\dev\abd-context-driven-delivery\contexts\stories\code\javascript\seeds\story-test.js
2026-07-20T21:54:33Z [pre ] skip  c:\dev\abd-context-driven-delivery\contexts\ux\story-demo\story-demo.spec.js
2026-07-20T21:54:33Z [post] skip  c:\dev\abd-context-driven-delivery\contexts\ux\story-demo\story-demo-page.js
2026-07-20T21:54:33Z [post] skip  c:\dev\abd-context-driven-delivery\contexts\ux\story-demo\story-demo.spec.js
2026-07-20T21:54:33Z [post] skip  c:\dev\abd-context-driven-delivery\contexts\stories\code\javascript\seeds\story-test.js
2026-07-20T21:54:34Z [post] skip  c:\dev\abd-context-driven-delivery\contexts\ux\story-demo\story-demo-page.js
2026-07-20T21:54:34Z [post] skip  c:\dev\abd-context-driven-delivery\contexts\ux\story-demo\story-demo.spec.js
2026-07-20T21:54:34Z [post] skip  c:\dev\abd-context-driven-delivery\contexts\stories\code\javascript\seeds\story-test.js
2026-07-20T21:54:47Z [pre ] skip  c:\dev\abd-context-driven-delivery\sandbox\play-core-mechanics\story-demo\story-demo-shell.js
2026-07-20T21:54:47Z [post] skip  c:\dev\abd-context-driven-delivery\sandbox\play-core-mechanics\story-demo\story-demo-shell.js
2026-07-20T21:54:48Z [pre ] skip  c:\dev\abd-context-driven-delivery\contexts\stories\code\javascript\play-dual-runner\.context\module-context.md
2026-07-20T21:54:48Z [post] skip  c:\dev\abd-context-driven-delivery\sandbox\play-core-mechanics\story-demo\story-demo-shell.js
2026-07-20T21:54:48Z [read] skip  c:\dev\abd-context-driven-delivery\contexts\stories\code\javascript\play-dual-runner\.context\module-context.md
2026-07-20T21:54:49Z [pre ] skip  c:\dev\abd-context-driven-delivery\contexts\ux\story-demo\.context\module-context.md
2026-07-20T21:54:49Z [post] skip  c:\dev\abd-context-driven-delivery\contexts\stories\code\javascript\play-dual-runner\.context\module-context.md
2026-07-20T21:54:49Z [read] skip  c:\dev\abd-context-driven-delivery\contexts\ux\story-demo\.context\module-context.md
2026-07-20T21:54:50Z [pre ] skip  c:\dev\abd-context-driven-delivery\contexts\stories\code\javascript\play-dual-runner\.context\module-context.md
2026-07-20T21:54:50Z [pre ] skip  c:\dev\abd-context-driven-delivery\contexts\ux\.context\ux-context.md
2026-07-20T21:54:50Z [post] skip  c:\dev\abd-context-driven-delivery\contexts\ux\story-demo\.context\module-context.md
2026-07-20T21:54:50Z [pre ] skip  c:\dev\abd-context-driven-delivery\contexts\cdd\.context\connected-contexts.md
2026-07-20T21:54:50Z [post] skip  c:\dev\abd-context-driven-delivery\contexts\stories\code\javascript\play-dual-runner\.context\module-context.md
2026-07-20T21:54:50Z [post] skip  c:\dev\abd-context-driven-delivery\contexts\ux\.context\ux-context.md
2026-07-20T21:54:50Z [pre ] skip  c:\dev\abd-context-driven-delivery\contexts\ux\story-demo\.context\module-context.md
2026-07-20T21:54:50Z [post] skip  c:\dev\abd-context-driven-delivery\contexts\cdd\.context\connected-contexts.md
2026-07-20T21:54:50Z [post] skip  c:\dev\abd-context-driven-delivery\contexts\stories\code\javascript\play-dual-runner\.context\module-context.md
2026-07-20T21:54:50Z [pre ] skip  c:\dev\abd-context-driven-delivery\contexts\ux\.context\story-runner-sketch.md
2026-07-20T21:54:51Z [post] skip  c:\dev\abd-context-driven-delivery\contexts\ux\.context\ux-context.md
2026-07-20T21:54:51Z [post] skip  c:\dev\abd-context-driven-delivery\contexts\cdd\.context\connected-contexts.md
t.md
2026-07-20T21:54:51Z [post] skip  c:\dev\abd-context-driven-delivery\contexts\ux\.context\story-runner-sketch.md
2026-07-20T21:54:51Z [post] skip  c:\dev\abd-context-driven-delivery\contexts\ux\story-demo\.context\module-context.md
2026-07-20T21:54:52Z [post] skip  c:\dev\abd-context-driven-delivery\contexts\ux\.context\story-runner-sketch.md
2026-07-20T21:55:01Z [pre ] skip  c:\dev\abd-context-driven-delivery\contexts\ux\.context\grill-answers.md
2026-07-20T21:55:02Z [post] skip  c:\dev\abd-context-driven-delivery\contexts\ux\.context\grill-answers.md
2026-07-20T21:55:02Z [post] skip  c:\dev\abd-context-driven-delivery\contexts\ux\.context\grill-answers.md
2026-07-20T21:57:28Z [pre ] skip  C:\Users\thoma\.cursor\projects\c-dev-abd-context-driven-delivery\terminals\2.txt
2026-07-20T21:57:29Z [read] skip  C:\Users\thoma\.cursor\projects\c-dev-abd-context-driven-delivery\terminals\2.txt
2026-07-20T21:57:29Z [post] skip  C:\Users\thoma\.cursor\projects\c-dev-abd-context-driven-delivery/agent-tools/e4f37318-a46f-409f-a984-2753cde5cf6f.txt
2026-07-20T21:57:30Z [post] skip  C:\Users\thoma\.cursor\projects\c-dev-abd-context-driven-delivery/agent-tools/e4f37318-a46f-409f-a984-2753cde5cf6f.txt
2026-07-20T21:57:30Z [post] skip  C:\Users\thoma\.cursor\projects\c-dev-abd-context-driven-delivery\terminals\2.txt
2026-07-20T22:03:05Z [pre ] skip  c:\dev\abd-context-driven-delivery\contexts\ux\templates\html\mockup_shell.html
2026-07-20T22:03:05Z [post] skip  c:\dev\abd-context-driven-delivery\contexts\ux\templates
2026-07-20T22:03:05Z [post] skip  c:\dev\abd-context-driven-delivery\contexts\ux\web
2026-07-20T22:03:05Z [read] skip  c:\dev\abd-context-driven-delivery\contexts\ux\templates\html\mockup_shell.html
2026-07-20T22:03:06Z [post] skip  c:\dev\abd-context-driven-delivery\contexts\ux\templates\html\mockup_shell.html
2026-07-20T22:13:44Z [pre ] skip  c:\dev\abd-context-driven-delivery\contexts\ux\.context\ux-model-sketch.md
2026-07-20T22:13:44Z [pre ] skip  c:\dev\abd-context-driven-delivery\contexts\ux\ux_model\nodes.py
2026-07-20T22:13:45Z [post] skip  c:\dev\abd-context-driven-delivery\contexts\ux\story-demo
2026-07-20T22:13:45Z [read] skip  c:\dev\abd-context-driven-delivery\contexts\ux\ux_model\nodes.py
2026-07-20T22:13:45Z [read] skip  c:\dev\abd-context-driven-delivery\contexts\ux\.context\ux-model-sketch.md
2026-07-20T22:13:45Z [post] skip  c:\dev\abd-context-driven-delivery\contexts\ux\ux_model
2026-07-20T22:13:45Z [post] skip  c:\dev\abd-context-driven-delivery\contexts\ux\ux_model\nodes.py
2026-07-20T22:13:45Z [post] skip  c:\dev\abd-context-driven-delivery\contexts\ux\.context\ux-model-sketch.md
2026-07-20T22:17:54Z [pre ] skip  c:\dev\abd-context-driven-delivery\contexts\ux\ux_model\nodes.py
2026-07-20T22:17:54Z [read] skip  c:\dev\abd-context-driven-delivery\contexts\ux\ux_model\nodes.py
2026-07-20T22:17:54Z [post] skip  c:\dev\abd-context-driven-delivery\contexts\ux
2026-07-20T22:17:54Z [post] skip  c:\dev\abd-context-driven-delivery\contexts\ux\ux_model\nodes.py
2026-07-20T22:18:02Z [pre ] skip  c:\dev\abd-context-driven-delivery\contexts\ux\ux_model\__init__.py
2026-07-20T22:18:02Z [post] skip  c:\dev\abd-context-driven-delivery\contexts\ux\web
2026-07-20T22:18:02Z [post] skip  c:\dev\abd-context-driven-delivery\contexts\ux
2026-07-20T22:18:03Z [read] skip  c:\dev\abd-context-driven-delivery\contexts\ux\ux_model\__init__.py
2026-07-20T22:18:03Z [post] skip  c:\dev\abd-context-driven-delivery\contexts\ux
2026-07-20T22:18:03Z [post] skip  c:\dev\abd-context-driven-delivery\contexts\ux\ux_model\__init__.py
2026-07-20T22:18:06Z [pre ] skip  c:\dev\abd-context-driven-delivery\contexts\ux\document\json\nodes.py
2026-07-20T22:18:06Z [pre ] skip  c:\dev\abd-context-driven-delivery\contexts\ux\web\html\nodes.py
2026-07-20T22:18:06Z [pre ] skip  c:\dev\abd-context-driven-delivery\contexts\ux\web\html\nodes.py
2026-07-20T22:18:06Z [pre ] skip  c:\dev\abd-context-driven-delivery\AGENTS.md
2026-07-20T22:18:06Z [read] skip  c:\dev\abd-context-driven-delivery\contexts\ux\document\json\nodes.py
2026-07-20T22:18:06Z [read] skip  c:\dev\abd-context-driven-delivery\contexts\ux\web\html\nodes.py
2026-07-20T22:18:06Z [read] skip  c:\dev\abd-context-driven-delivery\AGENTS.md
2026-07-20T22:18:06Z [post] skip  c:\dev\abd-context-driven-delivery\contexts\ux
2026-07-20T22:18:07Z [post] skip  c:\dev\abd-context-driven-delivery\contexts\ux\web\html\nodes.py
2026-07-20T22:18:07Z [post] skip  c:\dev\abd-context-driven-delivery\contexts\ux\web\html\nodes.py
2026-07-20T22:18:07Z [post] skip  c:\dev\abd-context-driven-delivery\contexts\ux\document\json\nodes.py
2026-07-20T22:18:07Z [post] skip  c:\dev\abd-context-driven-delivery\AGENTS.md
2026-07-20T22:18:13Z [pre ] skip  c:\dev\abd-context-driven-delivery\contexts\ux\ux_model\nodes.py
2026-07-20T22:18:13Z [pre ] skip  c:\dev\abd-context-driven-delivery\contexts\ux\web\html\nodes.py
2026-07-20T22:18:13Z [read] skip  c:\dev\abd-context-driven-delivery\contexts\ux\ux_model\nodes.py
2026-07-20T22:18:13Z [read] skip  c:\dev\abd-context-driven-delivery\contexts\ux\web\html\nodes.py
2026-07-20T22:18:14Z [post] skip  c:\dev\abd-context-driven-delivery\contexts\ux\ux_model\nodes.py
2026-07-20T22:18:14Z [post] skip  c:\dev\abd-context-driven-delivery\contexts\ux\web\html\nodes.py
2026-07-20T22:18:29Z [pre ] skip  c:\dev\abd-context-driven-delivery\contexts\ux\ux_model\nodes.py
2026-07-20T22:18:30Z [read] skip  c:\dev\abd-context-driven-delivery\contexts\ux\ux_model\nodes.py
2026-07-20T22:18:30Z [post] skip  c:\dev\abd-context-driven-delivery\contexts\ux\ux_model\nodes.py
2026-07-20T22:18:31Z [pre ] skip  c:\dev\abd-context-driven-delivery\contexts\ux\ux_model\nodes.py
2026-07-20T22:18:32Z [post] skip  c:\dev\abd-context-driven-delivery\contexts\ux\ux_model\nodes.py
2026-07-20T22:18:32Z [post] skip  c:\dev\abd-context-driven-delivery\contexts\ux\ux_model\nodes.py
2026-07-20T22:18:33Z [pre ] skip  c:\dev\abd-context-driven-delivery\contexts\ux\ux_model\nodes.py
2026-07-20T22:18:33Z [post] skip  c:\dev\abd-context-driven-delivery\contexts\ux\ux_model\nodes.py
2026-07-20T22:18:34Z [post] skip  c:\dev\abd-context-driven-delivery\contexts\ux\ux_model\nodes.py
2026-07-20T22:18:34Z [pre ] skip  c:\dev\abd-context-driven-delivery\contexts\ux\ux_model\__init__.py
2026-07-20T22:18:35Z [read] skip  c:\dev\abd-context-driven-delivery\contexts\ux\ux_model\__init__.py
2026-07-20T22:18:35Z [pre ] skip  c:\dev\abd-context-driven-delivery\contexts\ux\ux_model\nodes.py
2026-07-20T22:18:35Z [post] skip  c:\dev\abd-context-driven-delivery\contexts\ux\ux_model\__init__.py
2026-07-20T22:18:35Z [post] skip  c:\dev\abd-context-driven-delivery\contexts\ux\ux_model\nodes.py
2026-07-20T22:18:36Z [pre ] skip  c:\dev\abd-context-driven-delivery\contexts\ux\ux_model\__init__.py
2026-07-20T22:18:36Z [post] skip  c:\dev\abd-context-driven-delivery\contexts\ux\ux_model\nodes.py
2026-07-20T22:18:36Z [post] skip  c:\dev\abd-context-driven-delivery\contexts\ux\ux_model\__init__.py
2026-07-20T22:18:37Z [post] skip  c:\dev\abd-context-driven-delivery\contexts\ux\ux_model\__init__.py
2026-07-20T22:18:38Z [pre ] skip  c:\dev\abd-context-driven-delivery\contexts\ux\ux_model\__init__.py
2026-07-20T22:18:38Z [post] skip  c:\dev\abd-context-driven-delivery\contexts\ux\ux_model\__init__.py
2026-07-20T22:18:39Z [post] skip  c:\dev\abd-context-driven-delivery\contexts\ux\ux_model\__init__.py
2026-07-20T22:18:41Z [pre ] skip  c:\dev\abd-context-driven-delivery\contexts\ux\document\json\nodes.py
2026-07-20T22:18:42Z [read] skip  c:\dev\abd-context-driven-delivery\contexts\ux\document\json\nodes.py
2026-07-20T22:18:42Z [post] skip  c:\dev\abd-context-driven-delivery\contexts\ux\document\json\nodes.py
2026-07-20T22:18:43Z [pre ] skip  c:\dev\abd-context-driven-delivery\contexts\ux\document\json\nodes.py
2026-07-20T22:18:43Z [read] skip  c:\dev\abd-context-driven-delivery\contexts\ux\document\json\nodes.py
2026-07-20T22:18:44Z [post] skip  c:\dev\abd-context-driven-delivery\contexts\ux\document\json\nodes.py
2026-07-20T22:18:44Z [pre ] skip  c:\dev\abd-context-driven-delivery\contexts\ux\document\json\nodes.py
2026-07-20T22:18:45Z [post] skip  c:\dev\abd-context-driven-delivery\contexts\ux\document\json\nodes.py
2026-07-20T22:18:45Z [post] skip  c:\dev\abd-context-driven-delivery\contexts\ux\document\json\nodes.py
2026-07-20T22:18:46Z [pre ] skip  c:\dev\abd-context-driven-delivery\contexts\ux\document\json\nodes.py
2026-07-20T22:18:47Z [post] skip  c:\dev\abd-context-driven-delivery\contexts\ux\document\json\nodes.py
2026-07-20T22:18:47Z [post] skip  c:\dev\abd-context-driven-delivery\contexts\ux\document\json\nodes.py
2026-07-20T22:18:52Z [pre ] skip  c:\dev\abd-context-driven-delivery\contexts\ux\document\json\nodes.py
2026-07-20T22:18:53Z [post] skip  c:\dev\abd-context-driven-delivery\contexts\ux\document\json\nodes.py
2026-07-20T22:18:53Z [post] skip  c:\dev\abd-context-driven-delivery\contexts\ux\document\json\nodes.py
2026-07-20T22:18:57Z [pre ] skip  c:\dev\abd-context-driven-delivery\contexts\ux\web\html\nodes.py
2026-07-20T22:18:57Z [read] skip  c:\dev\abd-context-driven-delivery\contexts\ux\web\html\nodes.py
2026-07-20T22:18:58Z [post] skip  c:\dev\abd-context-driven-delivery\contexts\ux\web\html\nodes.py
2026-07-20T22:18:58Z [pre ] skip  c:\dev\abd-context-driven-delivery\contexts\ux\web\html\nodes.py
2026-07-20T22:18:59Z [post] skip  c:\dev\abd-context-driven-delivery\contexts\ux\web\html\nodes.py
2026-07-20T22:18:59Z [post] skip  c:\dev\abd-context-driven-delivery\contexts\ux\web\html\nodes.py
2026-07-20T22:19:01Z [pre ] skip  c:\dev\abd-context-driven-delivery\contexts\ux\web\html\nodes.py
2026-07-20T22:19:02Z [post] skip  c:\dev\abd-context-driven-delivery\contexts\ux\web\html\nodes.py
2026-07-20T22:19:02Z [post] skip  c:\dev\abd-context-driven-delivery\contexts\ux\web\html\nodes.py
2026-07-20T22:19:04Z [pre ] skip  c:\dev\abd-context-driven-delivery\contexts\ux\story-demo\control.js
2026-07-20T22:19:04Z [read] skip  c:\dev\abd-context-driven-delivery\contexts\ux\story-demo\control.js
2026-07-20T22:19:05Z [post] skip  c:\dev\abd-context-driven-delivery\contexts\ux\story-demo\control.js
2026-07-20T22:19:06Z [pre ] skip  c:\dev\abd-context-driven-delivery\contexts\ux\story-demo\control.js
2026-07-20T22:19:06Z [post] skip  c:\dev\abd-context-driven-delivery\contexts\ux\story-demo\control.js
2026-07-20T22:19:07Z [post] skip  c:\dev\abd-context-driven-delivery\contexts\ux\story-demo\control.js
2026-07-20T22:19:07Z [post] skip  c:\dev\abd-context-driven-delivery\contexts\ux\ux_model\story_demo_control_spec.py
2026-07-20T22:19:07Z [post] skip  c:\dev\abd-context-driven-delivery\contexts\ux\ux_model\story_demo_control_spec.py
2026-07-20T22:19:10Z [pre ] skip  c:\dev\abd-context-driven-delivery\contexts\ux\ux_model\layouts_spec.py
2026-07-20T22:19:10Z [read] skip  c:\dev\abd-context-driven-delivery\contexts\ux\ux_model\layouts_spec.py
2026-07-20T22:19:10Z [post] skip  c:\dev\abd-context-driven-delivery\contexts\ux
2026-07-20T22:19:11Z [post] skip  c:\dev\abd-context-driven-delivery\contexts\ux\ux_model\layouts_spec.py
2026-07-20T22:19:24Z [pre ] skip  c:\dev\abd-context-driven-delivery\contexts\ux\ux_model\story_demo_control_spec.py
2026-07-20T22:19:25Z [post] skip  c:\dev\abd-context-driven-delivery\contexts\ux\ux_model\story_demo_control_spec.py
2026-07-20T22:19:25Z [post] skip  c:\dev\abd-context-driven-delivery\contexts\ux\ux_model\story_demo_control_spec.py
2026-07-20T22:19:26Z [pre ] skip  c:\dev\abd-context-driven-delivery\contexts\ux\story-demo\.context\module-context.md
2026-07-20T22:19:27Z [post] skip  c:\dev\abd-context-driven-delivery\contexts\ux\story-demo\.context\module-context.md
2026-07-20T22:19:27Z [post] skip  c:\dev\abd-context-driven-delivery\contexts\ux\story-demo\.context\module-context.md
2026-07-20T22:19:27Z [pre ] skip  c:\dev\abd-context-driven-delivery\contexts\ux\.context\grill-answers.md
2026-07-20T22:19:28Z [read] skip  c:\dev\abd-context-driven-delivery\contexts\ux\.context\grill-answers.md
2026-07-20T22:19:28Z [post] skip  c:\dev\abd-context-driven-delivery\contexts\ux\.context\grill-answers.md
2026-07-20T22:19:29Z [pre ] skip  c:\dev\abd-context-driven-delivery\contexts\ux\.context\story-runner-sketch.md
2026-07-20T22:19:29Z [pre ] skip  c:\dev\abd-context-driven-delivery\contexts\ux\.context\grill-answers.md
2026-07-20T22:19:29Z [read] skip  c:\dev\abd-context-driven-delivery\contexts\ux\.context\story-runner-sketch.md
2026-07-20T22:19:29Z [post] skip  c:\dev\abd-context-driven-delivery\contexts\ux\.context\grill-answers.md
2026-07-20T22:19:30Z [post] skip  c:\dev\abd-context-driven-delivery\contexts\ux\.context\story-runner-sketch.md
2026-07-20T22:19:30Z [post] skip  c:\dev\abd-context-driven-delivery\contexts\ux\.context\grill-answers.md
2026-07-20T22:19:30Z [pre ] skip  c:\dev\abd-context-driven-delivery\contexts\ux\.context\story-runner-sketch.md
2026-07-20T22:19:31Z [post] skip  c:\dev\abd-context-driven-delivery\contexts\ux\.context\story-runner-sketch.md
2026-07-20T22:19:31Z [post] skip  c:\dev\abd-context-driven-delivery\contexts\ux\.context\story-runner-sketch.md
2026-07-20T22:19:32Z [pre ] skip  c:\dev\abd-context-driven-delivery\contexts\ux\.context\story-runner-sketch.md
2026-07-20T22:19:33Z [post] skip  c:\dev\abd-context-driven-delivery\contexts\ux\.context\story-runner-sketch.md
2026-07-20T22:19:33Z [post] skip  c:\dev\abd-context-driven-delivery\contexts\ux\.context\story-runner-sketch.md
2026-07-20T22:19:38Z [post] skip  c:\dev\abd-context-driven-delivery
2026-07-20T22:19:55Z [pre ] skip  c:\dev\abd-context-driven-delivery\contexts\ux\.context\ux-context.md
2026-07-20T22:19:55Z [read] skip  c:\dev\abd-context-driven-delivery\contexts\ux\.context\ux-context.md
2026-07-20T22:19:56Z [post] skip  c:\dev\abd-context-driven-delivery\contexts\ux\.context\ux-context.md
2026-07-20T22:19:57Z [pre ] skip  c:\dev\abd-context-driven-delivery\contexts\ux\.context\ux-context.md
2026-07-20T22:19:57Z [post] skip  c:\dev\abd-context-driven-delivery\contexts\ux\.context\ux-context.md
2026-07-20T22:19:58Z [post] skip  c:\dev\abd-context-driven-delivery\contexts\ux\.context\ux-context.md
2026-07-20T22:20:05Z [pre ] skip  c:\dev\abd-context-driven-delivery\contexts\ux\templates\html\mockup_shell.html
2026-07-20T22:20:05Z [pre ] skip  c:\dev\abd-context-driven-delivery\contexts\ux\templates\html\mockup.html
2026-07-20T22:20:05Z [read] skip  c:\dev\abd-context-driven-delivery\contexts\ux\templates\html\mockup_shell.html
2026-07-20T22:20:05Z [read] skip  c:\dev\abd-context-driven-delivery\contexts\ux\templates\html\mockup.html
2026-07-20T22:20:05Z [post] skip  c:\dev\abd-context-driven-delivery\contexts\ux\templates\html
2026-07-20T22:20:06Z [post] skip  c:\dev\abd-context-driven-delivery\contexts\ux\templates\html\mockup_shell.html
2026-07-20T22:20:06Z [post] skip  c:\dev\abd-context-driven-delivery\contexts\ux\templates\html\mockup.html
2026-07-20T22:20:27Z [post] skip  c:\dev\abd-context-driven-delivery\contexts\ux\story-demo\mount-generated-mockup.js
2026-07-20T22:20:28Z [post] skip  c:\dev\abd-context-driven-delivery\contexts\ux\story-demo\mount-generated-mockup.js
2026-07-20T22:20:42Z [pre ] skip  c:\dev\abd-context-driven-delivery\contexts\ux\templates\html\mockup_shell.html
2026-07-20T22:20:43Z [read] skip  c:\dev\abd-context-driven-delivery\contexts\ux\templates\html\mockup_shell.html
2026-07-20T22:20:43Z [post] skip  c:\dev\abd-context-driven-delivery\contexts\ux\templates\html\mockup_shell.html
2026-07-20T22:20:44Z [pre ] skip  c:\dev\abd-context-driven-delivery\contexts\ux\templates\html\mockup_shell.html
2026-07-20T22:20:45Z [post] skip  c:\dev\abd-context-driven-delivery\contexts\ux\templates\html\mockup_shell.html
2026-07-20T22:20:45Z [pre ] skip  c:\dev\abd-context-driven-delivery\contexts\ux\templates\html\mockup.html
2026-07-20T22:20:45Z [post] skip  c:\dev\abd-context-driven-delivery\contexts\ux\templates\html\mockup_shell.html
2026-07-20T22:20:46Z [read] skip  c:\dev\abd-context-driven-delivery\contexts\ux\templates\html\mockup.html
2026-07-20T22:20:46Z [post] skip  c:\dev\abd-context-driven-delivery\contexts\ux\templates\html\mockup.html
2026-07-20T22:20:47Z [pre ] skip  c:\dev\abd-context-driven-delivery\contexts\ux\templates\html\mockup.html
2026-07-20T22:20:47Z [post] skip  c:\dev\abd-context-driven-delivery\contexts\ux\templates\html\mockup.html
2026-07-20T22:20:48Z [post] skip  c:\dev\abd-context-driven-delivery\contexts\ux\templates\html\mockup.html
2026-07-20T22:21:08Z [pre ] skip  c:\dev\abd-context-driven-delivery\contexts\ux\templates\html\mockup.html
2026-07-20T22:21:09Z [post] skip  c:\dev\abd-context-driven-delivery\contexts\ux\templates\html\mockup.html
2026-07-20T22:21:09Z [post] skip  c:\dev\abd-context-driven-delivery\contexts\ux\templates\html\mockup.html
2026-07-20T22:21:12Z [pre ] skip  c:\dev\abd-context-driven-delivery\contexts\ux\ux.md
2026-07-20T22:21:12Z [post] skip  c:\dev\abd-context-driven-delivery\contexts\ux\ux.md
2026-07-20T22:21:13Z [post] skip  c:\dev\abd-context-driven-delivery\contexts\ux\ux.md
2026-07-20T22:21:17Z [pre ] skip  c:\dev\abd-context-driven-delivery\contexts\ux\ux.md
2026-07-20T22:21:18Z [post] skip  c:\dev\abd-context-driven-delivery\contexts\ux\ux.md
2026-07-20T22:21:18Z [post] skip  c:\dev\abd-context-driven-delivery\contexts\ux\ux.md
2026-07-20T22:21:20Z [pre ] skip  c:\dev\abd-context-driven-delivery\contexts\ux\ux.md
2026-07-20T22:21:20Z [post] skip  c:\dev\abd-context-driven-delivery\contexts\ux\ux.md
2026-07-20T22:21:21Z [pre ] skip  c:\dev\abd-context-driven-delivery\contexts\ux\.context\story-runner-sketch.md
2026-07-20T22:21:21Z [post] skip  c:\dev\abd-context-driven-delivery\contexts\ux\ux.md
2026-07-20T22:21:21Z [post] skip  c:\dev\abd-context-driven-delivery\contexts\ux\.context\story-runner-sketch.md
2026-07-20T22:21:22Z [post] skip  c:\dev\abd-context-driven-delivery\contexts\ux\.context\story-runner-sketch.md
2026-07-20T22:21:23Z [pre ] skip  c:\dev\abd-context-driven-delivery\contexts\ux\.context\story-runner-sketch.md
2026-07-20T22:21:23Z [post] skip  c:\dev\abd-context-driven-delivery\contexts\ux\.context\story-runner-sketch.md
2026-07-20T22:21:24Z [post] skip  c:\dev\abd-context-driven-delivery\contexts\ux\.context\story-runner-sketch.md
2026-07-20T22:21:24Z [pre ] skip  c:\dev\abd-context-driven-delivery\contexts\ux\.context\grill-answers.md
2026-07-20T22:21:24Z [pre ] skip  c:\dev\abd-context-driven-delivery\contexts\ux\.context\story-runner-sketch.md
2026-07-20T22:21:25Z [post] skip  c:\dev\abd-context-driven-delivery\contexts\ux\.context\grill-answers.md
2026-07-20T22:21:25Z [post] skip  c:\dev\abd-context-driven-delivery\contexts\ux\.context\story-runner-sketch.md
2026-07-20T22:21:25Z [post] skip  c:\dev\abd-context-driven-delivery\contexts\ux\.context\grill-answers.md
2026-07-20T22:21:26Z [post] skip  c:\dev\abd-context-driven-delivery\contexts\ux\.context\story-runner-sketch.md
2026-07-20T22:21:29Z [pre ] skip  c:\dev\abd-context-driven-delivery\contexts\ux\story-demo\mount-generated-mockup.js
2026-07-20T22:21:30Z [post] skip  c:\dev\abd-context-driven-delivery\contexts\ux\story-demo\mount-generated-mockup.js
2026-07-20T22:21:30Z [post] skip  c:\dev\abd-context-driven-delivery\contexts\ux\story-demo\mount-generated-mockup.js
2026-07-20T22:25:04Z [pre ] skip  c:\dev\abd-context-driven-delivery\sandbox\play-core-mechanics\manage-character-sheet\create-character\create_character_spec.js
2026-07-20T22:25:04Z [pre ] skip  c:\dev\abd-context-driven-delivery\sandbox\play-core-mechanics\manage-character-sheet\update-ability-rank\update_ability_rank_story.js
2026-07-20T22:25:04Z [pre ] skip  c:\dev\abd-context-driven-delivery\contexts\stories\code\javascript\play-dual-runner\story-test-node.js
2026-07-20T22:25:04Z [pre ] skip  c:\dev\abd-context-driven-delivery\contexts\stories\code\javascript\play-dual-runner\story-test-core.js
2026-07-20T22:25:04Z [pre ] skip  c:\dev\abd-context-driven-delivery\sandbox\play-core-mechanics\manage-character-sheet\create-character\create_character_story.js
2026-07-20T22:25:05Z [read] skip  c:\dev\abd-context-driven-delivery\contexts\stories\code\javascript\play-dual-runner\story-test-node.js
2026-07-20T22:25:05Z [read] skip  c:\dev\abd-context-driven-delivery\sandbox\play-core-mechanics\manage-character-sheet\create-character\create_character_spec.js
2026-07-20T22:25:05Z [read] skip  c:\dev\abd-context-driven-delivery\sandbox\play-core-mechanics\manage-character-sheet\update-ability-rank\update_ability_rank_story.js
2026-07-20T22:25:05Z [read] skip  c:\dev\abd-context-driven-delivery\contexts\stories\code\javascript\play-dual-runner\story-test-core.js
2026-07-20T22:25:05Z [read] skip  c:\dev\abd-context-driven-delivery\sandbox\play-core-mechanics\manage-character-sheet\create-character\create_character_story.js
2026-07-20T22:25:05Z [post] skip  c:\dev\abd-context-driven-delivery\contexts\stories\code\javascript\play-dual-runner\story-test-node.js
2026-07-20T22:25:05Z [post] skip  c:\dev\abd-context-driven-delivery\sandbox\play-core-mechanics\manage-character-sheet\update-ability-rank\update_ability_rank_story.js
2026-07-20T22:25:05Z [post] skip  c:\dev\abd-context-driven-delivery\contexts\stories\code\javascript\play-dual-runner\story-test-core.js
2026-07-20T22:25:05Z [post] skip  c:\dev\abd-context-driven-delivery\sandbox\play-core-mechanics\manage-character-sheet\create-character\create_character_spec.js
2026-07-20T22:25:05Z [post] skip  c:\dev\abd-context-driven-delivery\sandbox\play-core-mechanics\manage-character-sheet\create-character\create_character_story.js
2026-07-20T22:25:13Z [post] skip  c:\dev\abd-context-driven-delivery\contexts\stories\code\javascript\play-dual-runner\soft-assert.js
2026-07-20T22:25:14Z [post] skip  c:\dev\abd-context-driven-delivery\contexts\stories\code\javascript\play-dual-runner\soft-assert.js
2026-07-20T22:25:17Z [pre ] skip  c:\dev\abd-context-driven-delivery\contexts\stories\code\javascript\play-dual-runner\story-test-core.js
2026-07-20T22:25:18Z [read] skip  c:\dev\abd-context-driven-delivery\contexts\stories\code\javascript\play-dual-runner\story-test-core.js
2026-07-20T22:25:18Z [post] skip  c:\dev\abd-context-driven-delivery\contexts\stories\code\javascript\play-dual-runner\story-test-core.js
2026-07-20T22:25:19Z [pre ] skip  c:\dev\abd-context-driven-delivery\contexts\stories\code\javascript\play-dual-runner\story-test-core.js
2026-07-20T22:25:19Z [pre ] skip  c:\dev\abd-context-driven-delivery\contexts\stories\code\javascript\play-dual-runner\story-test-node.js
2026-07-20T22:25:20Z [read] skip  c:\dev\abd-context-driven-delivery\contexts\stories\code\javascript\play-dual-runner\story-test-node.js
2026-07-20T22:25:20Z [post] skip  c:\dev\abd-context-driven-delivery\contexts\stories\code\javascript\play-dual-runner\story-test-core.js
2026-07-20T22:25:20Z [post] skip  c:\dev\abd-context-driven-delivery\contexts\stories\code\javascript\play-dual-runner\story-test-node.js
2026-07-20T22:25:21Z [pre ] skip  c:\dev\abd-context-driven-delivery\contexts\stories\code\javascript\play-dual-runner\story-test-node.js
2026-07-20T22:25:21Z [post] skip  c:\dev\abd-context-driven-delivery\contexts\stories\code\javascript\play-dual-runner\story-test-node.js
2026-07-20T22:25:22Z [post] skip  c:\dev\abd-context-driven-delivery\contexts\stories\code\javascript\play-dual-runner\story-test-node.js
2026-07-20T22:25:25Z [pre ] skip  c:\dev\abd-context-driven-delivery\sandbox\play-core-mechanics\manage-character-sheet\update-ability-rank\update_ability_rank_story.js
2026-07-20T22:25:25Z [pre ] skip  c:\dev\abd-context-driven-delivery\sandbox\play-core-mechanics\manage-character-sheet\update-ability-rank\update_ability_rank_spec.js
2026-07-20T22:25:26Z [read] skip  c:\dev\abd-context-driven-delivery\sandbox\play-core-mechanics\manage-character-sheet\update-ability-rank\update_ability_rank_spec.js
2026-07-20T22:25:26Z [read] skip  c:\dev\abd-context-driven-delivery\sandbox\play-core-mechanics\manage-character-sheet\update-ability-rank\update_ability_rank_story.js
2026-07-20T22:25:26Z [post] skip  c:\dev\abd-context-driven-delivery\sandbox\play-core-mechanics\manage-character-sheet\update-ability-rank\update_ability_rank_spec.js
2026-07-20T22:25:26Z [post] skip  c:\dev\abd-context-driven-delivery\sandbox\play-core-mechanics\manage-character-sheet\update-ability-rank\update_ability_rank_story.js
2026-07-20T22:25:34Z [pre ] skip  c:\dev\abd-context-driven-delivery\sandbox\play-core-mechanics\manage-character-sheet\create-character\create_character_story.js
2026-07-20T22:25:35Z [read] skip  c:\dev\abd-context-driven-delivery\sandbox\play-core-mechanics\manage-character-sheet\create-character\create_character_story.js
2026-07-20T22:25:35Z [post] skip  c:\dev\abd-context-driven-delivery\sandbox\play-core-mechanics\manage-character-sheet\create-character\create_character_story.js
2026-07-20T22:25:36Z [pre ] skip  c:\dev\abd-context-driven-delivery\sandbox\play-core-mechanics\manage-character-sheet\create-character\create_character_story.js
2026-07-20T22:25:37Z [post] skip  c:\dev\abd-context-driven-delivery\sandbox\play-core-mechanics\manage-character-sheet\create-character\create_character_story.js
2026-07-20T22:25:37Z [post] skip  c:\dev\abd-context-driven-delivery\sandbox\play-core-mechanics\manage-character-sheet\create-character\create_character_story.js
2026-07-20T22:25:39Z [pre ] skip  c:\dev\abd-context-driven-delivery\sandbox\play-core-mechanics\manage-character-sheet\update-ability-rank\update_ability_rank_story.js
2026-07-20T22:25:39Z [read] skip  c:\dev\abd-context-driven-delivery\sandbox\play-core-mechanics\manage-character-sheet\update-ability-rank\update_ability_rank_story.js
2026-07-20T22:25:40Z [pre ] skip  c:\dev\abd-context-driven-delivery\sandbox\play-core-mechanics\manage-character-sheet\create-character\create_character_spec.js
2026-07-20T22:25:40Z [post] skip  c:\dev\abd-context-driven-delivery\sandbox\play-core-mechanics\manage-character-sheet\update-ability-rank\update_ability_rank_story.js
2026-07-20T22:25:40Z [read] skip  c:\dev\abd-context-driven-delivery\sandbox\play-core-mechanics\manage-character-sheet\create-character\create_character_spec.js
2026-07-20T22:25:40Z [pre ] skip  c:\dev\abd-context-driven-delivery\sandbox\play-core-mechanics\manage-character-sheet\update-ability-rank\update_ability_rank_story.js
2026-07-20T22:25:41Z [post] skip  c:\dev\abd-context-driven-delivery\sandbox\play-core-mechanics\manage-character-sheet\create-character\create_character_spec.js
2026-07-20T22:25:41Z [pre ] skip  c:\dev\abd-context-driven-delivery\sandbox\play-core-mechanics\manage-character-sheet\update-ability-rank\update_ability_rank_spec.js
2026-07-20T22:25:41Z [post] skip  c:\dev\abd-context-driven-delivery\sandbox\play-core-mechanics\manage-character-sheet\update-ability-rank\update_ability_rank_story.js
2026-07-20T22:25:41Z [pre ] skip  c:\dev\abd-context-driven-delivery\sandbox\play-core-mechanics\manage-character-sheet\create-character\create_character_spec.js
2026-07-20T22:25:41Z [read] skip  c:\dev\abd-context-driven-delivery\sandbox\play-core-mechanics\manage-character-sheet\update-ability-rank\update_ability_rank_spec.js
2026-07-20T22:25:41Z [post] skip  c:\dev\abd-context-driven-delivery\sandbox\play-core-mechanics\manage-character-sheet\update-ability-rank\update_ability_rank_story.js
2026-07-20T22:25:41Z [pre ] skip  c:\dev\abd-context-driven-delivery\sandbox\play-core-mechanics\story-test.js
2026-07-20T22:25:42Z [post] skip  c:\dev\abd-context-driven-delivery\sandbox\play-core-mechanics\manage-character-sheet\update-ability-rank\update_ability_rank_spec.js
2026-07-20T22:25:42Z [post] skip  c:\dev\abd-context-driven-delivery\sandbox\play-core-mechanics\manage-character-sheet\create-character\create_character_spec.js
2026-07-20T22:25:42Z [pre ] skip  c:\dev\abd-context-driven-delivery\contexts\stories\code\javascript\seeds\story-test.js
2026-07-20T22:25:42Z [read] skip  c:\dev\abd-context-driven-delivery\sandbox\play-core-mechanics\story-test.js
2026-07-20T22:25:42Z [post] skip  c:\dev\abd-context-driven-delivery\sandbox\play-core-mechanics\manage-character-sheet\create-character\create_character_spec.js
2026-07-20T22:25:42Z [read] skip  c:\dev\abd-context-driven-delivery\contexts\stories\code\javascript\seeds\story-test.js
2026-07-20T22:25:42Z [pre ] skip  c:\dev\abd-context-driven-delivery\sandbox\play-core-mechanics\manage-character-sheet\update-ability-rank\update_ability_rank_spec.js
2026-07-20T22:25:42Z [post] skip  c:\dev\abd-context-driven-delivery\sandbox\play-core-mechanics\story-test.js
2026-07-20T22:25:43Z [post] skip  c:\dev\abd-context-driven-delivery\contexts\stories\code\javascript\seeds\story-test.js
2026-07-20T22:25:43Z [post] skip  c:\dev\abd-context-driven-delivery\sandbox\play-core-mechanics\manage-character-sheet\update-ability-rank\update_ability_rank_spec.js
2026-07-20T22:25:43Z [pre ] skip  c:\dev\abd-context-driven-delivery\sandbox\play-core-mechanics\story-test.js
2026-07-20T22:25:43Z [post] skip  c:\dev\abd-context-driven-delivery\sandbox\play-core-mechanics\manage-character-sheet\update-ability-rank\update_ability_rank_spec.js
2026-07-20T22:25:44Z [pre ] skip  c:\dev\abd-context-driven-delivery\contexts\stories\code\javascript\seeds\story-test.js
2026-07-20T22:25:44Z [post] skip  c:\dev\abd-context-driven-delivery\sandbox\play-core-mechanics\story-test.js
2026-07-20T22:25:44Z [post] skip  c:\dev\abd-context-driven-delivery\sandbox\play-core-mechanics\story-test.js
2026-07-20T22:25:44Z [post] skip  c:\dev\abd-context-driven-delivery\contexts\stories\code\javascript\seeds\story-test.js
2026-07-20T22:25:45Z [post] skip  c:\dev\abd-context-driven-delivery\contexts\stories\code\javascript\seeds\story-test.js
2026-07-20T22:26:10Z [pre ] skip  c:\dev\abd-context-driven-delivery\sandbox\play-core-mechanics\story-demo\story-demo-shell.js
2026-07-20T22:26:10Z [pre ] skip  c:\dev\abd-context-driven-delivery\sandbox\play-core-mechanics\story-demo\story-demo.html
2026-07-20T22:26:10Z [read] skip  c:\dev\abd-context-driven-delivery\sandbox\play-core-mechanics\story-demo\story-demo.html
2026-07-20T22:26:10Z [post] skip  c:\dev\abd-context-driven-delivery\sandbox\play-core-mechanics\story-demo\story-demo-shell.js
2026-07-20T22:26:10Z [pre ] skip  c:\dev\abd-context-driven-delivery\contexts\ux\.context\story-runner-sketch.md
2026-07-20T22:26:10Z [post] skip  c:\dev\abd-context-driven-delivery\sandbox\play-core-mechanics\story-demo\story-demo.html
2026-07-20T22:26:11Z [post] skip  c:\dev\abd-context-driven-delivery\contexts\ux\.context\story-runner-sketch.md
2026-07-20T22:26:11Z [pre ] skip  c:\dev\abd-context-driven-delivery\sandbox\play-core-mechanics\story-demo\story-demo.html
2026-07-20T22:26:11Z [post] skip  c:\dev\abd-context-driven-delivery\contexts\ux\.context\story-runner-sketch.md
2026-07-20T22:26:12Z [post] skip  c:\dev\abd-context-driven-delivery\sandbox\play-core-mechanics\story-demo\story-demo.html
2026-07-20T22:26:12Z [pre ] skip  c:\dev\abd-context-driven-delivery\contexts\ux\.context\story-runner-sketch.md
2026-07-20T22:26:12Z [post] skip  c:\dev\abd-context-driven-delivery\sandbox\play-core-mechanics\story-demo\story-demo.html
2026-07-20T22:26:13Z [post] skip  c:\dev\abd-context-driven-delivery\contexts\ux\.context\story-runner-sketch.md
2026-07-20T22:26:13Z [post] skip  c:\dev\abd-context-driven-delivery\contexts\ux\.context\story-runner-sketch.md
2026-07-20T22:26:14Z [pre ] skip  c:\dev\abd-context-driven-delivery\contexts\ux\.context\story-runner-sketch.md
2026-07-20T22:26:15Z [post] skip  c:\dev\abd-context-driven-delivery\contexts\ux\.context\story-runner-sketch.md
2026-07-20T22:26:16Z [post] skip  c:\dev\abd-context-driven-delivery\contexts\ux\.context\story-runner-sketch.md
2026-07-20T22:26:25Z [pre ] skip  c:\dev\abd-context-driven-delivery\contexts\ux\story-demo\mount-generated-mockup.js
2026-07-20T22:26:26Z [post] skip  c:\dev\abd-context-driven-delivery\contexts\ux\story-demo\mount-generated-mockup.js
2026-07-20T22:26:26Z [post] skip  c:\dev\abd-context-driven-delivery\contexts\ux\story-demo\mount-generated-mockup.js
2026-07-20T22:26:28Z [pre ] skip  c:\dev\abd-context-driven-delivery\contexts\ux\story-demo\mount-generated-mockup.js
2026-07-20T22:26:28Z [pre ] skip  c:\dev\abd-context-driven-delivery\contexts\ux\.context\grill-answers.md
2026-07-20T22:26:29Z [post] skip  c:\dev\abd-context-driven-delivery\contexts\ux\.context\grill-answers.md
2026-07-20T22:26:29Z [post] skip  c:\dev\abd-context-driven-delivery\contexts\ux\story-demo\mount-generated-mockup.js
2026-07-20T22:26:29Z [post] skip  c:\dev\abd-context-driven-delivery\contexts\ux\.context\grill-answers.md
2026-07-20T22:26:29Z [post] skip  c:\dev\abd-context-driven-delivery\contexts\ux\story-demo\mount-generated-mockup.js
2026-07-20T22:27:38Z [post] skip  c:\dev\abd-context-driven-delivery\contexts\stories
2026-07-20T22:28:32Z [post] skip  c:\dev\abd-context-driven-delivery
2026-07-20T22:28:51Z [pre ] skip  c:\dev\abd-context-driven-delivery\contexts\ux\story-demo\story-demo-page.js
2026-07-20T22:28:51Z [pre ] skip  c:\dev\abd-context-driven-delivery\contexts\ux\story-demo\story-demo.spec.js
2026-07-20T22:28:51Z [read] skip  c:\dev\abd-context-driven-delivery\contexts\ux\story-demo\story-demo-page.js
2026-07-20T22:28:52Z [read] skip  c:\dev\abd-context-driven-delivery\contexts\ux\story-demo\story-demo.spec.js
2026-07-20T22:28:52Z [post] skip  c:\dev\abd-context-driven-delivery\contexts\ux\story-demo\story-demo-page.js
2026-07-20T22:28:52Z [pre ] skip  c:\dev\abd-context-driven-delivery\contexts\stories\code\javascript\seeds\story-test.js
2026-07-20T22:28:52Z [post] skip  c:\dev\abd-context-driven-delivery\contexts\ux\story-demo\story-demo.spec.js
2026-07-20T22:28:53Z [pre ] skip  c:\dev\abd-context-driven-delivery\sandbox\play-core-mechanics\story-test.js
2026-07-20T22:28:53Z [pre ] skip  c:\dev\abd-context-driven-delivery\contexts\ux\story-demo\story-demo-page.js
2026-07-20T22:28:53Z [post] skip  c:\dev\abd-context-driven-delivery\contexts\stories\code\javascript\seeds\story-test.js
2026-07-20T22:28:53Z [pre ] skip  c:\dev\abd-context-driven-delivery\contexts\ux\story-demo\story-demo.spec.js
2026-07-20T22:28:53Z [post] skip  c:\dev\abd-context-driven-delivery\contexts\stories\code\javascript\seeds\story-test.js
2026-07-20T22:28:53Z [post] skip  c:\dev\abd-context-driven-delivery\contexts\ux\story-demo\story-demo-page.js
2026-07-20T22:28:53Z [post] skip  c:\dev\abd-context-driven-delivery\sandbox\play-core-mechanics\story-test.js
2026-07-20T22:28:53Z [pre ] skip  c:\dev\abd-context-driven-delivery\sandbox\play-core-mechanics\manage-character-sheet\create-character\create_character_story.js
2026-07-20T22:28:54Z [post] skip  c:\dev\abd-context-driven-delivery\contexts\ux\story-demo\story-demo.spec.js
2026-07-20T22:28:54Z [post] skip  c:\dev\abd-context-driven-delivery\sandbox\play-core-mechanics\story-test.js
2026-07-20T22:28:54Z [post] skip  c:\dev\abd-context-driven-delivery\contexts\ux\story-demo\story-demo-page.js
2026-07-20T22:28:54Z [post] skip  c:\dev\abd-context-driven-delivery\sandbox\play-core-mechanics\manage-character-sheet\create-character\create_character_story.js
2026-07-20T22:28:54Z [post] skip  c:\dev\abd-context-driven-delivery\contexts\ux\story-demo\story-demo.spec.js
2026-07-20T22:28:54Z [pre ] skip  c:\dev\abd-context-driven-delivery\sandbox\play-core-mechanics\manage-character-sheet\update-ability-rank\update_ability_rank_story.js
2026-07-20T22:28:55Z [post] skip  c:\dev\abd-context-driven-delivery\sandbox\play-core-mechanics\manage-character-sheet\create-character\create_character_story.js
2026-07-20T22:28:55Z [post] skip  c:\dev\abd-context-driven-delivery\sandbox\play-core-mechanics\manage-character-sheet\update-ability-rank\update_ability_rank_story.js
2026-07-20T22:28:55Z [pre ] skip  c:\dev\abd-context-driven-delivery\sandbox\play-core-mechanics\manage-character-sheet\create-character\create_character_story.js
2026-07-20T22:28:55Z [pre ] skip  c:\dev\abd-context-driven-delivery\sandbox\play-core-mechanics\manage-character-sheet\create-character\create_character_spec.js
2026-07-20T22:28:56Z [post] skip  c:\dev\abd-context-driven-delivery\sandbox\play-core-mechanics\manage-character-sheet\update-ability-rank\update_ability_rank_story.js
2026-07-20T22:28:56Z [pre ] skip  c:\dev\abd-context-driven-delivery\sandbox\play-core-mechanics\manage-character-sheet\update-ability-rank\update_ability_rank_spec.js
2026-07-20T22:28:56Z [post] skip  c:\dev\abd-context-driven-delivery\sandbox\play-core-mechanics\manage-character-sheet\create-character\create_character_story.js
2026-07-20T22:28:56Z [post] skip  c:\dev\abd-context-driven-delivery\sandbox\play-core-mechanics\manage-character-sheet\create-character\create_character_spec.js
2026-07-20T22:28:56Z [pre ] skip  c:\dev\abd-context-driven-delivery\sandbox\play-core-mechanics\manage-character-sheet\update-ability-rank\update_ability_rank_story.js
2026-07-20T22:28:56Z [post] skip  c:\dev\abd-context-driven-delivery\sandbox\play-core-mechanics\manage-character-sheet\create-character\create_character_story.js
2026-07-20T22:28:56Z [post] skip  c:\dev\abd-context-driven-delivery\sandbox\play-core-mechanics\manage-character-sheet\update-ability-rank\update_ability_rank_spec.js
2026-07-20T22:28:56Z [post] skip  c:\dev\abd-context-driven-delivery\sandbox\play-core-mechanics\manage-character-sheet\create-character\create_character_spec.js
2026-07-20T22:28:57Z [post] skip  c:\dev\abd-context-driven-delivery\sandbox\play-core-mechanics\manage-character-sheet\update-ability-rank\update_ability_rank_story.js
2026-07-20T22:28:57Z [post] skip  c:\dev\abd-context-driven-delivery\sandbox\play-core-mechanics\manage-character-sheet\update-ability-rank\update_ability_rank_spec.js
2026-07-20T22:28:57Z [post] skip  c:\dev\abd-context-driven-delivery\sandbox\play-core-mechanics\manage-character-sheet\update-ability-rank\update_ability_rank_story.js
2026-07-20T22:29:01Z [pre ] skip  c:\dev\abd-context-driven-delivery\contexts\ux\story-demo\play-dual-runner\.context\module-context.md
2026-07-20T22:29:01Z [read] skip  c:\dev\abd-context-driven-delivery\contexts\ux\story-demo\play-dual-runner\.context\module-context.md
2026-07-20T22:29:01Z [pre ] skip  c:\dev\abd-context-driven-delivery\contexts\ux\story-demo\.context\module-context.md
2026-07-20T22:29:02Z [post] skip  c:\dev\abd-context-driven-delivery\contexts\ux\story-demo\play-dual-runner\.context\module-context.md
2026-07-20T22:29:02Z [post] skip  c:\dev\abd-context-driven-delivery\contexts\ux\story-demo\.context\module-context.md
2026-07-20T22:29:02Z [pre ] skip  c:\dev\abd-context-driven-delivery\contexts\ux\.context\story-runner-sketch.md
2026-07-20T22:29:02Z [pre ] skip  c:\dev\abd-context-driven-delivery\contexts\ux\story-demo\play-dual-runner\.context\module-context.md
2026-07-20T22:29:03Z [post] skip  c:\dev\abd-context-driven-delivery\contexts\ux\story-demo\.context\module-context.md
2026-07-20T22:29:03Z [post] skip  c:\dev\abd-context-driven-delivery\contexts\ux\.context\story-runner-sketch.md
2026-07-20T22:29:03Z [post] skip  c:\dev\abd-context-driven-delivery\contexts\ux\story-demo\play-dual-runner\.context\module-context.md
2026-07-20T22:29:03Z [pre ] skip  c:\dev\abd-context-driven-delivery\contexts\ux\.context\grill-answers.md
2026-07-20T22:29:03Z [post] skip  c:\dev\abd-context-driven-delivery\contexts\ux\.context\story-runner-sketch.md
2026-07-20T22:29:03Z [post] skip  c:\dev\abd-context-driven-delivery\contexts\ux\story-demo\play-dual-runner\.context\module-context.md
2026-07-20T22:29:03Z [pre ] skip  c:\dev\abd-context-driven-delivery\contexts\ux\.context\ux-context.md
2026-07-20T22:29:04Z [post] skip  c:\dev\abd-context-driven-delivery\contexts\ux\.context\grill-answers.md
2026-07-20T22:29:04Z [pre ] skip  c:\dev\abd-context-driven-delivery\contexts\ux\.context\story-runner-sketch.md
2026-07-20T22:29:04Z [post] skip  c:\dev\abd-context-driven-delivery\contexts\ux\.context\ux-context.md
2026-07-20T22:29:04Z [post] skip  c:\dev\abd-context-driven-delivery\contexts\ux\.context\grill-answers.md
2026-07-20T22:29:04Z [post] skip  c:\dev\abd-context-driven-delivery\contexts\ux\.context\story-runner-sketch.md
2026-07-20T22:29:04Z [pre ] skip  c:\dev\abd-context-driven-delivery\contexts\cdd\.context\connected-contexts.md
2026-07-20T22:29:05Z [post] skip  c:\dev\abd-context-driven-delivery\contexts\ux\.context\ux-context.md
2026-07-20T22:29:05Z [read] skip  c:\dev\abd-context-driven-delivery\contexts\cdd\.context\connected-contexts.md
2026-07-20T22:29:05Z [post] skip  c:\dev\abd-context-driven-delivery\contexts\ux\.context\story-runner-sketch.md
2026-07-20T22:29:05Z [post] skip  c:\dev\abd-context-driven-delivery\contexts\cdd\.context\connected-contexts.md
2026-07-20T22:29:06Z [pre ] skip  c:\dev\abd-context-driven-delivery\contexts\ux\.context\ux-context.md
2026-07-20T22:29:06Z [pre ] skip  c:\dev\abd-context-driven-delivery\contexts\ux\.context\story-runner-sketch.md
2026-07-20T22:29:06Z [pre ] skip  c:\dev\abd-context-driven-delivery\contexts\cdd\.context\connected-contexts.md
2026-07-20T22:29:06Z [post] skip  c:\dev\abd-context-driven-delivery\contexts\ux\.context\ux-context.md
2026-07-20T22:29:06Z [post] skip  c:\dev\abd-context-driven-delivery\contexts\ux\.context\story-runner-sketch.md
2026-07-20T22:29:07Z [post] skip  c:\dev\abd-context-driven-delivery\contexts\cdd\.context\connected-contexts.md
2026-07-20T22:29:07Z [post] skip  c:\dev\abd-context-driven-delivery\contexts\ux\.context\ux-context.md
2026-07-20T22:29:07Z [post] skip  c:\dev\abd-context-driven-delivery\contexts\ux\.context\story-runner-sketch.md
2026-07-20T22:29:07Z [post] skip  c:\dev\abd-context-driven-delivery\contexts\cdd\.context\connected-contexts.md
2026-07-20T22:29:08Z [pre ] skip  c:\dev\abd-context-driven-delivery\contexts\cdd\.context\connected-contexts.md
2026-07-20T22:29:08Z [post] skip  c:\dev\abd-context-driven-delivery\contexts\cdd\.context\connected-contexts.md
2026-07-20T22:29:09Z [post] skip  c:\dev\abd-context-driven-delivery\contexts\cdd\.context\connected-contexts.md
2026-07-20T22:29:20Z [post] skip  c:\dev\abd-context-driven-delivery
2026-07-20T22:29:23Z [pre ] skip  c:\dev\abd-context-driven-delivery\contexts\ux\.context\grill-answers.md
2026-07-20T22:29:24Z [pre ] skip  c:\dev\abd-context-driven-delivery\contexts\ux\story-demo\play-dual-runner\play-dual-runner.js
2026-07-20T22:29:24Z [post] skip  c:\dev\abd-context-driven-delivery\contexts\ux\.context\grill-answers.md
2026-07-20T22:29:24Z [read] skip  c:\dev\abd-context-driven-delivery\contexts\ux\story-demo\play-dual-runner\play-dual-runner.js
2026-07-20T22:29:24Z [post] skip  c:\dev\abd-context-driven-delivery\contexts\ux\.context\grill-answers.md
2026-07-20T22:29:25Z [post] skip  c:\dev\abd-context-driven-delivery\contexts\ux\story-demo\play-dual-runner\play-dual-runner.js
2026-07-20T22:29:25Z [pre ] skip  c:\dev\abd-context-driven-delivery\contexts\ux\story-demo\play-dual-runner\play-dual-runner.js
2026-07-20T22:29:26Z [post] skip  c:\dev\abd-context-driven-delivery\contexts\ux\story-demo\play-dual-runner\play-dual-runner.js
2026-07-20T22:29:26Z [post] skip  c:\dev\abd-context-driven-delivery\contexts\ux\story-demo\play-dual-runner\play-dual-runner.js
2026-07-21T01:38:44Z [pre ] skip  c:\dev\abd-context-driven-delivery\contexts\stories\examples\py\manage-customer-orders\manage_customer_orders_helper.py
2026-07-21T01:38:44Z [pre ] skip  c:\dev\abd-context-driven-delivery\contexts\ux\examples\examples.md
2026-07-21T01:38:44Z [pre ] skip  c:\dev\abd-context-driven-delivery\contexts\stories\examples\py\manage-customer-orders\place-new-order\submit-order\submit_order_stories.py
2026-07-21T01:38:45Z [pre ] FIRED  c:\dev\abd-context-driven-delivery\contexts\clean_engineering\examples\examples.py  — 3 manifest line(s)
2026-07-21T01:38:45Z [read] skip  c:\dev\abd-context-driven-delivery\contexts\ux\examples\examples.md
2026-07-21T01:38:45Z [read] skip  c:\dev\abd-context-driven-delivery\contexts\stories\examples\py\manage-customer-orders\manage_customer_orders_helper.py
2026-07-21T01:38:45Z [read] skip  c:\dev\abd-context-driven-delivery\contexts\stories\examples\py\manage-customer-orders\place-new-order\submit-order\submit_order_stories.py
2026-07-21T01:38:45Z [post] skip  c:\dev\abd-context-driven-delivery\contexts\ux\examples\examples.md
2026-07-21T01:38:45Z [post] skip  c:\dev\abd-context-driven-delivery\contexts\stories\examples\py\manage-customer-orders\place-new-order\submit-order\submit_order_stories.py
2026-07-21T01:38:45Z [post] skip  c:\dev\abd-context-driven-delivery\contexts\stories\examples\py\manage-customer-orders\manage_customer_orders_helper.py
2026-07-21T01:38:46Z [read] FIRED  c:\dev\abd-context-driven-delivery\contexts\clean_engineering\examples\examples.py  — 3 manifest line(s)
2026-07-21T01:38:47Z [post] FIRED  c:\dev\abd-context-driven-delivery\contexts\clean_engineering\examples\examples.py  — 3 manifest line(s)
2026-07-21T01:39:00Z [post] skip  c:\dev\abd-context-driven-delivery\contexts\ux\story-demo\examples\manage-customer-orders\shopping-cart.js
2026-07-21T01:39:01Z [post] skip  c:\dev\abd-context-driven-delivery\contexts\ux\story-demo\examples\manage-customer-orders\shopping-cart.js
2026-07-21T01:39:03Z [post] skip  c:\dev\abd-context-driven-delivery\contexts\ux\story-demo\examples\manage-customer-orders\shopping_cart_example_factory.js
2026-07-21T01:39:04Z [post] skip  c:\dev\abd-context-driven-delivery\contexts\ux\story-demo\examples\manage-customer-orders\shopping_cart_example_factory.js
2026-07-21T01:39:04Z [post] skip  c:\dev\abd-context-driven-delivery\contexts\ux\story-demo\examples\manage-customer-orders\manage-customer-orders-helper.js
2026-07-21T01:39:05Z [post] skip  c:\dev\abd-context-driven-delivery\contexts\ux\story-demo\examples\manage-customer-orders\manage-customer-orders-helper.js
2026-07-21T01:39:08Z [post] skip  c:\dev\abd-context-driven-delivery\contexts\ux\story-demo\examples\manage-customer-orders\place-new-order\submit-order\submit_order_story.js
2026-07-21T01:39:08Z [post] skip  c:\dev\abd-context-driven-delivery\contexts\ux\story-demo\examples\manage-customer-orders\place-new-order\submit-order\submit_order_story.js
2026-07-21T01:39:18Z [post] skip  c:\dev\abd-context-driven-delivery\contexts\ux\story-demo\examples\manage-customer-orders\submit-order.html
2026-07-21T01:39:18Z [post] skip  c:\dev\abd-context-driven-delivery\contexts\ux\story-demo\examples\manage-customer-orders\submit-order.html
2026-07-21T01:39:30Z [pre ] skip  c:\dev\abd-context-driven-delivery\contexts\ux\story-demo\mount-generated-mockup.js
2026-07-21T01:39:31Z [post] skip  c:\dev\abd-context-driven-delivery\contexts\ux\story-demo\mount-generated-mockup.js
2026-07-21T01:39:32Z [post] skip  c:\dev\abd-context-driven-delivery\contexts\ux\story-demo\mount-generated-mockup.js
2026-07-21T01:39:36Z [pre ] skip  c:\dev\abd-context-driven-delivery\contexts\ux\story-demo\examples\manage-customer-orders\submit-order.html
2026-07-21T01:39:37Z [post] skip  c:\dev\abd-context-driven-delivery\contexts\ux\story-demo\examples\manage-customer-orders\submit-order.html
2026-07-21T01:39:37Z [post] skip  c:\dev\abd-context-driven-delivery\contexts\ux\story-demo\examples\manage-customer-orders\submit-order.html
2026-07-21T01:39:39Z [post] skip  c:\dev\abd-context-driven-delivery\contexts\ux\story-demo\examples\manage-customer-orders\README.md
2026-07-21T01:39:39Z [pre ] skip  c:\dev\abd-context-driven-delivery\contexts\ux\examples\examples.md
2026-07-21T01:39:39Z [post] skip  c:\dev\abd-context-driven-delivery\contexts\ux\story-demo\examples\manage-customer-orders\README.md
2026-07-21T01:39:39Z [read] skip  c:\dev\abd-context-driven-delivery\contexts\ux\examples\examples.md
2026-07-21T01:39:40Z [post] skip  c:\dev\abd-context-driven-delivery\contexts\ux\story-demo\examples\manage-customer-orders\.context\module-context.md
2026-07-21T01:39:40Z [post] skip  c:\dev\abd-context-driven-delivery\contexts\ux\examples\examples.md
2026-07-21T01:39:40Z [post] skip  c:\dev\abd-context-driven-delivery\contexts\ux\story-demo\examples\manage-customer-orders\.context\module-context.md
2026-07-21T01:39:41Z [pre ] skip  c:\dev\abd-context-driven-delivery\contexts\ux\examples\examples.md
2026-07-21T01:39:41Z [post] skip  c:\dev\abd-context-driven-delivery\contexts\ux\examples\examples.md
2026-07-21T01:39:42Z [post] skip  c:\dev\abd-context-driven-delivery\contexts\ux\examples\examples.md
2026-07-21T01:39:49Z [pre ] skip  c:\dev\abd-context-driven-delivery\contexts\ux\examples\examples.md
2026-07-21T01:39:50Z [post] skip  c:\dev\abd-context-driven-delivery\contexts\ux\examples\examples.md
2026-07-21T01:39:50Z [post] skip  c:\dev\abd-context-driven-delivery
2026-07-21T01:39:54Z [pre ] skip  C:\Users\thoma\.cursor\projects\c-dev-abd-context-driven-delivery\terminals\2.txt
2026-07-21T01:39:54Z [read] skip  C:\Users\thoma\.cursor\projects\c-dev-abd-context-driven-delivery\terminals\2.txt
2026-07-21T01:39:55Z [post] skip  C:\Users\thoma\.cursor\projects\c-dev-abd-context-driven-delivery\terminals\2.txt
2026-07-21T01:41:20Z [pre ] skip  c:\dev\abd-context-driven-delivery\contexts\ux\story-demo\play-dual-runner\soft-assert.js
2026-07-21T01:41:20Z [pre ] skip  c:\dev\abd-context-driven-delivery\contexts\ux\story-demo\play-dual-runner\story-test-core.js
2026-07-21T01:41:21Z [read] skip  c:\dev\abd-context-driven-delivery\contexts\ux\story-demo\play-dual-runner\soft-assert.js
2026-07-21T01:41:21Z [read] skip  c:\dev\abd-context-driven-delivery\contexts\ux\story-demo\play-dual-runner\story-test-core.js
2026-07-21T01:41:22Z [post] skip  c:\dev\abd-context-driven-delivery\contexts\ux\story-demo\play-dual-runner\story-test-core.js
2026-07-21T01:41:22Z [post] skip  c:\dev\abd-context-driven-delivery\contexts\ux\story-demo\play-dual-runner\soft-assert.js
2026-07-21T01:41:26Z [pre ] skip  c:\dev\abd-context-driven-delivery\contexts\ux\story-demo\examples\manage-customer-orders\submit-order.html
2026-07-21T01:41:27Z [post] skip  c:\dev\abd-context-driven-delivery\contexts\ux\story-demo\examples\manage-customer-orders\submit-order.html
2026-07-21T01:41:27Z [pre ] skip  c:\dev\abd-context-driven-delivery\contexts\ux\story-demo\mount-generated-mockup.js
2026-07-21T01:41:28Z [post] skip  c:\dev\abd-context-driven-delivery\contexts\ux\story-demo\examples\manage-customer-orders\submit-order.html
2026-07-21T01:41:28Z [post] skip  c:\dev\abd-context-driven-delivery\contexts\ux\story-demo\mount-generated-mockup.js
2026-07-21T01:41:28Z [post] skip  c:\dev\abd-context-driven-delivery\contexts\ux\story-demo\mount-generated-mockup.js
2026-07-21T01:42:11Z [post] skip  c:\dev\abd-context-driven-delivery\contexts\stories\examples\py
2026-07-21T01:42:11Z [post] skip  c:\dev\abd-context-driven-delivery\contexts\stories\examples\py\manage-customer-orders
2026-07-21T01:42:14Z [pre ] skip  c:\dev\abd-context-driven-delivery\contexts\stories\examples\py\manage-customer-orders\place-new-order\add-item-to-cart\add_item_to_cart_stories.py
2026-07-21T01:42:15Z [read] skip  c:\dev\abd-context-driven-delivery\contexts\stories\examples\py\manage-customer-orders\place-new-order\add-item-to-cart\add_item_to_cart_stories.py
2026-07-21T01:42:15Z [post] skip  c:\dev\abd-context-driven-delivery\contexts\stories\examples\py\manage-customer-orders\place-new-order\add-item-to-cart\add_item_to_cart_stories.py
2026-07-21T01:42:17Z [pre ] skip  c:\dev\abd-context-driven-delivery\contexts\stories\examples\py\manage-customer-orders\place-new-order\browse-product-catalog\browse_product_catalog_stories.py
2026-07-21T01:42:18Z [read] skip  c:\dev\abd-context-driven-delivery\contexts\stories\examples\py\manage-customer-orders\place-new-order\browse-product-catalog\browse_product_catalog_stories.py
2026-07-21T01:42:18Z [post] skip  c:\dev\abd-context-driven-delivery\contexts\stories\examples\py\manage-customer-orders
2026-07-21T01:42:18Z [post] skip  c:\dev\abd-context-driven-delivery\contexts\stories\examples\py\manage-customer-orders\place-new-order\browse-product-catalog\browse_product_catalog_stories.py
2026-07-21T01:43:55Z [pre ] skip  c:\dev\abd-context-driven-delivery\contexts\stories\examples\py\manage-customer-orders\story-context.md
2026-07-21T01:43:55Z [pre ] FIRED  c:\dev\abd-context-driven-delivery\contexts\clean_engineering\examples\examples.py  — 3 manifest line(s)
2026-07-21T01:43:56Z [read] skip  c:\dev\abd-context-driven-delivery\contexts\stories\examples\py\manage-customer-orders\story-context.md
2026-07-21T01:43:57Z [read] FIRED  c:\dev\abd-context-driven-delivery\contexts\clean_engineering\examples\examples.py  — 3 manifest line(s)
2026-07-21T01:43:57Z [post] skip  c:\dev\abd-context-driven-delivery\contexts\stories\examples\py\manage-customer-orders\story-context.md
2026-07-21T01:43:59Z [post] FIRED  c:\dev\abd-context-driven-delivery\contexts\clean_engineering\examples\examples.py  — 3 manifest line(s)
2026-07-21T01:44:05Z [post] skip  c:\dev\abd-context-driven-delivery
2026-07-21T01:44:05Z [post] skip  c:\dev\abd-context-driven-delivery\contexts\stories
2026-07-21T01:44:05Z [post] skip  c:\dev\abd-context-driven-delivery\contexts\stories
2026-07-21T01:44:11Z [pre ] skip  c:\dev\abd-context-driven-delivery\contexts\stories\examples\md\story-map.md
2026-07-21T01:44:11Z [pre ] skip  c:\dev\abd-context-driven-delivery\contexts\stories\examples\py\manage-customer-orders\place-new-order\submit-order\submit_order_stories.py
2026-07-21T01:44:11Z [pre ] FIRED  c:\dev\abd-context-driven-delivery\contexts\stories\stories.py  — 4 manifest line(s)
2026-07-21T01:44:11Z [read] skip  c:\dev\abd-context-driven-delivery\contexts\stories\examples\md\story-map.md
2026-07-21T01:44:12Z [read] skip  c:\dev\abd-context-driven-delivery\contexts\stories\examples\py\manage-customer-orders\place-new-order\submit-order\submit_order_stories.py
2026-07-21T01:44:12Z [post] skip  c:\dev\abd-context-driven-delivery\contexts\stories\examples\md\story-map.md
2026-07-21T01:44:12Z [read] FIRED  c:\dev\abd-context-driven-delivery\contexts\stories\stories.py  — 4 manifest line(s)
2026-07-21T01:44:12Z [post] skip  c:\dev\abd-context-driven-delivery\contexts\stories\examples\py\manage-customer-orders\place-new-order\submit-order\submit_order_stories.py
2026-07-21T01:44:13Z [post] FIRED  c:\dev\abd-context-driven-delivery\contexts\stories\stories.py  — 4 manifest line(s)
2026-07-21T01:44:22Z [post] skip  c:\dev\abd-context-driven-delivery\contexts\stories\examples
2026-07-21T01:44:30Z [pre ] skip  C:\Users\thoma\.cursor\projects\c-dev-abd-context-driven-delivery\agent-tools\4cdf7d71-bf07-43c3-8e41-f873b1d12eda.txt
2026-07-21T01:44:30Z [pre ] skip  c:\dev\abd-context-driven-delivery\contexts\stories\templates\md\scenario-main-flow.md
2026-07-21T01:44:30Z [pre ] skip  c:\dev\abd-context-driven-delivery\contexts\stories\templates\md\story-map.md
2026-07-21T01:44:30Z [pre ] skip  c:\dev\abd-context-driven-delivery\contexts\stories\examples\py\manage-customer-orders\manage_customer_orders_helper.py
2026-07-21T01:44:31Z [read] skip  C:\Users\thoma\.cursor\projects\c-dev-abd-context-driven-delivery\agent-tools\4cdf7d71-bf07-43c3-8e41-f873b1d12eda.txt
2026-07-21T01:44:31Z [read] skip  c:\dev\abd-context-driven-delivery\contexts\stories\templates\md\scenario-main-flow.md
2026-07-21T01:44:31Z [read] skip  c:\dev\abd-context-driven-delivery\contexts\stories\templates\md\story-map.md
2026-07-21T01:44:31Z [read] skip  c:\dev\abd-context-driven-delivery\contexts\stories\examples\py\manage-customer-orders\manage_customer_orders_helper.py
2026-07-21T01:44:31Z [post] skip  c:\dev\abd-context-driven-delivery\contexts\clean_engineering\examples
2026-07-21T01:44:31Z [post] skip  C:\Users\thoma\.cursor\projects\c-dev-abd-context-driven-delivery\agent-tools\4cdf7d71-bf07-43c3-8e41-f873b1d12eda.txt
2026-07-21T01:44:31Z [post] skip  c:\dev\abd-context-driven-delivery\contexts\stories\templates\md\scenario-main-flow.md
2026-07-21T01:44:31Z [post] skip  c:\dev\abd-context-driven-delivery\contexts\stories\templates\md\story-map.md
2026-07-21T01:44:31Z [post] skip  c:\dev\abd-context-driven-delivery\contexts\stories\examples\py\manage-customer-orders\manage_customer_orders_helper.py
2026-07-21T01:44:44Z [pre ] skip  c:\dev\abd-context-driven-delivery\contexts\clean_engineering\examples\examples.md
2026-07-21T01:44:45Z [pre ] skip  c:\dev\abd-context-driven-delivery\contexts\stories\templates\md\thin-slice.md
2026-07-21T01:44:45Z [read] skip  c:\dev\abd-context-driven-delivery\contexts\clean_engineering\examples\examples.md
2026-07-21T01:44:45Z [post] skip  c:\dev\abd-context-driven-delivery\contexts\clean_engineering
2026-07-21T01:44:45Z [read] skip  c:\dev\abd-context-driven-delivery\contexts\stories\templates\md\thin-slice.md
2026-07-21T01:44:45Z [post] skip  c:\dev\abd-context-driven-delivery\contexts\clean_engineering\examples\examples.md
2026-07-21T01:44:45Z [post] skip  c:\dev\abd-context-driven-delivery\contexts\stories
2026-07-21T01:44:45Z [post] skip  c:\dev\abd-context-driven-delivery\contexts\stories\templates\md\thin-slice.md
2026-07-21T01:44:55Z [pre ] skip  c:\dev\abd-context-driven-delivery\contexts\stories\examples\py\manage-customer-orders\place-new-order\browse-product-catalog\browse_product_catalog_stories.py
2026-07-21T01:44:55Z [read] skip  c:\dev\abd-context-driven-delivery\contexts\stories\examples\py\manage-customer-orders\place-new-order\browse-product-catalog\browse_product_catalog_stories.py
2026-07-21T01:44:55Z [post] skip  c:\dev\abd-context-driven-delivery
2026-07-21T01:44:56Z [post] skip  c:\dev\abd-context-driven-delivery\contexts\stories\examples\py\manage-customer-orders\place-new-order\browse-product-catalog\browse_product_catalog_stories.py
2026-07-21T01:45:03Z [pre ] skip  c:\dev\abd-context-driven-delivery\contexts\stories\examples\md\thin-slice.md
2026-07-21T01:45:03Z [pre ] skip  c:\dev\abd-context-driven-delivery\contexts\stories\examples\md\scenario-main-flow.md
2026-07-21T01:45:04Z [read] skip  c:\dev\abd-context-driven-delivery\contexts\stories\examples\md\scenario-main-flow.md
2026-07-21T01:45:04Z [read] skip  c:\dev\abd-context-driven-delivery\contexts\stories\examples\md\thin-slice.md
2026-07-21T01:45:04Z [post] skip  c:\dev\abd-context-driven-delivery\contexts\stories\examples\md\scenario-main-flow.md
2026-07-21T01:45:04Z [post] skip  c:\dev\abd-context-driven-delivery\contexts\stories\examples\md\thin-slice.md
2026-07-21T01:45:18Z [pre ] skip  c:\dev\abd-context-driven-delivery\contexts\stories\examples\md\story-map.md
2026-07-21T01:45:18Z [read] skip  c:\dev\abd-context-driven-delivery\contexts\stories\examples\md\story-map.md
2026-07-21T01:45:19Z [post] skip  c:\dev\abd-context-driven-delivery\contexts\stories\examples\md\story-map.md
2026-07-21T01:45:20Z [pre ] skip  c:\dev\abd-context-driven-delivery\contexts\stories\examples\md\story-map.md
2026-07-21T01:45:20Z [post] skip  c:\dev\abd-context-driven-delivery\contexts\stories\examples\md\story-map.md
2026-07-21T01:45:21Z [post] skip  c:\dev\abd-context-driven-delivery\contexts\stories\examples\md\story-map.md
2026-07-21T01:45:21Z [pre ] skip  c:\dev\abd-context-driven-delivery\contexts\stories\examples\py\manage-customer-orders\story-context.md
2026-07-21T01:45:22Z [post] skip  c:\dev\abd-context-driven-delivery\contexts\stories\examples\md\thin-slice-manage-customer-orders.md
2026-07-21T01:45:22Z [read] skip  c:\dev\abd-context-driven-delivery\contexts\stories\examples\py\manage-customer-orders\story-context.md
2026-07-21T01:45:22Z [post] skip  c:\dev\abd-context-driven-delivery\contexts\stories\examples\md\thin-slice-manage-customer-orders.md
2026-07-21T01:45:22Z [post] skip  c:\dev\abd-context-driven-delivery\contexts\stories\examples\py\manage-customer-orders\story-context.md
2026-07-21T01:45:23Z [pre ] skip  c:\dev\abd-context-driven-delivery\contexts\stories\examples\py\manage-customer-orders\story-context.md
2026-07-21T01:45:23Z [post] skip  c:\dev\abd-context-driven-delivery\contexts\stories\examples\py\manage-customer-orders\place-new-order\story-context.md
2026-07-21T01:45:24Z [post] skip  c:\dev\abd-context-driven-delivery\contexts\stories\examples\py\manage-customer-orders\story-context.md
2026-07-21T01:45:24Z [post] skip  c:\dev\abd-context-driven-delivery\contexts\stories\examples\py\manage-customer-orders\place-new-order\story-context.md
2026-07-21T01:45:24Z [post] skip  c:\dev\abd-context-driven-delivery\contexts\stories\examples\py\manage-customer-orders\place-new-order\manage-shopping-cart\story-context.md
2026-07-21T01:45:24Z [post] skip  c:\dev\abd-context-driven-delivery\contexts\stories\examples\py\manage-customer-orders\story-context.md
2026-07-21T01:45:24Z [post] skip  c:\dev\abd-context-driven-delivery\contexts\stories\examples\py\manage-customer-orders\place-new-order\manage-shopping-cart\story-context.md
2026-07-21T01:45:41Z [post] FIRED  c:\dev\abd-context-driven-delivery\contexts\stories\examples\py\manage-customer-orders\place-new-order\manage-shopping-cart\select-product\select_product_stories.py  — 3 manifest line(s)
2026-07-21T01:45:42Z [post] FIRED  c:\dev\abd-context-driven-delivery\contexts\stories\examples\py\manage-customer-orders\place-new-order\manage-shopping-cart\select-product\select_product_stories.py  — 3 manifest line(s)
2026-07-21T01:45:43Z [post] FIRED  c:\dev\abd-context-driven-delivery\contexts\stories\examples\py\manage-customer-orders\place-new-order\manage-shopping-cart\add-item-to-cart\add_item_to_cart_stories.py  — 3 manifest line(s)
2026-07-21T01:45:44Z [post] FIRED  c:\dev\abd-context-driven-delivery\contexts\stories\examples\py\manage-customer-orders\place-new-order\manage-shopping-cart\add-item-to-cart\add_item_to_cart_stories.py  — 3 manifest line(s)
2026-07-21T01:45:45Z [post] FIRED  c:\dev\abd-context-driven-delivery\contexts\stories\examples\py\manage-customer-orders\place-new-order\manage-shopping-cart\remove-item-from-cart\remove_item_from_cart_stories.py  — 3 manifest line(s)
2026-07-21T01:45:45Z [post] FIRED  c:\dev\abd-context-driven-delivery\contexts\stories\examples\py\manage-customer-orders\place-new-order\manage-shopping-cart\remove-item-from-cart\remove_item_from_cart_stories.py  — 3 manifest line(s)
2026-07-21T01:45:46Z [pre ] skip  c:\dev\abd-context-driven-delivery\contexts\stories\examples\py\manage-customer-orders\place-new-order\submit-order\submit_order_stories.py
2026-07-21T01:45:46Z [post] FIRED  c:\dev\abd-context-driven-delivery\contexts\stories\examples\py\manage-customer-orders\place-new-order\manage-shopping-cart\calculate-cart-total\calculate_cart_total_stories.py  — 3 manifest line(s)
2026-07-21T01:45:46Z [pre ] skip  c:\dev\abd-context-driven-delivery\contexts\stories\examples\py\manage-customer-orders\place-new-order\browse-product-catalog\browse_product_catalog_stories.py
2026-07-21T01:45:46Z [pre ] skip  c:\dev\abd-context-driven-delivery\contexts\stories\examples\py\manage-customer-orders\place-new-order\add-item-to-cart\add_item_to_cart_stories.py
2026-07-21T01:45:46Z [read] skip  c:\dev\abd-context-driven-delivery\contexts\stories\examples\py\manage-customer-orders\place-new-order\submit-order\submit_order_stories.py
2026-07-21T01:45:46Z [post] skip  c:\dev\abd-context-driven-delivery\contexts\stories\examples\py\manage-customer-orders\place-new-order\browse-product-catalog\browse_product_catalog_stories.py
2026-07-21T01:45:47Z [post] FIRED  c:\dev\abd-context-driven-delivery\contexts\stories\examples\py\manage-customer-orders\place-new-order\manage-shopping-cart\calculate-cart-total\calculate_cart_total_stories.py  — 3 manifest line(s)
2026-07-21T01:45:47Z [post] skip  c:\dev\abd-context-driven-delivery\contexts\stories\examples\py\manage-customer-orders\place-new-order\add-item-to-cart\add_item_to_cart_stories.py
2026-07-21T01:45:47Z [post] skip  c:\dev\abd-context-driven-delivery\contexts\stories\examples\py\manage-customer-orders\place-new-order\submit-order\submit_order_stories.py
2026-07-21T01:45:47Z [pre ] skip  c:\dev\abd-context-driven-delivery\contexts\stories\examples\py\manage-customer-orders\place-new-order\submit-order\submit_order_stories.py
2026-07-21T01:45:48Z [post] FIRED  c:\dev\abd-context-driven-delivery\contexts\stories\examples\py\manage-customer-orders\place-new-order\submit-order\submit_order_stories.py  — 3 manifest line(s)
2026-07-21T01:45:49Z [post] FIRED  c:\dev\abd-context-driven-delivery\contexts\stories\examples\py\manage-customer-orders\place-new-order\submit-order\submit_order_stories.py  — 3 manifest line(s)
2026-07-21T01:45:53Z [pre ] FIRED  c:\dev\abd-context-driven-delivery\contexts\clean_engineering\examples\examples.py  — 3 manifest line(s)
2026-07-21T01:45:54Z [post] skip  c:\dev\abd-context-driven-delivery\contexts\clean_engineering
2026-07-21T01:45:54Z [read] FIRED  c:\dev\abd-context-driven-delivery\contexts\clean_engineering\examples\examples.py  — 3 manifest line(s)
2026-07-21T01:45:55Z [post] FIRED  c:\dev\abd-context-driven-delivery\contexts\clean_engineering\examples\examples.py  — 3 manifest line(s)
2026-07-21T01:46:06Z [pre ] FIRED  c:\dev\abd-context-driven-delivery\contexts\clean_engineering\examples\examples.py  — 3 manifest line(s)
2026-07-21T01:46:06Z [read] FIRED  c:\dev\abd-context-driven-delivery\contexts\clean_engineering\examples\examples.py  — 3 manifest line(s)
2026-07-21T01:46:07Z [post] FIRED  c:\dev\abd-context-driven-delivery\contexts\clean_engineering\examples\examples.py  — 3 manifest line(s)
2026-07-21T01:46:08Z [pre ] FIRED  c:\dev\abd-context-driven-delivery\contexts\clean_engineering\examples\examples.py  — 3 manifest line(s)
2026-07-21T01:46:09Z [post] FIRED  c:\dev\abd-context-driven-delivery\contexts\clean_engineering\examples\examples.py  — 3 manifest line(s)
2026-07-21T01:46:10Z [post] FIRED  c:\dev\abd-context-driven-delivery\contexts\clean_engineering\examples\examples.py  — 3 manifest line(s)
2026-07-21T01:46:13Z [post] FIRED  c:\dev\abd-context-driven-delivery\contexts\clean_engineering\examples\shopping_cart_example_factory.py  — 3 manifest line(s)
2026-07-21T01:46:13Z [post] FIRED  c:\dev\abd-context-driven-delivery\contexts\clean_engineering\examples\shopping_cart_example_factory.py  — 3 manifest line(s)
2026-07-21T01:46:13Z [pre ] skip  c:\dev\abd-context-driven-delivery\contexts\clean_engineering\examples\examples.md
2026-07-21T01:46:14Z [read] skip  c:\dev\abd-context-driven-delivery\contexts\clean_engineering\examples\examples.md
2026-07-21T01:46:14Z [post] skip  c:\dev\abd-context-driven-delivery\contexts\clean_engineering\examples\examples.md
2026-07-21T01:46:15Z [pre ] skip  c:\dev\abd-context-driven-delivery\contexts\clean_engineering\examples\examples.md
2026-07-21T01:46:16Z [post] skip  c:\dev\abd-context-driven-delivery\contexts\clean_engineering\examples\examples.md
2026-07-21T01:46:16Z [post] skip  c:\dev\abd-context-driven-delivery\contexts\clean_engineering\examples\examples.md
2026-07-21T01:46:23Z [pre ] FIRED  c:\dev\abd-context-driven-delivery\contexts\clean_engineering\examples\shopping_cart_example_factory.py  — 3 manifest line(s)
2026-07-21T01:46:23Z [post] skip  c:\dev\abd-context-driven-delivery
2026-07-21T01:46:24Z [post] FIRED  c:\dev\abd-context-driven-delivery\contexts\clean_engineering\examples\shopping_cart_example_factory.py  — 3 manifest line(s)
2026-07-21T01:46:24Z [post] FIRED  c:\dev\abd-context-driven-delivery\contexts\clean_engineering\examples\shopping_cart_example_factory.py  — 3 manifest line(s)
2026-07-21T01:46:32Z [post] skip  c:\dev\abd-context-driven-delivery\contexts\clean_engineering\examples\__init__.py
2026-07-21T01:46:32Z [post] skip  c:\dev\abd-context-driven-delivery\contexts\clean_engineering\examples\__init__.py
2026-07-21T01:47:08Z [pre ] skip  c:\dev\abd-context-driven-delivery\contexts\stories\examples\md\story-map.md
2026-07-21T01:47:09Z [read] skip  c:\dev\abd-context-driven-delivery\contexts\stories\examples\md\story-map.md
2026-07-21T01:47:09Z [post] skip  c:\dev\abd-context-driven-delivery\contexts\stories\examples\md\story-map.md
2026-07-21T01:47:10Z [pre ] skip  c:\dev\abd-context-driven-delivery\contexts\stories\examples\md\story-map.md
2026-07-21T01:47:10Z [post] skip  c:\dev\abd-context-driven-delivery\contexts\stories\examples\md\story-map.md
2026-07-21T01:47:10Z [post] skip  c:\dev\abd-context-driven-delivery\contexts\stories\examples\md\story-map.md
2026-07-21T01:47:12Z [pre ] skip  c:\dev\abd-context-driven-delivery\contexts\stories\examples\md\thin-slice-manage-customer-orders.md
2026-07-21T01:47:12Z [read] skip  c:\dev\abd-context-driven-delivery\contexts\stories\examples\md\thin-slice-manage-customer-orders.md
2026-07-21T01:47:13Z [post] skip  c:\dev\abd-context-driven-delivery\contexts\stories\examples\md\thin-slice-manage-customer-orders.md
2026-07-21T01:47:13Z [pre ] skip  c:\dev\abd-context-driven-delivery\contexts\stories\examples\md\thin-slice-manage-customer-orders.md
2026-07-21T01:47:14Z [post] skip  c:\dev\abd-context-driven-delivery\contexts\stories\examples\md\thin-slice-manage-customer-orders.md
2026-07-21T01:47:14Z [post] skip  c:\dev\abd-context-driven-delivery\contexts\stories\examples\md\thin-slice-manage-customer-orders.md
2026-07-21T01:47:17Z [pre ] skip  c:\dev\abd-context-driven-delivery\contexts\stories\examples\py\manage-customer-orders\place-new-order\story-context.md
2026-07-21T01:47:17Z [pre ] FIRED  c:\dev\abd-context-driven-delivery\contexts\stories\examples\py\manage-customer-orders\place-new-order\view-cart-total\view_cart_total_stories.py  — 3 manifest line(s)
2026-07-21T01:47:18Z [post] skip  c:\dev\abd-context-driven-delivery\contexts\stories\examples\py\manage-customer-orders\place-new-order\story-context.md
2026-07-21T01:47:18Z [pre ] skip  c:\dev\abd-context-driven-delivery\contexts\stories\examples\py\manage-customer-orders\story-context.md
2026-07-21T01:47:18Z [read] FIRED  c:\dev\abd-context-driven-delivery\contexts\stories\examples\py\manage-customer-orders\place-new-order\view-cart-total\view_cart_total_stories.py  — 3 manifest line(s)
2026-07-21T01:47:18Z [post] skip  c:\dev\abd-context-driven-delivery\contexts\stories\examples\py\manage-customer-orders\place-new-order\story-context.md
2026-07-21T01:47:18Z [read] skip  c:\dev\abd-context-driven-delivery\contexts\stories\examples\py\manage-customer-orders\story-context.md
2026-07-21T01:47:19Z [post] skip  c:\dev\abd-context-driven-delivery\contexts\stories\examples\py\manage-customer-orders\story-context.md
2026-07-21T01:47:19Z [post] FIRED  c:\dev\abd-context-driven-delivery\contexts\stories\examples\py\manage-customer-orders\place-new-order\view-cart-total\view_cart_total_stories.py  — 3 manifest line(s)
2026-07-21T01:47:19Z [pre ] skip  c:\dev\abd-context-driven-delivery\contexts\stories\examples\py\manage-customer-orders\story-context.md
2026-07-21T01:47:20Z [post] skip  c:\dev\abd-context-driven-delivery\contexts\stories\examples\py\manage-customer-orders\story-context.md
2026-07-21T01:47:20Z [post] skip  c:\dev\abd-context-driven-delivery\contexts\stories\examples\py\manage-customer-orders\story-context.md
2026-07-21T01:47:24Z [pre ] FIRED  c:\dev\abd-context-driven-delivery\contexts\stories\examples\py\manage-customer-orders\place-new-order\view-cart-total\view_cart_total_stories.py  — 3 manifest line(s)
2026-07-21T01:47:24Z [read] FIRED  c:\dev\abd-context-driven-delivery\contexts\stories\examples\py\manage-customer-orders\place-new-order\view-cart-total\view_cart_total_stories.py  — 3 manifest line(s)
2026-07-21T01:47:25Z [post] FIRED  c:\dev\abd-context-driven-delivery\contexts\stories\examples\py\manage-customer-orders\place-new-order\view-cart-total\view_cart_total_stories.py  — 3 manifest line(s)
2026-07-21T01:47:26Z [pre ] FIRED  c:\dev\abd-context-driven-delivery\contexts\stories\examples\py\manage-customer-orders\place-new-order\view-cart-total\view_cart_total_stories.py  — 3 manifest line(s)
2026-07-21T01:47:27Z [post] FIRED  c:\dev\abd-context-driven-delivery\contexts\stories\examples\py\manage-customer-orders\place-new-order\view-cart-total\view_cart_total_stories.py  — 3 manifest line(s)
2026-07-21T01:47:27Z [post] FIRED  c:\dev\abd-context-driven-delivery\contexts\stories\examples\py\manage-customer-orders\place-new-order\view-cart-total\view_cart_total_stories.py  — 3 manifest line(s)
2026-07-21T01:47:41Z [pre ] FIRED  c:\dev\abd-context-driven-delivery\contexts\clean_engineering\examples\shopping_cart_example_factory.py  — 3 manifest line(s)
2026-07-21T01:47:41Z [post] FIRED  c:\dev\abd-context-driven-delivery\contexts\clean_engineering\examples\shopping_cart_example_factory.py  — 3 manifest line(s)
2026-07-21T01:47:42Z [post] FIRED  c:\dev\abd-context-driven-delivery\contexts\clean_engineering\examples\shopping_cart_example_factory.py  — 3 manifest line(s)
2026-07-21T01:49:09Z [pre ] skip  c:\dev\abd-context-driven-delivery\contexts\ux\story-demo\examples\manage-customer-orders\README.md
2026-07-21T01:49:09Z [pre ] skip  c:\dev\abd-context-driven-delivery\contexts\ux\story-demo\examples\manage-customer-orders\.context\module-context.md
2026-07-21T01:49:10Z [read] skip  c:\dev\abd-context-driven-delivery\contexts\ux\story-demo\examples\manage-customer-orders\.context\module-context.md
2026-07-21T01:49:10Z [read] skip  c:\dev\abd-context-driven-delivery\contexts\ux\story-demo\examples\manage-customer-orders\README.md
2026-07-21T01:49:10Z [post] skip  c:\dev\abd-context-driven-delivery
2026-07-21T01:49:11Z [post] skip  c:\dev\abd-context-driven-delivery\contexts\ux\story-demo\examples\manage-customer-orders\.context\module-context.md
2026-07-21T01:49:11Z [post] skip  c:\dev\abd-context-driven-delivery\contexts\ux\story-demo\examples\manage-customer-orders\README.md
2026-07-21T01:49:19Z [pre ] skip  c:\dev\abd-context-driven-delivery\contexts\ux\story-demo\examples\manage-customer-orders\README.md
d
2026-07-21T01:49:20Z [post] skip  c:\dev\abd-context-driven-delivery\contexts\ux\story-demo\examples\manage-customer-orders\story-map.md
2026-07-21T01:49:20Z [read] skip  c:\dev\abd-context-driven-delivery\contexts\ux\story-demo\examples\manage-customer-orders\README.md
2026-07-21T01:49:20Z [post] skip  c:\dev\abd-context-driven-delivery\contexts\ux\story-demo\examples\manage-customer-orders\README.md
2026-07-21T01:49:20Z [pre ] skip  c:\dev\abd-context-driven-delivery\contexts\ux\story-demo\examples\manage-customer-orders\.context\module-context.md
2026-07-21T01:49:21Z [read] skip  c:\dev\abd-context-driven-delivery\contexts\ux\story-demo\examples\manage-customer-orders\.context\module-context.md
2026-07-21T01:49:21Z [pre ] skip  c:\dev\abd-context-driven-delivery\contexts\ux\story-demo\examples\manage-customer-orders\README.md
2026-07-21T01:49:21Z [post] skip  c:\dev\abd-context-driven-delivery\contexts\ux\story-demo\examples\manage-customer-orders\.context\module-context.md
2026-07-21T01:49:21Z [pre ] skip  c:\dev\abd-context-driven-delivery\contexts\ux\examples\examples.md
2026-07-21T01:49:21Z [post] skip  c:\dev\abd-context-driven-delivery\contexts\ux\story-demo\examples\manage-customer-orders\README.md
2026-07-21T01:49:22Z [read] skip  c:\dev\abd-context-driven-delivery\contexts\ux\examples\examples.md
2026-07-21T01:49:22Z [pre ] skip  c:\dev\abd-context-driven-delivery\contexts\ux\story-demo\examples\manage-customer-orders\.context\module-context.md
2026-07-21T01:49:22Z [post] skip  c:\dev\abd-context-driven-delivery\contexts\ux\story-demo\examples\manage-customer-orders\README.md
2026-07-21T01:49:22Z [post] skip  c:\dev\abd-context-driven-delivery\contexts\ux\examples\examples.md
2026-07-21T01:49:22Z [post] skip  c:\dev\abd-context-driven-delivery\contexts\ux\story-demo\examples\manage-customer-orders\.context\module-context.md
2026-07-21T01:49:23Z [post] skip  c:\dev\abd-context-driven-delivery\contexts\ux\story-demo\examples\manage-customer-orders\.context\module-context.md
2026-07-21T01:49:23Z [pre ] skip  c:\dev\abd-context-driven-delivery\contexts\ux\examples\examples.md
2026-07-21T01:49:23Z [post] skip  c:\dev\abd-context-driven-delivery\contexts\ux\examples\examples.md
2026-07-21T01:49:24Z [post] skip  c:\dev\abd-context-driven-delivery\contexts\ux\examples\examples.md
2026-07-21T01:50:16Z [pre ] skip  C:\Users\thoma\.cursor\projects\c-dev-abd-context-driven-delivery\agent-transcripts\98d4ae49-3557-49b0-892e-d59985177586\98d4ae49-3557-49b0-892e-d59985177586.jsonl
2026-07-21T01:50:17Z [post] skip  C:\Users\thoma\.cursor\projects\c-dev-abd-context-driven-delivery\agent-transcripts\98d4ae49-3557-49b0-892e-d59985177586\98d4ae49-3557-49b0-892e-d59985177586.jsonl
2026-07-21T01:50:25Z [pre ] skip  c:\dev\abd-context-driven-delivery\contexts\ux\story-demo\examples\manage-customer-orders\shopping-cart.js
2026-07-21T01:50:25Z [read] skip  c:\dev\abd-context-driven-delivery\contexts\ux\story-demo\examples\manage-customer-orders\shopping-cart.js
2026-07-21T01:50:25Z [post] skip  c:\dev\abd-context-driven-delivery
2026-07-21T01:50:26Z [post] skip  c:\dev\abd-context-driven-delivery\contexts\ux\story-demo\examples\manage-customer-orders\shopping-cart.js
2026-07-21T01:50:33Z [pre ] skip  c:\dev\abd-context-driven-delivery\contexts\stories\examples\md\thin-slice-manage-customer-orders.md
2026-07-21T01:50:33Z [pre ] skip  c:\dev\abd-context-driven-delivery\contexts\stories\examples\py\manage-customer-orders\place-new-order\story-context.md
2026-07-21T01:50:33Z [pre ] skip  c:\dev\abd-context-driven-delivery\contexts\stories\examples\md\story-map.md
2026-07-21T01:50:33Z [pre ] skip  c:\dev\abd-context-driven-delivery\contexts\stories\examples\py\manage-customer-orders\story-context.md
2026-07-21T01:50:33Z [pre ] FIRED  c:\dev\abd-context-driven-delivery\contexts\stories\examples\py\manage-customer-orders\place-new-order\view-cart-total\view_cart_total_stories.py  — 3 manifest line(s)
2026-07-21T01:50:33Z [pre ] FIRED  c:\dev\abd-context-driven-delivery\contexts\stories\examples\py\manage-customer-orders\place-new-order\select-product\select_product_stories.py  — 3 manifest line(s)
2026-07-21T01:50:33Z [pre ] FIRED  c:\dev\abd-context-driven-delivery\contexts\stories\examples\py\manage-customer-orders\place-new-order\remove-item-from-cart\remove_item_from_cart_stories.py  — 3 manifest line(s)
2026-07-21T01:50:33Z [post] skip  c:\dev\abd-context-driven-delivery\contexts\stories\examples\md\thin-slice-manage-customer-orders.md
2026-07-21T01:50:34Z [post] skip  c:\dev\abd-context-driven-delivery\contexts\stories\examples\py\manage-customer-orders\place-new-order\story-context.md
2026-07-21T01:50:34Z [post] skip  c:\dev\abd-context-driven-delivery\contexts\stories\examples\md\story-map.md
2026-07-21T01:50:34Z [post] skip  c:\dev\abd-context-driven-delivery\contexts\stories\examples\py\manage-customer-orders\story-context.md
2026-07-21T01:50:34Z [pre ] FIRED  c:\dev\abd-context-driven-delivery\contexts\stories\examples\py\manage-customer-orders\place-new-order\add-item-to-cart\add_item_to_cart_stories.py  — 3 manifest line(s)
2026-07-21T01:50:34Z [post] skip  c:\dev\abd-context-driven-delivery\contexts\stories\examples\py\manage-customer-orders\place-new-order\view-cart-total\view_cart_total_stories.py
2026-07-21T01:50:34Z [post] skip  c:\dev\abd-context-driven-delivery\contexts\stories\examples\py\manage-customer-orders\place-new-order\remove-item-from-cart\remove_item_from_cart_stories.py
2026-07-21T01:50:34Z [post] skip  c:\dev\abd-context-driven-delivery\contexts\stories\examples\py\manage-customer-orders\place-new-order\select-product\select_product_stories.py
2026-07-21T01:50:34Z [post] skip  c:\dev\abd-context-driven-delivery\contexts\stories\examples\md\story-map.md
2026-07-21T01:50:34Z [post] skip  c:\dev\abd-context-driven-delivery\contexts\stories\examples\py\manage-customer-orders\story-context.md
2026-07-21T01:50:35Z [post] skip  c:\dev\abd-context-driven-delivery\contexts\stories\examples\py\manage-customer-orders\place-new-order\browse-product-catalog\browse_product_catalog_stories.py
2026-07-21T01:50:35Z [read] FIRED  c:\dev\abd-context-driven-delivery\contexts\stories\examples\py\manage-customer-orders\place-new-order\add-item-to-cart\add_item_to_cart_stories.py  — 3 manifest line(s)
2026-07-21T01:50:35Z [post] skip  c:\dev\abd-context-driven-delivery\contexts\stories\examples\py\manage-customer-orders\place-new-order\browse-product-catalog\browse_product_catalog_stories.py
2026-07-21T01:50:36Z [post] FIRED  c:\dev\abd-context-driven-delivery\contexts\stories\examples\py\manage-customer-orders\place-new-order\add-item-to-cart\add_item_to_cart_stories.py  — 3 manifest line(s)
2026-07-21T01:50:36Z [pre ] FIRED  c:\dev\abd-context-driven-delivery\contexts\stories\examples\py\manage-customer-orders\place-new-order\add-item-to-cart\add_item_to_cart_stories.py  — 3 manifest line(s)
2026-07-21T01:50:37Z [post] skip  c:\dev\abd-context-driven-delivery\contexts\stories\examples\py\manage-customer-orders\place-new-order\add-item-to-cart\add_item_to_cart_stories.py
2026-07-21T01:50:37Z [post] skip  c:\dev\abd-context-driven-delivery\contexts\stories\examples\py\manage-customer-orders\place-new-order\add-item-to-cart\add_item_to_cart_stories.py
2026-07-21T01:50:52Z [pre ] FIRED  c:\dev\abd-context-driven-delivery\contexts\clean_engineering\examples\examples.py  — 3 manifest line(s)
2026-07-21T01:50:53Z [post] FIRED  c:\dev\abd-context-driven-delivery\contexts\clean_engineering\examples\examples.py  — 3 manifest line(s)
2026-07-21T01:50:53Z [pre ] skip  c:\dev\abd-context-driven-delivery\contexts\clean_engineering\examples\examples.md
2026-07-21T01:50:54Z [pre ] skip  c:\dev\abd-context-driven-delivery\contexts\clean_engineering\examples\__init__.py
2026-07-21T01:50:54Z [post] skip  c:\dev\abd-context-driven-delivery\contexts\clean_engineering\examples\examples.md
2026-07-21T01:50:54Z [pre ] FIRED  c:\dev\abd-context-driven-delivery\contexts\clean_engineering\examples\shopping_cart_example_factory.py  — 3 manifest line(s)
2026-07-21T01:50:54Z [post] FIRED  c:\dev\abd-context-driven-delivery\contexts\clean_engineering\examples\examples.py  — 3 manifest line(s)
2026-07-21T01:50:54Z [post] skip  c:\dev\abd-context-driven-delivery\contexts\clean_engineering\examples\examples.md
2026-07-21T01:50:54Z [post] skip  c:\dev\abd-context-driven-delivery\contexts\clean_engineering\examples\__init__.py
2026-07-21T01:50:54Z [post] skip  c:\dev\abd-context-driven-delivery\contexts\clean_engineering\examples\shopping_cart_example_factory.py
2026-07-21T01:50:57Z [pre ] skip  c:\dev\abd-context-driven-delivery\contexts\ux\story-demo\examples\manage-customer-orders\place-new-order\submit-order\submit_order_story.js
2026-07-21T01:50:57Z [pre ] skip  c:\dev\abd-context-driven-delivery\contexts\ux\story-demo\examples\manage-customer-orders\manage-customer-orders-helper.js
2026-07-21T01:50:57Z [pre ] FIRED  c:\dev\abd-context-driven-delivery\contexts\stories\examples\py\manage-customer-orders\place-new-order\submit-order\submit_order_stories.py  — 3 manifest line(s)
2026-07-21T01:50:58Z [pre ] skip  c:\dev\abd-context-driven-delivery\contexts\ux\story-demo\examples\manage-customer-orders\shopping_cart_example_factory.js
2026-07-21T01:50:58Z [read] skip  c:\dev\abd-context-driven-delivery\contexts\ux\story-demo\examples\manage-customer-orders\place-new-order\submit-order\submit_order_story.js
2026-07-21T01:50:58Z [read] skip  c:\dev\abd-context-driven-delivery\contexts\ux\story-demo\examples\manage-customer-orders\manage-customer-orders-helper.js
2026-07-21T01:50:58Z [post] skip  c:\dev\abd-context-driven-delivery\contexts\stories\examples\py\manage-customer-orders\place-new-order\submit-order\submit_order_stories.py
2026-07-21T01:50:58Z [read] skip  c:\dev\abd-context-driven-delivery\contexts\ux\story-demo\examples\manage-customer-orders\shopping_cart_example_factory.js
2026-07-21T01:50:58Z [post] skip  c:\dev\abd-context-driven-delivery\contexts\ux\story-demo\examples\manage-customer-orders\place-new-order\submit-order\submit_order_story.js
2026-07-21T01:50:58Z [post] skip  c:\dev\abd-context-driven-delivery\contexts\ux\story-demo\examples\manage-customer-orders\manage-customer-orders-helper.js
2026-07-21T01:50:58Z [post] skip  c:\dev\abd-context-driven-delivery\contexts\stories\examples\py\manage-customer-orders\place-new-order\submit-order\submit_order_stories.py
2026-07-21T01:51:02Z [pre ] skip  c:\dev\abd-context-driven-delivery\contexts\ux\story-demo\examples\manage-customer-orders\shopping-cart.js
2026-07-21T01:51:03Z [read] skip  c:\dev\abd-context-driven-delivery\contexts\ux\story-demo\examples\manage-customer-orders\shopping-cart.js
2026-07-21T01:51:03Z [post] skip  c:\dev\abd-context-driven-delivery\contexts\ux\story-demo\examples\manage-customer-orders\shopping-cart.js
2026-07-21T01:51:04Z [pre ] skip  c:\dev\abd-context-driven-delivery\contexts\ux\story-demo\examples\manage-customer-orders\shopping-cart.js
2026-07-21T01:51:04Z [post] skip  c:\dev\abd-context-driven-delivery\contexts\ux\story-demo\examples\manage-customer-orders\shopping-cart.js
2026-07-21T01:51:05Z [post] skip  c:\dev\abd-context-driven-delivery\contexts\ux\story-demo\examples\manage-customer-orders\shopping-cart.js
2026-07-21T01:51:05Z [pre ] skip  c:\dev\abd-context-driven-delivery\contexts\ux\story-demo\examples\manage-customer-orders\shopping-cart.js
2026-07-21T01:51:06Z [post] skip  c:\dev\abd-context-driven-delivery\contexts\ux\story-demo\examples\manage-customer-orders\shopping-cart.js
2026-07-21T01:51:06Z [pre ] skip  c:\dev\abd-context-driven-delivery\contexts\ux\story-demo\examples\manage-customer-orders\shopping_cart_example_factory.js
2026-07-21T01:51:06Z [post] skip  c:\dev\abd-context-driven-delivery\contexts\ux\story-demo\examples\manage-customer-orders\shopping-cart.js
2026-07-21T01:51:07Z [read] skip  c:\dev\abd-context-driven-delivery\contexts\ux\story-demo\examples\manage-customer-orders\shopping_cart_example_factory.js
2026-07-21T01:51:07Z [post] skip  c:\dev\abd-context-driven-delivery\contexts\ux\story-demo\examples\manage-customer-orders\shopping_cart_example_factory.js
2026-07-21T01:51:08Z [pre ] skip  c:\dev\abd-context-driven-delivery\contexts\ux\story-demo\examples\manage-customer-orders\shopping_cart_example_factory.js
2026-07-21T01:51:08Z [pre ] skip  c:\dev\abd-context-driven-delivery\contexts\ux\story-demo\examples\manage-customer-orders\manage-customer-orders-helper.js
2026-07-21T01:51:09Z [post] skip  c:\dev\abd-context-driven-delivery\contexts\ux\story-demo\examples\manage-customer-orders\shopping_cart_example_factory.js
2026-07-21T01:51:09Z [read] skip  c:\dev\abd-context-driven-delivery\contexts\ux\story-demo\examples\manage-customer-orders\manage-customer-orders-helper.js
2026-07-21T01:51:09Z [post] skip  c:\dev\abd-context-driven-delivery\contexts\ux\story-demo\examples\manage-customer-orders\shopping_cart_example_factory.js
2026-07-21T01:51:09Z [post] skip  c:\dev\abd-context-driven-delivery\contexts\ux\story-demo\examples\manage-customer-orders\manage-customer-orders-helper.js
2026-07-21T01:51:10Z [pre ] skip  c:\dev\abd-context-driven-delivery\contexts\ux\story-demo\examples\manage-customer-orders\manage-customer-orders-helper.js
2026-07-21T01:51:10Z [post] skip  c:\dev\abd-context-driven-delivery\contexts\ux\story-demo\examples\manage-customer-orders\manage-customer-orders-helper.js
2026-07-21T01:51:11Z [post] skip  c:\dev\abd-context-driven-delivery\contexts\ux\story-demo\examples\manage-customer-orders\manage-customer-orders-helper.js
2026-07-21T01:51:12Z [post] skip  c:\dev\abd-context-driven-delivery\contexts\ux\story-demo\examples\manage-customer-orders\place-new-order\select-product\select_product_story.js
2026-07-21T01:51:13Z [post] skip  c:\dev\abd-context-driven-delivery\contexts\ux\story-demo\examples\manage-customer-orders\place-new-order\select-product\select_product_story.js
2026-07-21T01:51:15Z [post] skip  c:\dev\abd-context-driven-delivery\contexts\ux\story-demo\examples\manage-customer-orders\place-new-order\add-item-to-cart\add_item_to_cart_story.js
2026-07-21T01:51:15Z [post] skip  c:\dev\abd-context-driven-delivery\contexts\ux\story-demo\examples\manage-customer-orders\place-new-order\add-item-to-cart\add_item_to_cart_story.js
2026-07-21T01:51:18Z [post] skip  c:\dev\abd-context-driven-delivery\contexts\ux\story-demo\examples\manage-customer-orders\place-new-order\remove-item-from-cart\remove_item_from_cart_story.js
2026-07-21T01:51:18Z [post] skip  c:\dev\abd-context-driven-delivery\contexts\ux\story-demo\examples\manage-customer-orders\place-new-order\remove-item-from-cart\remove_item_from_cart_story.js
2026-07-21T01:51:20Z [post] skip  c:\dev\abd-context-driven-delivery\contexts\ux\story-demo\examples\manage-customer-orders\place-new-order\view-cart-total\view_cart_total_story.js
2026-07-21T01:51:21Z [post] skip  c:\dev\abd-context-driven-delivery\contexts\ux\story-demo\examples\manage-customer-orders\place-new-order\view-cart-total\view_cart_total_story.js
2026-07-21T01:51:27Z [pre ] skip  c:\dev\abd-context-driven-delivery\contexts\ux\story-demo\examples\manage-customer-orders\submit-order.html
2026-07-21T01:51:27Z [pre ] skip  c:\dev\abd-context-driven-delivery\contexts\ux\story-demo\examples\manage-customer-orders\place-new-order\submit-order\submit_order_story.js
2026-07-21T01:51:28Z [read] skip  c:\dev\abd-context-driven-delivery\contexts\ux\story-demo\examples\manage-customer-orders\submit-order.html
2026-07-21T01:51:28Z [read] skip  c:\dev\abd-context-driven-delivery\contexts\ux\story-demo\examples\manage-customer-orders\place-new-order\submit-order\submit_order_story.js
2026-07-21T01:51:28Z [post] skip  c:\dev\abd-context-driven-delivery\contexts\ux\story-demo\examples\manage-customer-orders\submit-order.html
2026-07-21T01:51:28Z [post] skip  c:\dev\abd-context-driven-delivery\contexts\ux\story-demo\examples\manage-customer-orders\place-new-order\submit-order\submit_order_story.js
2026-07-21T01:51:29Z [pre ] skip  c:\dev\abd-context-driven-delivery\contexts\ux\story-demo\examples\manage-customer-orders\place-new-order\submit-order\submit_order_story.js
2026-07-21T01:51:30Z [post] skip  c:\dev\abd-context-driven-delivery\contexts\ux\story-demo\examples\manage-customer-orders\place-new-order\submit-order\submit_order_story.js
2026-07-21T01:51:30Z [post] skip  c:\dev\abd-context-driven-delivery\contexts\ux\story-demo\examples\manage-customer-orders\place-new-order\submit-order\submit_order_story.js
2026-07-21T01:51:37Z [post] skip  c:\dev\abd-context-driven-delivery\contexts\ux\story-demo\examples\manage-customer-orders\add-item-to-cart.html
2026-07-21T01:51:38Z [pre ] skip  c:\dev\abd-context-driven-delivery\contexts\ux\story-demo\examples\manage-customer-orders\README.md
2026-07-21T01:51:38Z [post] skip  c:\dev\abd-context-driven-delivery\contexts\ux\story-demo\examples\manage-customer-orders\add-item-to-cart.html
2026-07-21T01:51:38Z [post] skip  c:\dev\abd-context-driven-delivery\contexts\ux\story-demo\examples\manage-customer-orders\README.md
2026-07-21T01:51:39Z [pre ] skip  c:\dev\abd-context-driven-delivery\contexts\ux\story-demo\examples\manage-customer-orders\.context\module-context.md
2026-07-21T01:51:39Z [post] skip  c:\dev\abd-context-driven-delivery\contexts\ux\story-demo\examples\manage-customer-orders\README.md
2026-07-21T01:51:39Z [post] skip  c:\dev\abd-context-driven-delivery\contexts\ux\story-demo\examples\manage-customer-orders\.context\module-context.md
2026-07-21T01:51:39Z [pre ] skip  c:\dev\abd-context-driven-delivery\contexts\ux\examples\examples.md
2026-07-21T01:51:40Z [post] skip  c:\dev\abd-context-driven-delivery\contexts\ux\story-demo\examples\manage-customer-orders\.context\module-context.md
2026-07-21T01:51:40Z [post] skip  c:\dev\abd-context-driven-delivery\contexts\ux\examples\examples.md
2026-07-21T01:51:40Z [post] skip  c:\dev\abd-context-driven-delivery\contexts\ux\examples\examples.md
2026-07-21T01:51:50Z [pre ] skip  c:\dev\abd-context-driven-delivery\contexts\ux\story-demo\examples\manage-customer-orders\shopping-cart.js
2026-07-21T01:51:50Z [post] skip  c:\dev\abd-context-driven-delivery\contexts\ux\story-demo\examples\manage-customer-orders\shopping-cart.js
2026-07-21T01:51:50Z [post] skip  c:\dev\abd-context-driven-delivery\contexts\ux\story-demo\examples\manage-customer-orders\shopping-cart.js
2026-07-21T01:51:59Z [pre ] skip  c:\dev\abd-context-driven-delivery\contexts\ux\story-demo\examples\manage-customer-orders\place-new-order\view-cart-total\view_cart_total_story.js
2026-07-21T01:51:59Z [post] skip  c:\dev\abd-context-driven-delivery\contexts\ux\story-demo\examples\manage-customer-orders\place-new-order\view-cart-total\view_cart_total_story.js
2026-07-21T01:52:00Z [post] skip  c:\dev\abd-context-driven-delivery\contexts\ux\story-demo\examples\manage-customer-orders\place-new-order\view-cart-total\view_cart_total_story.js
2026-07-21T01:53:33Z [post] skip  c:\dev\abd-context-driven-delivery\contexts\ux\story-demo\examples\manage-customer-orders
2026-07-21T01:53:33Z [post] skip  c:\dev\abd-context-driven-delivery\contexts\ux\story-demo\examples\manage-customer-orders
2026-07-21T01:54:26Z [pre ] skip  c:\dev\abd-context-driven-delivery\contexts\stories\templates\md\thin-slice.md
2026-07-21T01:54:27Z [read] skip  c:\dev\abd-context-driven-delivery\contexts\stories\templates\md\thin-slice.md
2026-07-21T01:54:27Z [post] skip  c:\dev\abd-context-driven-delivery\contexts\stories\templates\md\thin-slice.md
2026-07-21T01:54:30Z [post] skip  c:\dev\abd-context-driven-delivery\contexts\ux\story-demo\examples\manage-customer-orders
2026-07-21T01:54:38Z [post] skip  c:\dev\abd-context-driven-delivery\contexts\ux\story-demo\examples\manage-customer-orders\.context\thin-slice.md
2026-07-21T01:54:38Z [pre ] skip  c:\dev\abd-context-driven-delivery\contexts\ux\story-demo\examples\manage-customer-orders\.context\story-map.md
2026-07-21T01:54:39Z [post] skip  c:\dev\abd-context-driven-delivery\contexts\ux\story-demo\examples\manage-customer-orders\.context\thin-slice.md
2026-07-21T01:54:39Z [pre ] skip  c:\dev\abd-context-driven-delivery\contexts\ux\story-demo\examples\manage-customer-orders\README.md
2026-07-21T01:54:39Z [post] skip  c:\dev\abd-context-driven-delivery\contexts\ux\story-demo\examples\manage-customer-orders\.context\story-map.md
2026-07-21T01:54:39Z [pre ] skip  c:\dev\abd-context-driven-delivery\contexts\ux\story-demo\examples\manage-customer-orders\.context\module-context.md
2026-07-21T01:54:40Z [post] skip  c:\dev\abd-context-driven-delivery\contexts\ux\story-demo\examples\manage-customer-orders\.context\story-map.md
2026-07-21T01:54:40Z [post] skip  c:\dev\abd-context-driven-delivery\contexts\ux\story-demo\examples\manage-customer-orders\.context\module-context.md
2026-07-21T01:54:40Z [post] skip  c:\dev\abd-context-driven-delivery\contexts\ux\story-demo\examples\manage-customer-orders\README.md
2026-07-21T01:54:40Z [post] skip  c:\dev\abd-context-driven-delivery\contexts\ux\story-demo\examples\manage-customer-orders\.context\module-context.md
2026-07-21T01:59:22Z [pre ] skip  c:\dev\abd-context-driven-delivery\contexts\ux\ux.md
2026-07-21T01:59:23Z [read] skip  c:\dev\abd-context-driven-delivery\contexts\ux\ux.md
2026-07-21T01:59:23Z [post] skip  c:\dev\abd-context-driven-delivery\contexts\ux\story-demo\examples
2026-07-21T01:59:23Z [post] skip  c:\dev\abd-context-driven-delivery\contexts\ux\ux.md
2026-07-21T01:59:34Z [pre ] skip  c:\dev\abd-context-driven-delivery\contexts\ux\templates\html\mockup_shell.html
2026-07-21T01:59:34Z [pre ] skip  c:\dev\abd-context-driven-delivery\contexts\ux\story-demo\mount-generated-mockup.js
2026-07-21T01:59:34Z [read] skip  c:\dev\abd-context-driven-delivery\contexts\ux\templates\html\mockup_shell.html
2026-07-21T01:59:34Z [read] skip  c:\dev\abd-context-driven-delivery\contexts\ux\story-demo\mount-generated-mockup.js
2026-07-21T01:59:35Z [post] skip  c:\dev\abd-context-driven-delivery\contexts\ux\templates\html\mockup_shell.html
2026-07-21T01:59:35Z [post] skip  c:\dev\abd-context-driven-delivery\contexts\ux\story-demo\mount-generated-mockup.js
2026-07-21T01:59:46Z [pre ] skip  c:\dev\abd-context-driven-delivery\contexts\ux\templates\html\mockup_shell.html
2026-07-21T01:59:46Z [read] skip  c:\dev\abd-context-driven-delivery\contexts\ux\templates\html\mockup_shell.html
2026-07-21T01:59:46Z [post] skip  c:\dev\abd-context-driven-delivery\contexts\ux\story-demo\examples\manage-customer-orders\place-new-order
2026-07-21T01:59:47Z [post] skip  c:\dev\abd-context-driven-delivery\contexts\ux\templates\html\mockup_shell.html
2026-07-21T01:59:58Z [pre ] skip  c:\dev\abd-context-driven-delivery\contexts\ux\story-demo\mount-generated-mockup.js
2026-07-21T01:59:58Z [pre ] skip  c:\dev\abd-context-driven-delivery\contexts\ux\story-demo\story-demo-page.js
2026-07-21T01:59:58Z [read] skip  c:\dev\abd-context-driven-delivery\contexts\ux\story-demo\mount-generated-mockup.js
2026-07-21T01:59:58Z [read] skip  c:\dev\abd-context-driven-delivery\contexts\ux\story-demo\story-demo-page.js
2026-07-21T01:59:59Z [post] skip  c:\dev\abd-context-driven-delivery\contexts\ux\story-demo\story-demo-page.js
2026-07-21T01:59:59Z [post] skip  c:\dev\abd-context-driven-delivery\contexts\ux\story-demo\mount-generated-mockup.js
2026-07-21T02:00:04Z [pre ] skip  c:\dev\abd-context-driven-delivery\contexts\ux\story-demo\mount-generated-mockup.js
2026-07-21T02:00:05Z [read] skip  c:\dev\abd-context-driven-delivery\contexts\ux\story-demo\mount-generated-mockup.js
2026-07-21T02:00:05Z [post] skip  c:\dev\abd-context-driven-delivery\contexts\ux\story-demo\mount-generated-mockup.js
2026-07-21T02:00:25Z [pre ] skip  c:\dev\abd-context-driven-delivery\contexts\ux\story-demo\mount-generated-mockup.js
2026-07-21T02:00:26Z [read] skip  c:\dev\abd-context-driven-delivery\contexts\ux\story-demo\mount-generated-mockup.js
2026-07-21T02:00:26Z [post] skip  c:\dev\abd-context-driven-delivery\contexts\ux\story-demo\mount-generated-mockup.js
2026-07-21T02:00:27Z [pre ] skip  c:\dev\abd-context-driven-delivery\contexts\ux\story-demo\mount-generated-mockup.js
2026-07-21T02:00:27Z [post] skip  c:\dev\abd-context-driven-delivery\contexts\ux\story-demo\mount-generated-mockup.js
2026-07-21T02:00:28Z [post] skip  c:\dev\abd-context-driven-delivery\contexts\ux\story-demo\mount-generated-mockup.js
2026-07-21T02:00:38Z [post] skip  c:\dev\abd-context-driven-delivery\contexts\ux\story-demo\examples\manage-customer-orders\place-new-order\place-new-order.html
2026-07-21T02:00:38Z [post] skip  c:\dev\abd-context-driven-delivery\contexts\ux\story-demo\examples\manage-customer-orders\place-new-order\place-new-order.html
2026-07-21T02:00:49Z [pre ] skip  c:\dev\abd-context-driven-delivery\contexts\ux\story-demo\examples\manage-customer-orders\README.md
2026-07-21T02:00:49Z [post] skip  c:\dev\abd-context-driven-delivery\contexts\ux\story-demo\examples\manage-customer-orders\.context\ux-context.md
2026-07-21T02:00:50Z [post] skip  c:\dev\abd-context-driven-delivery\contexts\ux\story-demo\examples\manage-customer-orders\README.md
2026-07-21T02:00:50Z [post] skip  c:\dev\abd-context-driven-delivery\contexts\ux\story-demo\examples\manage-customer-orders\.context\ux-context.md
2026-07-21T02:00:50Z [pre ] skip  c:\dev\abd-context-driven-delivery\contexts\ux\story-demo\examples\manage-customer-orders\add-item-to-cart.html
2026-07-21T02:00:50Z [post] skip  c:\dev\abd-context-driven-delivery\contexts\ux\story-demo\examples\manage-customer-orders\README.md
2026-07-21T02:00:50Z [pre ] skip  c:\dev\abd-context-driven-delivery\contexts\ux\story-demo\examples\manage-customer-orders\submit-order.html
2026-07-21T02:00:50Z [post] skip  c:\dev\abd-context-driven-delivery\contexts\ux\story-demo\examples\manage-customer-orders\add-item-to-cart.html
2026-07-21T02:00:51Z [read] skip  c:\dev\abd-context-driven-delivery\contexts\ux\story-demo\examples\manage-customer-orders\submit-order.html
2026-07-21T02:00:51Z [post] skip  c:\dev\abd-context-driven-delivery\contexts\ux\story-demo\examples\manage-customer-orders\add-item-to-cart.html
2026-07-21T02:00:51Z [pre ] skip  c:\dev\abd-context-driven-delivery\contexts\ux\examples\examples.md
2026-07-21T02:00:52Z [post] skip  c:\dev\abd-context-driven-delivery\contexts\ux\story-demo\examples\manage-customer-orders\submit-order.html
2026-07-21T02:00:52Z [pre ] skip  c:\dev\abd-context-driven-delivery\contexts\ux\story-demo\examples\manage-customer-orders\.context\module-context.md
2026-07-21T02:00:52Z [post] skip  c:\dev\abd-context-driven-delivery\contexts\ux\examples\examples.md
2026-07-21T02:00:52Z [post] skip  c:\dev\abd-context-driven-delivery\contexts\ux\story-demo\examples\manage-customer-orders\.context\module-context.md
2026-07-21T02:00:52Z [pre ] skip  c:\dev\abd-context-driven-delivery\contexts\ux\story-demo\examples\manage-customer-orders\submit-order.html
2026-07-21T02:00:53Z [post] skip  c:\dev\abd-context-driven-delivery\contexts\ux\examples\examples.md
2026-07-21T02:00:53Z [post] skip  c:\dev\abd-context-driven-delivery\contexts\ux\story-demo\examples\manage-customer-orders\.context\module-context.md
2026-07-21T02:00:53Z [post] skip  c:\dev\abd-context-driven-delivery\contexts\ux\story-demo\examples\manage-customer-orders\submit-order.html
2026-07-21T02:00:54Z [post] skip  c:\dev\abd-context-driven-delivery\contexts\ux\story-demo\examples\manage-customer-orders\submit-order.html
2026-07-21T02:02:00Z [pre ] FIRED  c:\dev\abd-context-driven-delivery\contexts\clean_engineering\examples\examples.py  — 3 manifest line(s)
2026-07-21T02:02:01Z [post] FIRED  c:\dev\abd-context-driven-delivery\contexts\clean_engineering\examples\examples.py  — 3 manifest line(s)
2026-07-21T02:02:12Z [pre ] skip  c:\dev\abd-context-driven-delivery\contexts\ux\story-demo\examples\manage-customer-orders\shopping-cart.js
2026-07-21T02:02:13Z [post] skip  c:\dev\abd-context-driven-delivery\contexts\ux\story-demo\examples\manage-customer-orders\shopping-cart.js
2026-07-21T02:02:13Z [post] skip  c:\dev\abd-context-driven-delivery\contexts\ux\story-demo\examples\manage-customer-orders\shopping-cart.js
2026-07-21T02:02:16Z [pre ] skip  c:\dev\abd-context-driven-delivery\contexts\ux\story-demo\examples\manage-customer-orders\shopping_cart_example_factory.js
2026-07-21T02:02:17Z [post] skip  c:\dev\abd-context-driven-delivery\contexts\ux\story-demo\examples\manage-customer-orders\shopping_cart_example_factory.js
2026-07-21T02:02:17Z [post] skip  c:\dev\abd-context-driven-delivery\contexts\ux\story-demo\examples\manage-customer-orders\shopping_cart_example_factory.js
2026-07-21T02:04:08Z [post] skip  c:\dev\abd-context-driven-delivery
2026-07-21T02:04:08Z [post] skip  c:\dev\abd-context-driven-delivery\contexts\ux\story-demo\examples
2026-07-21T02:04:12Z [post] skip  c:\dev\abd-context-driven-delivery\contexts\ux
2026-07-21T02:04:18Z [post] skip  c:\dev\abd-context-driven-delivery\contexts\ux\story-demo\examples\shopping_cart\customer.js
2026-07-21T02:04:18Z [post] skip  c:\dev\abd-context-driven-delivery\contexts\ux\story-demo\examples\shopping_cart\customer.js
2026-07-21T02:04:20Z [post] skip  c:\dev\abd-context-driven-delivery\contexts\ux\story-demo\examples\shopping_cart\product.js
2026-07-21T02:04:21Z [post] skip  c:\dev\abd-context-driven-delivery\contexts\ux\story-demo\examples\shopping_cart\product.js
2026-07-21T02:04:24Z [pre ] skip  c:\dev\abd-context-driven-delivery\contexts\ux\story-demo\examples\shopping_cart\shopping-cart.js
2026-07-21T02:04:25Z [post] skip  c:\dev\abd-context-driven-delivery\contexts\ux\story-demo\examples\shopping_cart\shopping-cart.js
2026-07-21T02:04:25Z [pre ] skip  c:\dev\abd-context-driven-delivery\contexts\ux\story-demo\examples\manage-customer-orders\shopping_cart_example_factory.js
2026-07-21T02:04:26Z [post] skip  c:\dev\abd-context-driven-delivery\contexts\ux\story-demo\examples\shopping_cart\shopping-cart.js
2026-07-21T02:04:26Z [post] skip  c:\dev\abd-context-driven-delivery\contexts\ux\story-demo\examples\shopping_cart\index.js
2026-07-21T02:04:26Z [post] skip  c:\dev\abd-context-driven-delivery\contexts\ux\story-demo\examples\manage-customer-orders\shopping_cart_example_factory.js
2026-07-21T02:04:26Z [post] skip  c:\dev\abd-context-driven-delivery\contexts\ux\story-demo\examples\manage-customer-orders\shopping_cart_example_factory.js
2026-07-21T02:04:26Z [post] skip  c:\dev\abd-context-driven-delivery\contexts\ux\story-demo\examples\shopping_cart\index.js
2026-07-21T02:07:30Z [pre ] skip  c:\dev\abd-context-driven-delivery\contexts\ux\story-demo\examples\manage-customer-orders\add-item-to-cart.html
2026-07-21T02:07:30Z [pre ] skip  c:\dev\abd-context-driven-delivery\contexts\ux\story-demo\examples\manage-customer-orders\submit-order.html
2026-07-21T02:07:31Z [post] skip  c:\dev\abd-context-driven-delivery\contexts\ux\story-demo\examples\manage-customer-orders\add-item-to-cart.html
2026-07-21T02:07:31Z [post] skip  c:\dev\abd-context-driven-delivery\contexts\ux\story-demo\examples\manage-customer-orders\submit-order.html
2026-07-21T02:07:31Z [post] skip  c:\dev\abd-context-driven-delivery\contexts\ux
2026-07-21T02:10:18Z [post] skip  c:\dev\abd-context-driven-delivery\contexts\ux\story-demo\examples\manage-customer-orders\place-new-order\select-product\product-catalog.fragment.html
2026-07-21T02:10:18Z [post] skip  c:\dev\abd-context-driven-delivery\contexts\ux\story-demo\examples\manage-customer-orders\place-new-order\select-product\product-catalog.fragment.html
2026-07-21T02:10:20Z [post] skip  c:\dev\abd-context-driven-delivery\contexts\ux\story-demo\examples\manage-customer-orders\place-new-order\add-item-to-cart\product-detail.fragment.html
2026-07-21T02:10:20Z [post] skip  c:\dev\abd-context-driven-delivery\contexts\ux\story-demo\examples\manage-customer-orders\place-new-order\add-item-to-cart\product-detail.fragment.html
2026-07-21T02:10:21Z [post] skip  c:\dev\abd-context-driven-delivery\contexts\ux\story-demo\examples\manage-customer-orders\place-new-order\remove-item-from-cart\cart-lines.fragment.html
2026-07-21T02:10:21Z [post] skip  c:\dev\abd-context-driven-delivery\contexts\ux\story-demo\examples\manage-customer-orders\place-new-order\remove-item-from-cart\cart-lines.fragment.html
2026-07-21T02:10:22Z [post] skip  c:\dev\abd-context-driven-delivery\contexts\ux\story-demo\examples\manage-customer-orders\place-new-order\view-cart-total\cart-totals.fragment.html
2026-07-21T02:10:23Z [post] skip  c:\dev\abd-context-driven-delivery\contexts\ux\story-demo\examples\manage-customer-orders\place-new-order\view-cart-total\cart-totals.fragment.html
2026-07-21T02:10:24Z [post] skip  c:\dev\abd-context-driven-delivery\contexts\ux\story-demo\examples\manage-customer-orders\place-new-order\submit-order\checkout.fragment.html
2026-07-21T02:10:24Z [post] skip  c:\dev\abd-context-driven-delivery\contexts\ux\story-demo\examples\manage-customer-orders\place-new-order\submit-order\checkout.fragment.html
2026-07-21T02:10:25Z [post] skip  c:\dev\abd-context-driven-delivery\contexts\ux\story-demo\examples\manage-customer-orders\place-new-order\compose-fragments.js
2026-07-21T02:10:26Z [post] skip  c:\dev\abd-context-driven-delivery\contexts\ux\story-demo\examples\manage-customer-orders\place-new-order\compose-fragments.js
2026-07-21T02:10:41Z [pre ] skip  c:\dev\abd-context-driven-delivery\contexts\ux\story-demo\examples\manage-customer-orders\place-new-order\place-new-order.html
2026-07-21T02:10:41Z [post] skip  c:\dev\abd-context-driven-delivery\contexts\ux\story-demo\examples\manage-customer-orders\place-new-order\place-new-order.html
2026-07-21T02:10:42Z [post] skip  c:\dev\abd-context-driven-delivery\contexts\ux\story-demo\examples\manage-customer-orders\place-new-order\place-new-order.html
2026-07-21T02:10:43Z [pre ] skip  c:\dev\abd-context-driven-delivery\contexts\ux\story-demo\examples\manage-customer-orders\.context\ux-context.md
2026-07-21T02:10:44Z [post] skip  c:\dev\abd-context-driven-delivery\contexts\ux\story-demo\examples\manage-customer-orders\.context\ux-context.md
2026-07-21T02:10:44Z [post] skip  c:\dev\abd-context-driven-delivery\contexts\ux\story-demo\examples\manage-customer-orders\.context\ux-context.md
2026-07-21T02:11:37Z [pre ] skip  c:\dev\abd-context-driven-delivery\contexts\ux\story-demo\examples\manage-customer-orders\place-new-order\place-new-order.html
2026-07-21T02:11:37Z [post] skip  c:\dev\abd-context-driven-delivery\contexts\ux\story-demo\examples\manage-customer-orders\place-new-order\place-new-order.html
2026-07-21T02:11:38Z [pre ] skip  c:\dev\abd-context-driven-delivery\contexts\ux\story-demo\examples\manage-customer-orders\.context\ux-context.md
2026-07-21T02:11:38Z [post] skip  c:\dev\abd-context-driven-delivery\contexts\ux\story-demo\examples\manage-customer-orders\place-new-order\place-new-order.html
2026-07-21T02:11:39Z [post] skip  c:\dev\abd-context-driven-delivery\contexts\ux\story-demo\examples\manage-customer-orders\.context\ux-context.md
2026-07-21T02:11:39Z [post] skip  c:\dev\abd-context-driven-delivery\contexts\ux\story-demo\examples\manage-customer-orders\.context\ux-context.md
2026-07-21T02:15:30Z [pre ] skip  c:\dev\abd-context-driven-delivery\contexts\ux\story-demo\examples\manage-customer-orders\.context\story-map.md
2026-07-21T02:15:30Z [read] skip  c:\dev\abd-context-driven-delivery\contexts\ux\story-demo\examples\manage-customer-orders\.context\story-map.md
2026-07-21T02:15:30Z [post] skip  c:\dev\abd-context-driven-delivery\contexts\ux\story-demo
2026-07-21T02:15:31Z [post] skip  c:\dev\abd-context-driven-delivery\contexts\ux\story-demo\examples\manage-customer-orders\.context\story-map.md
2026-07-21T02:15:35Z [pre ] skip  c:\dev\abd-context-driven-delivery\contexts\ux\story-demo\examples\manage-customer-orders\place-new-order\place-new-order.html
2026-07-21T02:15:36Z [read] skip  c:\dev\abd-context-driven-delivery\contexts\ux\story-demo\examples\manage-customer-orders\place-new-order\place-new-order.html
2026-07-21T02:15:36Z [post] skip  c:\dev\abd-context-driven-delivery\contexts\ux\story-demo\examples\manage-customer-orders\place-new-order\place-new-order.html
2026-07-21T02:15:46Z [pre ] skip  c:\dev\abd-context-driven-delivery\contexts\ux\story-demo\explorer-frame.js
2026-07-21T02:15:46Z [post] skip  c:\dev\abd-context-driven-delivery\contexts\ux\story-demo\explorer-frame.js
2026-07-21T02:15:47Z [post] skip  c:\dev\abd-context-driven-delivery\contexts\ux\story-demo\explorer-frame.js
2026-07-21T02:15:49Z [pre ] skip  c:\dev\abd-context-driven-delivery\contexts\ux\story-demo\examples\manage-customer-orders\place-new-order\place-new-order.html
2026-07-21T02:15:49Z [read] skip  c:\dev\abd-context-driven-delivery\contexts\ux\story-demo\examples\manage-customer-orders\place-new-order\place-new-order.html
2026-07-21T02:15:50Z [post] skip  c:\dev\abd-context-driven-delivery\contexts\ux\story-demo\examples\manage-customer-orders\place-new-order\place-new-order.html
2026-07-21T02:15:50Z [pre ] skip  c:\dev\abd-context-driven-delivery\contexts\ux\story-demo\examples\manage-customer-orders\place-new-order\place-new-order.html
2026-07-21T02:15:51Z [post] skip  c:\dev\abd-context-driven-delivery\contexts\ux\story-demo\examples\manage-customer-orders\place-new-order\place-new-order.html
2026-07-21T02:15:51Z [post] skip  c:\dev\abd-context-driven-delivery\contexts\ux\story-demo\examples\manage-customer-orders\place-new-order\place-new-order.html
2026-07-21T02:15:54Z [pre ] skip  c:\dev\abd-context-driven-delivery\contexts\ux\story-demo\mount-generated-mockup.js
2026-07-21T02:15:54Z [post] skip  c:\dev\abd-context-driven-delivery\contexts\ux\story-demo\mount-generated-mockup.js
2026-07-21T02:15:55Z [post] skip  c:\dev\abd-context-driven-delivery\contexts\ux\story-demo\mount-generated-mockup.js
2026-07-21T02:15:55Z [pre ] skip  c:\dev\abd-context-driven-delivery\contexts\ux\story-demo\mount-generated-mockup.js
2026-07-21T02:15:56Z [post] skip  c:\dev\abd-context-driven-delivery\contexts\ux\story-demo\mount-generated-mockup.js
2026-07-21T02:15:56Z [post] skip  c:\dev\abd-context-driven-delivery\contexts\ux\story-demo\mount-generated-mockup.js
2026-07-21T02:16:11Z [pre ] skip  c:\dev\abd-context-driven-delivery\contexts\ux\story-demo\mount-generated-mockup.js
2026-07-21T02:16:12Z [post] skip  c:\dev\abd-context-driven-delivery\contexts\ux\story-demo\mount-generated-mockup.js
2026-07-21T02:16:12Z [post] skip  c:\dev\abd-context-driven-delivery\contexts\ux\story-demo\mount-generated-mockup.js
2026-07-21T02:17:15Z [pre ] skip  c:\dev\abd-context-driven-delivery\contexts\ux\story-demo\examples\manage-customer-orders\place-new-order\place-new-order.html
2026-07-21T02:17:15Z [post] skip  c:\dev\abd-context-driven-delivery\contexts\ux\story-demo\examples\manage-customer-orders\place-new-order\place-new-order.html
2026-07-21T02:17:15Z [post] skip  c:\dev\abd-context-driven-delivery\contexts\ux\story-demo\examples\manage-customer-orders\place-new-order\place-new-order.html
2026-07-21T02:18:06Z [pre ] skip  c:\dev\abd-context-driven-delivery\contexts\ux\story-demo\explorer-frame.js
2026-07-21T02:18:07Z [post] skip  c:\dev\abd-context-driven-delivery\contexts\ux\story-demo\explorer-frame.js
2026-07-21T02:18:07Z [post] skip  c:\dev\abd-context-driven-delivery\contexts\ux\story-demo\explorer-frame.js
2026-07-21T02:18:08Z [pre ] skip  c:\dev\abd-context-driven-delivery\contexts\ux\story-demo\explorer-frame.js
2026-07-21T02:18:09Z [post] skip  c:\dev\abd-context-driven-delivery\contexts\ux\story-demo\explorer-frame.js
2026-07-21T02:18:09Z [post] skip  c:\dev\abd-context-driven-delivery\contexts\ux\story-demo\explorer-frame.js
2026-07-21T02:18:10Z [pre ] skip  c:\dev\abd-context-driven-delivery\contexts\ux\story-demo\mount-generated-mockup.js
2026-07-21T02:18:10Z [post] skip  c:\dev\abd-context-driven-delivery\contexts\ux\story-demo\mount-generated-mockup.js
2026-07-21T02:18:11Z [post] skip  c:\dev\abd-context-driven-delivery\contexts\ux\story-demo\mount-generated-mockup.js
2026-07-21T02:18:11Z [pre ] skip  c:\dev\abd-context-driven-delivery\contexts\ux\story-demo\examples\manage-customer-orders\place-new-order\place-new-order.html
2026-07-21T02:18:12Z [post] skip  c:\dev\abd-context-driven-delivery\contexts\ux\story-demo\examples\manage-customer-orders\place-new-order\place-new-order.html
2026-07-21T02:18:12Z [post] skip  c:\dev\abd-context-driven-delivery\contexts\ux\story-demo\examples\manage-customer-orders\place-new-order\place-new-order.html
2026-07-21T02:18:13Z [pre ] skip  c:\dev\abd-context-driven-delivery\contexts\ux\story-demo\examples\manage-customer-orders\place-new-order\place-new-order.html
2026-07-21T02:18:14Z [post] skip  c:\dev\abd-context-driven-delivery\contexts\ux\story-demo\examples\manage-customer-orders\place-new-order\place-new-order.html
2026-07-21T02:18:14Z [post] skip  c:\dev\abd-context-driven-delivery\contexts\ux\story-demo\examples\manage-customer-orders\place-new-order\place-new-order.html
2026-07-21T02:18:14Z [pre ] skip  c:\dev\abd-context-driven-delivery\contexts\ux\story-demo\mount-generated-mockup.js
2026-07-21T02:18:15Z [post] skip  c:\dev\abd-context-driven-delivery\contexts\ux\story-demo\mount-generated-mockup.js
2026-07-21T02:18:15Z [post] skip  c:\dev\abd-context-driven-delivery\contexts\ux\story-demo\mount-generated-mockup.js
2026-07-21T02:18:16Z [pre ] skip  c:\dev\abd-context-driven-delivery\contexts\ux\story-demo\mount-generated-mockup.js
2026-07-21T02:18:17Z [post] skip  c:\dev\abd-context-driven-delivery\contexts\ux\story-demo\mount-generated-mockup.js
2026-07-21T02:18:17Z [post] skip  c:\dev\abd-context-driven-delivery\contexts\ux\story-demo\mount-generated-mockup.js
2026-07-21T02:20:25Z [post] skip  C:\Users\thoma\.cursor\projects\c-dev-abd-context-driven-delivery/assets/c__Users_thoma_AppData_Roaming_Cursor_User_workspaceStorage_4b621326d33abb350c31d7cbbaee34d7_images_image-cae21806-01ba-47a7-8e43-37eaca7628ad.png
2026-07-21T02:20:25Z [post] skip  C:\Users\thoma\.cursor\projects\c-dev-abd-context-driven-delivery/assets/c__Users_thoma_AppData_Roaming_Cursor_User_workspaceStorage_4b621326d33abb350c31d7cbbaee34d7_images_image-cae21806-01ba-47a7-8e43-37eaca7628ad.png
2026-07-21T02:20:40Z [pre ] skip  c:\dev\abd-context-driven-delivery\contexts\ux\story-demo\examples\manage-customer-orders\place-new-order\place-new-order.html
2026-07-21T02:20:41Z [post] skip  c:\dev\abd-context-driven-delivery\contexts\ux\story-demo\examples\manage-customer-orders\place-new-order\place-new-order.html
2026-07-21T02:20:42Z [post] skip  c:\dev\abd-context-driven-delivery\contexts\ux\story-demo\examples\manage-customer-orders\place-new-order\place-new-order.html
2026-07-21T02:20:43Z [pre ] skip  c:\dev\abd-context-driven-delivery\contexts\ux\story-demo\mount-generated-mockup.js
2026-07-21T02:20:43Z [post] skip  c:\dev\abd-context-driven-delivery\contexts\ux\story-demo\mount-generated-mockup.js
2026-07-21T02:20:44Z [post] skip  c:\dev\abd-context-driven-delivery\contexts\ux\story-demo\mount-generated-mockup.js
2026-07-21T02:21:47Z [pre ] skip  c:\dev\abd-context-driven-delivery\contexts\ux\story-demo\examples\manage-customer-orders\place-new-order\place-new-order.html
2026-07-21T02:21:47Z [post] skip  c:\dev\abd-context-driven-delivery\contexts\ux\story-demo\examples\manage-customer-orders\place-new-order\place-new-order.html
2026-07-21T02:21:48Z [post] skip  c:\dev\abd-context-driven-delivery\contexts\ux\story-demo\examples\manage-customer-orders\place-new-order\place-new-order.html
2026-07-21T02:21:52Z [pre ] skip  c:\dev\abd-context-driven-delivery\contexts\ux\story-demo\examples\manage-customer-orders\place-new-order\place-new-order.html
2026-07-21T02:21:52Z [post] skip  c:\dev\abd-context-driven-delivery\contexts\ux\story-demo\examples\manage-customer-orders\place-new-order\place-new-order.html
2026-07-21T02:21:53Z [post] skip  c:\dev\abd-context-driven-delivery\contexts\ux\story-demo\examples\manage-customer-orders\place-new-order\place-new-order.html
2026-07-21T02:21:54Z [pre ] skip  c:\dev\abd-context-driven-delivery\contexts\ux\story-demo\examples\manage-customer-orders\place-new-order\place-new-order.html
2026-07-21T02:21:54Z [post] skip  c:\dev\abd-context-driven-delivery\contexts\ux\story-demo\examples\manage-customer-orders\place-new-order\place-new-order.html
2026-07-21T02:21:55Z [post] skip  c:\dev\abd-context-driven-delivery\contexts\ux\story-demo\examples\manage-customer-orders\place-new-order\place-new-order.html
2026-07-21T02:22:03Z [pre ] skip  c:\dev\abd-context-driven-delivery\contexts\ux\story-demo\examples\manage-customer-orders\place-new-order\place-new-order.html
2026-07-21T02:22:04Z [post] skip  c:\dev\abd-context-driven-delivery\contexts\ux\story-demo\examples\manage-customer-orders\place-new-order\place-new-order.html
2026-07-21T02:22:04Z [post] skip  c:\dev\abd-context-driven-delivery\contexts\ux\story-demo\examples\manage-customer-orders\place-new-order\place-new-order.html
2026-07-21T02:22:41Z [post] skip  c:\dev\abd-context-driven-delivery\contexts\ux\story-demo
2026-07-21T02:22:44Z [pre ] skip  c:\dev\abd-context-driven-delivery\contexts\ux\story-demo\examples\manage-customer-orders\place-new-order\place-new-order.html
2026-07-21T02:22:45Z [post] skip  c:\dev\abd-context-driven-delivery\contexts\ux\story-demo\examples\manage-customer-orders\place-new-order\place-new-order.html
2026-07-21T02:22:45Z [pre ] skip  c:\dev\abd-context-driven-delivery\contexts\ux\story-demo\mount-generated-mockup.js
2026-07-21T02:22:45Z [post] skip  c:\dev\abd-context-driven-delivery\contexts\ux\story-demo\examples\manage-customer-orders\place-new-order\place-new-order.html
2026-07-21T02:22:45Z [post] skip  c:\dev\abd-context-driven-delivery\contexts\ux\story-demo\mount-generated-mockup.js
2026-07-21T02:22:46Z [post] skip  c:\dev\abd-context-driven-delivery\contexts\ux\story-demo\mount-generated-mockup.js
2026-07-21T02:22:50Z [post] skip  c:\dev\abd-context-driven-delivery\contexts\ux\story-demo
2026-07-21T02:22:53Z [pre ] skip  c:\dev\abd-context-driven-delivery\contexts\ux\story-demo\mount-generated-mockup.js
2026-07-21T02:22:53Z [post] skip  c:\dev\abd-context-driven-delivery\contexts\ux\story-demo\mount-generated-mockup.js
2026-07-21T02:22:58Z [pre ] skip  c:\dev\abd-context-driven-delivery\contexts\ux\story-demo\mount-generated-mockup.js
2026-07-21T02:22:58Z [pre ] skip  c:\dev\abd-context-driven-delivery\contexts\ux\story-demo\examples\manage-customer-orders\place-new-order\place-new-order.html
2026-07-21T02:22:59Z [post] skip  c:\dev\abd-context-driven-delivery\contexts\ux\story-demo\mount-generated-mockup.js
2026-07-21T02:22:59Z [post] skip  c:\dev\abd-context-driven-delivery\contexts\ux\story-demo\examples\manage-customer-orders\place-new-order\place-new-order.html
2026-07-21T02:22:59Z [post] skip  c:\dev\abd-context-driven-delivery\contexts\ux\story-demo\mount-generated-mockup.js
2026-07-21T02:23:00Z [post] skip  c:\dev\abd-context-driven-delivery\contexts\ux\story-demo\examples\manage-customer-orders\place-new-order\place-new-order.html
2026-07-21T02:24:07Z [post] skip  c:\dev\abd-context-driven-delivery\contexts\ux\story-demo
2026-07-21T02:24:10Z [pre ] skip  c:\dev\abd-context-driven-delivery\contexts\ux\story-demo\play-dual-runner\play-dual-runner.js
2026-07-21T02:24:10Z [pre ] skip  c:\dev\abd-context-driven-delivery\contexts\ux\story-demo\story-demo-page.js
2026-07-21T02:24:10Z [read] skip  c:\dev\abd-context-driven-delivery\contexts\ux\story-demo\play-dual-runner\play-dual-runner.js
2026-07-21T02:24:10Z [read] skip  c:\dev\abd-context-driven-delivery\contexts\ux\story-demo\story-demo-page.js
2026-07-21T02:24:11Z [post] skip  c:\dev\abd-context-driven-delivery\contexts\ux\story-demo\play-dual-runner\play-dual-runner.js
2026-07-21T02:24:11Z [post] skip  c:\dev\abd-context-driven-delivery\contexts\ux\story-demo\story-demo-page.js
2026-07-21T02:24:15Z [pre ] skip  c:\dev\abd-context-driven-delivery\contexts\ux\story-demo\story-demo.spec.js
2026-07-21T02:24:15Z [read] skip  c:\dev\abd-context-driven-delivery\contexts\ux\story-demo\story-demo.spec.js
2026-07-21T02:24:15Z [post] skip  c:\dev\abd-context-driven-delivery\contexts\ux\story-demo
2026-07-21T02:24:15Z [post] skip  c:\dev\abd-context-driven-delivery\contexts\ux\story-demo\story-demo.spec.js
2026-07-21T02:24:19Z [post] skip  c:\dev\abd-context-driven-delivery\contexts\ux\story-demo
2026-07-21T02:24:25Z [pre ] skip  c:\dev\abd-context-driven-delivery\contexts\ux\story-demo\play-dual-runner\story-test-core.js
2026-07-21T02:24:26Z [read] skip  c:\dev\abd-context-driven-delivery\contexts\ux\story-demo\play-dual-runner\story-test-core.js
2026-07-21T02:24:26Z [post] skip  c:\dev\abd-context-driven-delivery\contexts\ux\story-demo\play-dual-runner\story-test-core.js
2026-07-21T02:24:59Z [pre ] skip  c:\dev\abd-context-driven-delivery\contexts\ux\story-demo\mount-generated-mockup.js
2026-07-21T02:24:59Z [post] skip  c:\dev\abd-context-driven-delivery\contexts\ux\story-demo\mount-generated-mockup.js
2026-07-21T02:25:00Z [post] skip  c:\dev\abd-context-driven-delivery\contexts\ux\story-demo\mount-generated-mockup.js
2026-07-21T02:30:50Z [post] skip  c:\dev\abd-context-driven-delivery\contexts\ux\story-demo\examples\manage-customer-orders
2026-07-21T02:30:50Z [post] skip  c:\dev\abd-context-driven-delivery\contexts\ux\story-demo
2026-07-21T02:30:54Z [pre ] skip  c:\dev\abd-context-driven-delivery\contexts\ux\story-demo\control.js
age-customer-orders\place-new-order\select-product\select-product.fragment.html
2026-07-21T02:30:55Z [read] skip  c:\dev\abd-context-driven-delivery\contexts\ux\story-demo\examples\manage-customer-orders\place-new-order\select-product\select-product.fragment.html
2026-07-21T02:30:55Z [read] skip  c:\dev\abd-context-driven-delivery\contexts\ux\story-demo\control.js
2026-07-21T02:30:55Z [post] skip  c:\dev\abd-context-driven-delivery\contexts\ux
2026-07-21T02:30:55Z [post] skip  c:\dev\abd-context-driven-delivery\contexts\ux\story-demo\examples\manage-customer-orders\place-new-order\select-product\select-product.fragment.html
2026-07-21T02:30:55Z [post] skip  c:\dev\abd-context-driven-delivery\contexts\ux\story-demo\control.js
2026-07-21T02:31:00Z [pre ] skip  c:\dev\abd-context-driven-delivery\contexts\ux\.context\ux-context.md
2026-07-21T02:31:00Z [pre ] skip  c:\dev\abd-context-driven-delivery\contexts\ux\story-demo\story-demo-page.js
2026-07-21T02:31:00Z [read] skip  c:\dev\abd-context-driven-delivery\contexts\ux\.context\ux-context.md
2026-07-21T02:31:00Z [read] skip  c:\dev\abd-context-driven-delivery\contexts\ux\story-demo\story-demo-page.js
2026-07-21T02:31:00Z [post] skip  c:\dev\abd-context-driven-delivery\contexts\ux
2026-07-21T02:31:01Z [post] skip  c:\dev\abd-context-driven-delivery\contexts\ux\.context\ux-context.md
2026-07-21T02:31:01Z [post] skip  c:\dev\abd-context-driven-delivery\contexts\ux\story-demo\story-demo-page.js
2026-07-21T02:31:14Z [pre ] skip  c:\dev\abd-context-driven-delivery\contexts\ux\story-demo\story-demo-frame.js
2026-07-21T02:31:14Z [pre ] skip  c:\dev\abd-context-driven-delivery\contexts\ux\ux.md
2026-07-21T02:31:15Z [pre ] skip  c:\dev\abd-context-driven-delivery\contexts\ux\story-demo\examples\manage-customer-orders\place-new-order\add-item-to-cart\add-item-to-cart.fragment.html
2026-07-21T02:31:15Z [read] skip  c:\dev\abd-context-driven-delivery\contexts\ux\story-demo\story-demo-frame.js
2026-07-21T02:31:15Z [read] skip  c:\dev\abd-context-driven-delivery\contexts\ux\ux.md
2026-07-21T02:31:15Z [read] skip  c:\dev\abd-context-driven-delivery\contexts\ux\story-demo\examples\manage-customer-orders\place-new-order\add-item-to-cart\add-item-to-cart.fragment.html
2026-07-21T02:31:15Z [post] skip  c:\dev\abd-context-driven-delivery\contexts\ux\ux_model
2026-07-21T02:31:15Z [post] skip  c:\dev\abd-context-driven-delivery\contexts\ux\story-demo\story-demo-frame.js
2026-07-21T02:31:15Z [post] skip  c:\dev\abd-context-driven-delivery\contexts\ux\ux.md
2026-07-21T02:31:16Z [post] skip  c:\dev\abd-context-driven-delivery\contexts\ux\story-demo\examples\manage-customer-orders\place-new-order\add-item-to-cart\add-item-to-cart.fragment.html
2026-07-21T02:31:30Z [pre ] skip  c:\dev\abd-context-driven-delivery\contexts\ux\story-demo\story-demo.spec.js
2026-07-21T02:31:31Z [read] skip  c:\dev\abd-context-driven-delivery\contexts\ux\story-demo\story-demo.spec.js
2026-07-21T02:31:31Z [post] skip  c:\dev\abd-context-driven-delivery\contexts\ux\story-demo\story-demo.spec.js
2026-07-21T02:31:48Z [pre ] skip  c:\dev\abd-context-driven-delivery\contexts\ux\story-demo\story-demo-page.js
2026-07-21T02:31:49Z [read] skip  c:\dev\abd-context-driven-delivery\contexts\ux\story-demo\story-demo-page.js
2026-07-21T02:31:49Z [post] skip  c:\dev\abd-context-driven-delivery\contexts\ux\story-demo\story-demo-page.js
2026-07-21T02:31:50Z [pre ] skip  c:\dev\abd-context-driven-delivery\contexts\ux\story-demo\story-demo-page.js
2026-07-21T02:31:50Z [post] skip  c:\dev\abd-context-driven-delivery\contexts\ux\story-demo\story-demo-page.js
2026-07-21T02:31:51Z [post] skip  c:\dev\abd-context-driven-delivery\contexts\ux\story-demo\story-demo-page.js
2026-07-21T02:31:57Z [pre ] skip  c:\dev\abd-context-driven-delivery\contexts\ux\story-demo\mount-generated-mockup.js
2026-07-21T02:31:57Z [post] skip  c:\dev\abd-context-driven-delivery\contexts\ux\story-demo\mount-generated-mockup.js
2026-07-21T02:31:58Z [post] skip  c:\dev\abd-context-driven-delivery\contexts\ux\story-demo\mount-generated-mockup.js
2026-07-21T02:31:59Z [pre ] skip  c:\dev\abd-context-driven-delivery\contexts\ux\story-demo\mount-generated-mockup.js
2026-07-21T02:31:59Z [post] skip  c:\dev\abd-context-driven-delivery\contexts\ux\story-demo\mount-generated-mockup.js
2026-07-21T02:32:00Z [post] skip  c:\dev\abd-context-driven-delivery\contexts\ux\story-demo\mount-generated-mockup.js
2026-07-21T02:32:12Z [pre ] skip  c:\dev\abd-context-driven-delivery\contexts\ux\story-demo\mount-generated-mockup.js
2026-07-21T02:32:12Z [post] skip  c:\dev\abd-context-driven-delivery\contexts\ux\story-demo\mount-generated-mockup.js
2026-07-21T02:32:13Z [post] skip  c:\dev\abd-context-driven-delivery\contexts\ux\story-demo\mount-generated-mockup.js
2026-07-21T02:32:13Z [pre ] skip  c:\dev\abd-context-driven-delivery\contexts\ux\story-demo\examples\manage-customer-orders\place-new-order\select-product\select-product.fragment.html
2026-07-21T02:32:13Z [read] skip  c:\dev\abd-context-driven-delivery\contexts\ux\story-demo\examples\manage-customer-orders\place-new-order\select-product\select-product.fragment.html
2026-07-21T02:32:14Z [post] skip  c:\dev\abd-context-driven-delivery\contexts\ux\story-demo\examples\manage-customer-orders\place-new-order\select-product\select-product.fragment.html
2026-07-21T02:32:14Z [pre ] skip  c:\dev\abd-context-driven-delivery\contexts\ux\story-demo\examples\manage-customer-orders\place-new-order\select-product\select-product.fragment.html
2026-07-21T02:32:15Z [post] skip  c:\dev\abd-context-driven-delivery\contexts\ux\story-demo\examples\manage-customer-orders\place-new-order\select-product\select-product.fragment.html
2026-07-21T02:32:16Z [post] skip  c:\dev\abd-context-driven-delivery\contexts\ux\story-demo\examples\manage-customer-orders\place-new-order\select-product\select-product.fragment.html
2026-07-21T02:32:24Z [pre ] skip  c:\dev\abd-context-driven-delivery\contexts\ux\story-demo\mount-generated-mockup.js
2026-07-21T02:32:25Z [post] skip  c:\dev\abd-context-driven-delivery\contexts\ux\story-demo\mount-generated-mockup.js
2026-07-21T02:32:26Z [post] skip  c:\dev\abd-context-driven-delivery\contexts\ux\story-demo\mount-generated-mockup.js
2026-07-21T02:32:26Z [pre ] skip  c:\dev\abd-context-driven-delivery\contexts\ux\story-demo\mount-generated-mockup.js
2026-07-21T02:32:27Z [post] skip  c:\dev\abd-context-driven-delivery\contexts\ux\story-demo\mount-generated-mockup.js
2026-07-21T02:32:27Z [post] skip  c:\dev\abd-context-driven-delivery\contexts\ux\story-demo\mount-generated-mockup.js
2026-07-21T02:32:30Z [pre ] skip  c:\dev\abd-context-driven-delivery\contexts\ux\story-demo\story-demo.spec.js
2026-07-21T02:32:30Z [read] skip  c:\dev\abd-context-driven-delivery\contexts\ux\story-demo\story-demo.spec.js
2026-07-21T02:32:31Z [post] skip  c:\dev\abd-context-driven-delivery\contexts\ux\story-demo\story-demo.spec.js
2026-07-21T02:32:31Z [pre ] skip  c:\dev\abd-context-driven-delivery\contexts\ux\story-demo\story-demo.spec.js
2026-07-21T02:32:32Z [pre ] skip  c:\dev\abd-context-driven-delivery\contexts\ux\story-demo\.context\module-context.md
2026-07-21T02:32:32Z [post] skip  c:\dev\abd-context-driven-delivery\contexts\ux\story-demo\story-demo.spec.js
2026-07-21T02:32:32Z [post] skip  c:\dev\abd-context-driven-delivery\contexts\ux\story-demo\.context\module-context.md
2026-07-21T02:32:33Z [post] skip  c:\dev\abd-context-driven-delivery\contexts\ux\story-demo\story-demo.spec.js
2026-07-21T02:32:33Z [post] skip  c:\dev\abd-context-driven-delivery\contexts\ux\story-demo\.context\module-context.md
2026-07-21T02:35:06Z [pre ] skip  c:\dev\abd-context-driven-delivery\contexts\ux\story-demo\examples\manage-customer-orders\place-new-order\add-item-to-cart\add-item-to-cart.fragment.html
2026-07-21T02:35:06Z [pre ] skip  c:\dev\abd-context-driven-delivery\contexts\ux\story-demo\examples\manage-customer-orders\place-new-order\add-item-to-cart\add_item_to_cart_story.js
2026-07-21T02:35:07Z [read] skip  c:\dev\abd-context-driven-delivery\contexts\ux\story-demo\examples\manage-customer-orders\place-new-order\add-item-to-cart\add-item-to-cart.fragment.html
2026-07-21T02:35:07Z [read] skip  c:\dev\abd-context-driven-delivery\contexts\ux\story-demo\examples\manage-customer-orders\place-new-order\add-item-to-cart\add_item_to_cart_story.js
2026-07-21T02:35:07Z [post] skip  c:\dev\abd-context-driven-delivery\contexts\ux
2026-07-21T02:35:07Z [post] skip  c:\dev\abd-context-driven-delivery\contexts\ux\story-demo\examples\manage-customer-orders\place-new-order\add-item-to-cart\add-item-to-cart.fragment.html
2026-07-21T02:35:07Z [post] skip  c:\dev\abd-context-driven-delivery\contexts\ux\story-demo\examples\manage-customer-orders\place-new-order\add-item-to-cart\add_item_to_cart_story.js
2026-07-21T02:35:13Z [pre ] skip  c:\dev\abd-context-driven-delivery\contexts\ux\web\html\nodes.py
2026-07-21T02:35:14Z [read] skip  c:\dev\abd-context-driven-delivery\contexts\ux\web\html\nodes.py
2026-07-21T02:35:14Z [post] skip  c:\dev\abd-context-driven-delivery\contexts\ux\story-demo
2026-07-21T02:35:14Z [post] skip  c:\dev\abd-context-driven-delivery\contexts\ux\web\html\nodes.py
2026-07-21T02:35:26Z [pre ] skip  c:\dev\abd-context-driven-delivery\contexts\ux\ux_model\nodes.py
2026-07-21T02:35:26Z [pre ] skip  c:\dev\abd-context-driven-delivery\contexts\ux\story-demo\play-dual-runner\story-test-core.js
2026-07-21T02:35:26Z [read] skip  c:\dev\abd-context-driven-delivery\contexts\ux\story-demo\play-dual-runner\story-test-core.js
2026-07-21T02:35:26Z [read] skip  c:\dev\abd-context-driven-delivery\contexts\ux\ux_model\nodes.py
2026-07-21T02:35:27Z [post] skip  c:\dev\abd-context-driven-delivery\contexts\ux\ux_model\nodes.py
2026-07-21T02:35:27Z [post] skip  c:\dev\abd-context-driven-delivery\contexts\ux\story-demo\play-dual-runner\story-test-core.js
2026-07-21T02:35:36Z [pre ] skip  c:\dev\abd-context-driven-delivery\contexts\ux\story-demo\play-dual-runner\story-test-node.js
2026-07-21T02:35:37Z [read] skip  c:\dev\abd-context-driven-delivery\contexts\ux\story-demo\play-dual-runner\story-test-node.js
2026-07-21T02:35:37Z [post] skip  c:\dev\abd-context-driven-delivery\contexts\ux\story-demo\play-dual-runner\story-test-node.js
2026-07-21T02:35:53Z [pre ] skip  c:\dev\abd-context-driven-delivery\contexts\ux\story-demo\play-dual-runner\story-test-core.js
2026-07-21T02:35:54Z [read] skip  c:\dev\abd-context-driven-delivery\contexts\ux\story-demo\play-dual-runner\story-test-core.js
2026-07-21T02:35:54Z [post] skip  c:\dev\abd-context-driven-delivery\contexts\ux\story-demo\play-dual-runner\story-test-core.js
2026-07-21T02:35:55Z [pre ] skip  c:\dev\abd-context-driven-delivery\contexts\ux\story-demo\play-dual-runner\story-test-core.js
2026-07-21T02:35:55Z [post] skip  c:\dev\abd-context-driven-delivery\contexts\ux\story-demo\play-dual-runner\story-test-core.js
2026-07-21T02:35:56Z [pre ] skip  c:\dev\abd-context-driven-delivery\contexts\ux\story-demo\play-dual-runner\story-test-node.js
2026-07-21T02:35:56Z [post] skip  c:\dev\abd-context-driven-delivery\contexts\ux\story-demo\play-dual-runner\story-test-core.js
2026-07-21T02:35:56Z [read] skip  c:\dev\abd-context-driven-delivery\contexts\ux\story-demo\play-dual-runner\story-test-node.js
2026-07-21T02:35:57Z [post] skip  c:\dev\abd-context-driven-delivery\contexts\ux\story-demo\play-dual-runner\story-test-node.js
2026-07-21T02:35:57Z [pre ] skip  c:\dev\abd-context-driven-delivery\contexts\ux\story-demo\play-dual-runner\story-test-node.js
2026-07-21T02:35:58Z [post] skip  c:\dev\abd-context-driven-delivery\contexts\ux\story-demo\play-dual-runner\story-test-node.js
2026-07-21T02:35:58Z [post] skip  c:\dev\abd-context-driven-delivery\contexts\ux\story-demo\play-dual-runner\story-test-node.js
2026-07-21T02:36:00Z [pre ] skip  c:\dev\abd-context-driven-delivery\contexts\ux\story-demo\story-demo-page.js
2026-07-21T02:36:01Z [post] skip  c:\dev\abd-context-driven-delivery\contexts\ux\story-demo\story-demo-page.js
2026-07-21T02:36:01Z [post] skip  c:\dev\abd-context-driven-delivery\contexts\ux\story-demo\story-demo-page.js
2026-07-21T02:36:01Z [pre ] skip  c:\dev\abd-context-driven-delivery\contexts\ux\story-demo\mount-generated-mockup.js
2026-07-21T02:36:02Z [post] skip  c:\dev\abd-context-driven-delivery\contexts\ux\story-demo\mount-generated-mockup.js
2026-07-21T02:36:02Z [post] skip  c:\dev\abd-context-driven-delivery\contexts\ux\story-demo\mount-generated-mockup.js
2026-07-21T02:36:03Z [pre ] skip  c:\dev\abd-context-driven-delivery\contexts\ux\web\html\nodes.py
2026-07-21T02:36:04Z [read] skip  c:\dev\abd-context-driven-delivery\contexts\ux\web\html\nodes.py
2026-07-21T02:36:04Z [post] skip  c:\dev\abd-context-driven-delivery\contexts\ux\web\html\nodes.py
2026-07-21T02:36:05Z [pre ] skip  c:\dev\abd-context-driven-delivery\contexts\ux\web\html\nodes.py
2026-07-21T02:36:05Z [post] skip  c:\dev\abd-context-driven-delivery\contexts\ux\web\html\nodes.py
2026-07-21T02:36:06Z [post] skip  c:\dev\abd-context-driven-delivery\contexts\ux\web\html\nodes.py
2026-07-21T02:36:11Z [pre ] skip  c:\dev\abd-context-driven-delivery\contexts\ux\story-demo\examples\manage-customer-orders\place-new-order\add-item-to-cart\add-item-to-cart.fragment.html
2026-07-21T02:36:11Z [read] skip  c:\dev\abd-context-driven-delivery\contexts\ux\story-demo\examples\manage-customer-orders\place-new-order\add-item-to-cart\add-item-to-cart.fragment.html
2026-07-21T02:36:12Z [post] skip  c:\dev\abd-context-driven-delivery\contexts\ux\story-demo\examples\manage-customer-orders\place-new-order\add-item-to-cart\add-item-to-cart.fragment.html
2026-07-21T02:36:12Z [pre ] skip  c:\dev\abd-context-driven-delivery\contexts\ux\story-demo\examples\manage-customer-orders\place-new-order\add-item-to-cart\add-item-to-cart.fragment.html
2026-07-21T02:36:13Z [post] skip  c:\dev\abd-context-driven-delivery\contexts\ux\story-demo\examples\manage-customer-orders\place-new-order\add-item-to-cart\add-item-to-cart.fragment.html
2026-07-21T02:36:13Z [post] skip  c:\dev\abd-context-driven-delivery\contexts\ux\story-demo\examples\manage-customer-orders\place-new-order\add-item-to-cart\add-item-to-cart.fragment.html
2026-07-21T02:36:15Z [pre ] skip  c:\dev\abd-context-driven-delivery\contexts\ux\story-demo\examples\manage-customer-orders\place-new-order\add-item-to-cart\add_item_to_cart_story.js
2026-07-21T02:36:16Z [read] skip  c:\dev\abd-context-driven-delivery\contexts\ux\story-demo\examples\manage-customer-orders\place-new-order\add-item-to-cart\add_item_to_cart_story.js
2026-07-21T02:36:16Z [post] skip  c:\dev\abd-context-driven-delivery\contexts\ux\story-demo\examples\manage-customer-orders\place-new-order\add-item-to-cart\add_item_to_cart_story.js
2026-07-21T02:36:16Z [pre ] skip  c:\dev\abd-context-driven-delivery\contexts\ux\story-demo\.context\module-context.md
2026-07-21T02:36:17Z [pre ] skip  c:\dev\abd-context-driven-delivery\contexts\ux\story-demo\examples\manage-customer-orders\place-new-order\add-item-to-cart\add_item_to_cart_story.js
2026-07-21T02:36:17Z [post] skip  c:\dev\abd-context-driven-delivery\contexts\ux\story-demo\.context\module-context.md
2026-07-21T02:36:17Z [post] skip  c:\dev\abd-context-driven-delivery\contexts\ux\story-demo\examples\manage-customer-orders\place-new-order\add-item-to-cart\add_item_to_cart_story.js
2026-07-21T02:36:17Z [post] skip  c:\dev\abd-context-driven-delivery\contexts\ux\story-demo\.context\module-context.md
2026-07-21T02:36:17Z [post] skip  c:\dev\abd-context-driven-delivery\contexts\ux\story-demo\examples\manage-customer-orders\place-new-order\add-item-to-cart\add_item_to_cart_story.js
2026-07-21T02:36:20Z [pre ] skip  c:\dev\abd-context-driven-delivery\contexts\ux\story-demo\story-demo.spec.js
2026-07-21T02:36:20Z [post] skip  c:\dev\abd-context-driven-delivery\contexts\ux\story-demo\story-demo.spec.js
2026-07-21T02:36:20Z [post] skip  c:\dev\abd-context-driven-delivery\contexts\ux\web\html
2026-07-21T02:36:21Z [post] skip  c:\dev\abd-context-driven-delivery\contexts\ux\story-demo\story-demo.spec.js
2026-07-21T02:36:32Z [pre ] skip  c:\dev\abd-context-driven-delivery\contexts\ux\web\html\nodes.py
2026-07-21T02:36:33Z [post] skip  c:\dev\abd-context-driven-delivery\contexts\ux\web\html\nodes.py
2026-07-21T02:36:33Z [post] skip  c:\dev\abd-context-driven-delivery\contexts\ux\web\html\nodes.py
2026-07-21T02:36:36Z [pre ] skip  c:\dev\abd-context-driven-delivery\contexts\ux\web\html\nodes.py
2026-07-21T02:36:37Z [post] skip  c:\dev\abd-context-driven-delivery\contexts\ux\web\html\nodes.py
2026-07-21T02:36:37Z [post] skip  c:\dev\abd-context-driven-delivery\contexts\ux\web\html\nodes.py
2026-07-21T02:37:46Z [pre ] skip  c:\dev\abd-context-driven-delivery\contexts\ux\story-demo\story-demo-page.js
2026-07-21T02:37:46Z [post] skip  c:\dev\abd-context-driven-delivery\contexts\ux\story-demo\story-demo-page.js
2026-07-21T02:37:47Z [post] skip  c:\dev\abd-context-driven-delivery\contexts\ux\story-demo\story-demo-page.js
2026-07-21T02:37:47Z [pre ] skip  c:\dev\abd-context-driven-delivery\contexts\ux\story-demo\mount-generated-mockup.js
2026-07-21T02:37:47Z [post] skip  c:\dev\abd-context-driven-delivery\contexts\ux\story-demo\mount-generated-mockup.js
2026-07-21T02:37:48Z [post] skip  c:\dev\abd-context-driven-delivery\contexts\ux\story-demo\mount-generated-mockup.js
2026-07-21T02:37:56Z [pre ] skip  c:\dev\abd-context-driven-delivery\contexts\ux\story-demo\mount-generated-mockup.js
2026-07-21T02:37:57Z [post] skip  c:\dev\abd-context-driven-delivery\contexts\ux\story-demo\mount-generated-mockup.js
2026-07-21T02:37:57Z [post] skip  c:\dev\abd-context-driven-delivery\contexts\ux\story-demo\mount-generated-mockup.js
2026-07-21T02:37:57Z [pre ] skip  c:\dev\abd-context-driven-delivery\contexts\ux\story-demo\.context\module-context.md
2026-07-21T02:37:58Z [post] skip  c:\dev\abd-context-driven-delivery\contexts\ux\story-demo\.context\module-context.md
2026-07-21T02:37:58Z [post] skip  c:\dev\abd-context-driven-delivery\contexts\ux\story-demo\.context\module-context.md
2026-07-21T02:38:38Z [post] skip  c:\dev\abd-context-driven-delivery\contexts\ux\story-demo\examples\manage-customer-orders
2026-07-21T02:38:49Z [pre ] skip  c:\dev\abd-context-driven-delivery\contexts\ux\story-demo\examples\manage-customer-orders\place-new-order\add-item-to-cart\add-item-to-cart.fragment.html
2026-07-21T02:38:49Z [post] skip  c:\dev\abd-context-driven-delivery\contexts\ux\story-demo\examples\manage-customer-orders\place-new-order\add-item-to-cart\add-item-to-cart.fragment.html
2026-07-21T02:38:50Z [post] skip  c:\dev\abd-context-driven-delivery\contexts\ux\story-demo\examples\manage-customer-orders\place-new-order\add-item-to-cart\add-item-to-cart.fragment.html
2026-07-21T02:41:06Z [pre ] skip  c:\dev\abd-context-driven-delivery\contexts\ux\story-demo\story-demo-page.js
2026-07-21T02:41:07Z [post] skip  c:\dev\abd-context-driven-delivery\contexts\ux\story-demo\story-demo-page.js
2026-07-21T02:41:07Z [pre ] skip  c:\dev\abd-context-driven-delivery\contexts\ux\story-demo\mount-generated-mockup.js
2026-07-21T02:41:07Z [post] skip  c:\dev\abd-context-driven-delivery\contexts\ux\story-demo\story-demo-page.js
2026-07-21T02:41:07Z [post] skip  c:\dev\abd-context-driven-delivery\contexts\ux\story-demo\mount-generated-mockup.js
2026-07-21T02:41:08Z [post] skip  c:\dev\abd-context-driven-delivery\contexts\ux\story-demo\mount-generated-mockup.js
2026-07-21T02:41:09Z [pre ] skip  c:\dev\abd-context-driven-delivery\contexts\ux\story-demo\mount-generated-mockup.js
2026-07-21T02:41:09Z [post] skip  c:\dev\abd-context-driven-delivery\contexts\ux\story-demo\mount-generated-mockup.js
2026-07-21T02:41:10Z [post] skip  c:\dev\abd-context-driven-delivery\contexts\ux\story-demo\mount-generated-mockup.js
2026-07-21T02:41:11Z [pre ] skip  c:\dev\abd-context-driven-delivery\contexts\ux\story-demo\mount-generated-mockup.js
2026-07-21T02:41:11Z [pre ] skip  c:\dev\abd-context-driven-delivery\contexts\ux\story-demo\examples\manage-customer-orders\place-new-order\select-product\select-product.fragment.html
2026-07-21T02:41:11Z [post] skip  c:\dev\abd-context-driven-delivery\contexts\ux\story-demo\mount-generated-mockup.js
2026-07-21T02:41:11Z [post] skip  c:\dev\abd-context-driven-delivery\contexts\ux\story-demo\examples\manage-customer-orders\place-new-order\select-product\select-product.fragment.html
2026-07-21T02:41:12Z [post] skip  c:\dev\abd-context-driven-delivery\contexts\ux\story-demo\mount-generated-mockup.js
2026-07-21T02:41:12Z [post] skip  c:\dev\abd-context-driven-delivery\contexts\ux\story-demo\examples\manage-customer-orders\place-new-order\select-product\select-product.fragment.html
2026-07-21T02:41:20Z [pre ] skip  c:\dev\abd-context-driven-delivery\contexts\ux\story-demo\examples\manage-customer-orders\place-new-order\select-product\select_product_story.js
2026-07-21T02:41:20Z [post] skip  c:\dev\abd-context-driven-delivery\contexts\ux\story-demo\examples\manage-customer-orders\place-new-order\select-product\select_product_story.js
2026-07-21T02:41:21Z [post] skip  c:\dev\abd-context-driven-delivery\contexts\ux\story-demo\examples\manage-customer-orders\place-new-order\select-product\select_product_story.js
2026-07-21T02:41:24Z [pre ] skip  c:\dev\abd-context-driven-delivery\contexts\ux\story-demo\examples\manage-customer-orders\place-new-order\select-product\select_product_story.js
2026-07-21T02:41:25Z [post] skip  c:\dev\abd-context-driven-delivery\contexts\ux\story-demo\examples\manage-customer-orders\place-new-order\select-product\select_product_story.js
2026-07-21T02:41:26Z [post] skip  c:\dev\abd-context-driven-delivery\contexts\ux\story-demo\examples\manage-customer-orders\place-new-order\select-product\select_product_story.js
2026-07-21T02:41:26Z [pre ] skip  c:\dev\abd-context-driven-delivery\contexts\ux\story-demo\examples\manage-customer-orders\shopping_cart_example_factory.js
2026-07-21T02:41:26Z [post] skip  c:\dev\abd-context-driven-delivery\contexts\ux\story-demo\examples\manage-customer-orders\shopping_cart_example_factory.js
2026-07-21T02:41:27Z [post] skip  c:\dev\abd-context-driven-delivery\contexts\ux\story-demo\examples\manage-customer-orders\shopping_cart_example_factory.js
2026-07-21T02:41:31Z [pre ] skip  c:\dev\abd-context-driven-delivery\contexts\ux\story-demo\examples\manage-customer-orders\shopping_cart_example_factory.js
2026-07-21T02:41:32Z [pre ] skip  c:\dev\abd-context-driven-delivery\contexts\ux\story-demo\examples\manage-customer-orders\manage-customer-orders-helper.js
2026-07-21T02:41:32Z [post] skip  c:\dev\abd-context-driven-delivery\contexts\ux\story-demo\examples\manage-customer-orders\shopping_cart_example_factory.js
2026-07-21T02:41:32Z [post] skip  c:\dev\abd-context-driven-delivery\contexts\ux\story-demo\examples\manage-customer-orders\manage-customer-orders-helper.js
2026-07-21T02:41:32Z [post] skip  c:\dev\abd-context-driven-delivery\contexts\ux\story-demo\examples\manage-customer-orders\shopping_cart_example_factory.js
2026-07-21T02:41:33Z [post] skip  c:\dev\abd-context-driven-delivery\contexts\ux\story-demo\examples\manage-customer-orders\manage-customer-orders-helper.js
2026-07-21T02:41:35Z [pre ] skip  c:\dev\abd-context-driven-delivery\contexts\ux\story-demo\examples\manage-customer-orders\place-new-order\add-item-to-cart\add_item_to_cart_story.js
2026-07-21T02:41:36Z [post] skip  c:\dev\abd-context-driven-delivery\contexts\ux\story-demo\examples\manage-customer-orders\place-new-order\add-item-to-cart\add_item_to_cart_story.js
2026-07-21T02:41:36Z [post] skip  c:\dev\abd-context-driven-delivery\contexts\ux\story-demo\examples\manage-customer-orders\place-new-order\add-item-to-cart\add_item_to_cart_story.js
2026-07-21T02:41:37Z [pre ] skip  c:\dev\abd-context-driven-delivery\contexts\ux\story-demo\.context\module-context.md
2026-07-21T02:41:38Z [post] skip  c:\dev\abd-context-driven-delivery\contexts\ux\story-demo\.context\module-context.md
2026-07-21T02:41:38Z [post] skip  c:\dev\abd-context-driven-delivery\contexts\ux\story-demo\.context\module-context.md
2026-07-21T02:43:34Z [pre ] skip  c:\dev\abd-context-driven-delivery\contexts\ux\story-demo\examples\manage-customer-orders\place-new-order\remove-item-from-cart\remove-item-from-cart.fragment.html
2026-07-21T02:43:35Z [read] skip  c:\dev\abd-context-driven-delivery\contexts\ux\story-demo\examples\manage-customer-orders\place-new-order\remove-item-from-cart\remove-item-from-cart.fragment.html
2026-07-21T02:43:35Z [post] skip  c:\dev\abd-context-driven-delivery\contexts\ux\story-demo\examples\manage-customer-orders\place-new-order\remove-item-from-cart\remove-item-from-cart.fragment.html
2026-07-21T02:43:35Z [post] skip  c:\dev\abd-context-driven-delivery\contexts\ux\story-demo\examples\shopping_cart
2026-07-21T02:43:55Z [pre ] skip  c:\dev\abd-context-driven-delivery\contexts\ux\story-demo\mount-generated-mockup.js
2026-07-21T02:43:55Z [post] skip  c:\dev\abd-context-driven-delivery\contexts\ux\story-demo\mount-generated-mockup.js
2026-07-21T02:43:56Z [post] skip  c:\dev\abd-context-driven-delivery\contexts\ux\story-demo\mount-generated-mockup.js
2026-07-21T02:43:57Z [pre ] skip  c:\dev\abd-context-driven-delivery\contexts\ux\story-demo\mount-generated-mockup.js
2026-07-21T02:43:58Z [post] skip  c:\dev\abd-context-driven-delivery\contexts\ux\story-demo\mount-generated-mockup.js
2026-07-21T02:43:58Z [post] skip  c:\dev\abd-context-driven-delivery\contexts\ux\story-demo\mount-generated-mockup.js
2026-07-21T02:43:59Z [pre ] skip  c:\dev\abd-context-driven-delivery\contexts\ux\story-demo\mount-generated-mockup.js
2026-07-21T02:44:00Z [post] skip  c:\dev\abd-context-driven-delivery\contexts\ux\story-demo\mount-generated-mockup.js
2026-07-21T02:44:00Z [pre ] skip  c:\dev\abd-context-driven-delivery\contexts\ux\story-demo\examples\manage-customer-orders\place-new-order\remove-item-from-cart\remove-item-from-cart.fragment.html
2026-07-21T02:44:00Z [post] skip  c:\dev\abd-context-driven-delivery\contexts\ux\story-demo\mount-generated-mockup.js
2026-07-21T02:44:00Z [read] skip  c:\dev\abd-context-driven-delivery\contexts\ux\story-demo\examples\manage-customer-orders\place-new-order\remove-item-from-cart\remove-item-from-cart.fragment.html
2026-07-21T02:44:01Z [post] skip  c:\dev\abd-context-driven-delivery\contexts\ux\story-demo\examples\manage-customer-orders\place-new-order\remove-item-from-cart\remove-item-from-cart.fragment.html
2026-07-21T02:44:02Z [pre ] skip  c:\dev\abd-context-driven-delivery\contexts\ux\story-demo\examples\manage-customer-orders\place-new-order\remove-item-from-cart\remove-item-from-cart.fragment.html
2026-07-21T02:44:02Z [post] skip  c:\dev\abd-context-driven-delivery\contexts\ux\story-demo\examples\manage-customer-orders\place-new-order\remove-item-from-cart\remove-item-from-cart.fragment.html
2026-07-21T02:44:03Z [post] skip  c:\dev\abd-context-driven-delivery\contexts\ux\story-demo\examples\manage-customer-orders\place-new-order\remove-item-from-cart\remove-item-from-cart.fragment.html
2026-07-21T02:44:03Z [pre ] skip  c:\dev\abd-context-driven-delivery\contexts\ux\story-demo\examples\manage-customer-orders\place-new-order\remove-item-from-cart\remove_item_from_cart_story.js
2026-07-21T02:44:04Z [post] skip  c:\dev\abd-context-driven-delivery\contexts\ux\story-demo\examples\manage-customer-orders\place-new-order\remove-item-from-cart\remove_item_from_cart_story.js
2026-07-21T02:44:04Z [pre ] skip  c:\dev\abd-context-driven-delivery\contexts\ux\story-demo\.context\module-context.md
2026-07-21T02:44:04Z [post] skip  c:\dev\abd-context-driven-delivery\contexts\ux\story-demo\examples\manage-customer-orders\place-new-order\remove-item-from-cart\remove_item_from_cart_story.js
2026-07-21T02:44:04Z [post] skip  c:\dev\abd-context-driven-delivery\contexts\ux\story-demo\.context\module-context.md
2026-07-21T02:44:05Z [post] skip  c:\dev\abd-context-driven-delivery\contexts\ux\story-demo\.context\module-context.md
2026-07-21T02:45:40Z [pre ] skip  c:\dev\abd-context-driven-delivery\contexts\ux\story-demo\play-dual-runner\story-test-core.js
2026-07-21T02:45:40Z [post] skip  c:\dev\abd-context-driven-delivery\contexts\ux\story-demo\play-dual-runner\story-test-core.js
2026-07-21T02:45:41Z [post] skip  c:\dev\abd-context-driven-delivery\contexts\ux\story-demo\play-dual-runner\story-test-core.js
2026-07-21T02:45:42Z [pre ] skip  c:\dev\abd-context-driven-delivery\contexts\ux\story-demo\play-dual-runner\story-test-node.js
2026-07-21T02:45:42Z [post] skip  c:\dev\abd-context-driven-delivery\contexts\ux\story-demo\play-dual-runner\story-test-node.js
2026-07-21T02:45:43Z [post] skip  c:\dev\abd-context-driven-delivery\contexts\ux\story-demo\play-dual-runner\story-test-node.js
2026-07-21T02:45:43Z [pre ] skip  c:\dev\abd-context-driven-delivery\contexts\ux\story-demo\mount-generated-mockup.js
2026-07-21T02:45:43Z [post] skip  c:\dev\abd-context-driven-delivery\contexts\ux\story-demo\mount-generated-mockup.js
2026-07-21T02:45:44Z [post] skip  c:\dev\abd-context-driven-delivery\contexts\ux\story-demo\mount-generated-mockup.js
2026-07-21T02:45:45Z [pre ] skip  c:\dev\abd-context-driven-delivery\contexts\ux\story-demo\mount-generated-mockup.js
2026-07-21T02:45:45Z [post] skip  c:\dev\abd-context-driven-delivery\contexts\ux\story-demo\mount-generated-mockup.js
2026-07-21T02:45:46Z [post] skip  c:\dev\abd-context-driven-delivery\contexts\ux\story-demo\mount-generated-mockup.js
2026-07-21T02:45:47Z [pre ] skip  c:\dev\abd-context-driven-delivery\contexts\ux\story-demo\mount-generated-mockup.js
2026-07-21T02:45:47Z [post] skip  c:\dev\abd-context-driven-delivery\contexts\ux\story-demo\mount-generated-mockup.js
2026-07-21T02:45:48Z [post] skip  c:\dev\abd-context-driven-delivery\contexts\ux\story-demo\mount-generated-mockup.js
2026-07-21T02:45:48Z [pre ] skip  c:\dev\abd-context-driven-delivery\contexts\ux\story-demo\examples\manage-customer-orders\place-new-order\remove-item-from-cart\remove_item_from_cart_story.js
2026-07-21T02:45:48Z [pre ] skip  c:\dev\abd-context-driven-delivery\contexts\ux\story-demo\mount-generated-mockup.js
2026-07-21T02:45:49Z [post] skip  c:\dev\abd-context-driven-delivery\contexts\ux\story-demo\examples\manage-customer-orders\place-new-order\remove-item-from-cart\remove_item_from_cart_story.js
2026-07-21T02:45:49Z [post] skip  c:\dev\abd-context-driven-delivery\contexts\ux\story-demo\mount-generated-mockup.js
2026-07-21T02:45:49Z [post] skip  c:\dev\abd-context-driven-delivery\contexts\ux\story-demo\examples\manage-customer-orders\place-new-order\remove-item-from-cart\remove_item_from_cart_story.js
2026-07-21T02:45:49Z [post] skip  c:\dev\abd-context-driven-delivery\contexts\ux\story-demo\mount-generated-mockup.js
2026-07-21T02:45:50Z [pre ] skip  c:\dev\abd-context-driven-delivery\contexts\ux\story-demo\examples\manage-customer-orders\place-new-order\add-item-to-cart\add_item_to_cart_story.js
2026-07-21T02:45:50Z [post] skip  c:\dev\abd-context-driven-delivery\contexts\ux\story-demo\examples\manage-customer-orders\place-new-order\add-item-to-cart\add_item_to_cart_story.js
2026-07-21T02:45:51Z [pre ] skip  c:\dev\abd-context-driven-delivery\contexts\ux\story-demo\examples\manage-customer-orders\place-new-order\select-product\select_product_story.js
2026-07-21T02:45:51Z [post] skip  c:\dev\abd-context-driven-delivery\contexts\ux\story-demo\examples\manage-customer-orders\place-new-order\add-item-to-cart\add_item_to_cart_story.js
2026-07-21T02:45:51Z [post] skip  c:\dev\abd-context-driven-delivery\contexts\ux\story-demo\examples\manage-customer-orders\place-new-order\select-product\select_product_story.js
2026-07-21T02:45:52Z [post] skip  c:\dev\abd-context-driven-delivery\contexts\ux\story-demo\examples\manage-customer-orders\place-new-order\select-product\select_product_story.js
2026-07-21T02:45:52Z [pre ] skip  c:\dev\abd-context-driven-delivery\contexts\ux\story-demo\examples\manage-customer-orders\place-new-order\view-cart-total\view_cart_total_story.js
2026-07-21T02:45:53Z [post] skip  c:\dev\abd-context-driven-delivery\contexts\ux\story-demo\examples\manage-customer-orders\place-new-order\view-cart-total\view_cart_total_story.js
2026-07-21T02:45:53Z [post] skip  c:\dev\abd-context-driven-delivery\contexts\ux\story-demo\examples\manage-customer-orders\place-new-order\view-cart-total\view_cart_total_story.js
2026-07-21T02:45:54Z [pre ] skip  c:\dev\abd-context-driven-delivery\contexts\ux\story-demo\examples\manage-customer-orders\place-new-order\submit-order\submit_order_story.js
2026-07-21T02:45:55Z [post] skip  c:\dev\abd-context-driven-delivery\contexts\ux\story-demo\examples\manage-customer-orders\place-new-order\submit-order\submit_order_story.js
2026-07-21T02:45:55Z [post] skip  c:\dev\abd-context-driven-delivery\contexts\ux\story-demo\examples\manage-customer-orders\place-new-order\submit-order\submit_order_story.js
2026-07-21T02:46:01Z [pre ] skip  c:\dev\abd-context-driven-delivery\contexts\ux\story-demo\examples\manage-customer-orders\place-new-order\add-item-to-cart\add_item_to_cart_story.js
2026-07-21T02:46:01Z [post] skip  c:\dev\abd-context-driven-delivery\contexts\ux\story-demo\examples\manage-customer-orders\place-new-order\add-item-to-cart\add_item_to_cart_story.js
2026-07-21T02:46:02Z [pre ] skip  c:\dev\abd-context-driven-delivery\contexts\ux\story-demo\examples\manage-customer-orders\place-new-order\submit-order\submit_order_story.js
2026-07-21T02:46:02Z [post] skip  c:\dev\abd-context-driven-delivery\contexts\ux\story-demo\examples\manage-customer-orders\place-new-order\add-item-to-cart\add_item_to_cart_story.js
2026-07-21T02:46:02Z [post] skip  c:\dev\abd-context-driven-delivery\contexts\ux\story-demo\examples\manage-customer-orders\place-new-order\submit-order\submit_order_story.js
2026-07-21T02:46:03Z [post] skip  c:\dev\abd-context-driven-delivery\contexts\ux\story-demo\examples\manage-customer-orders\place-new-order\submit-order\submit_order_story.js
2026-07-21T02:46:03Z [pre ] skip  c:\dev\abd-context-driven-delivery\contexts\ux\story-demo\.context\module-context.md
2026-07-21T02:46:03Z [post] skip  c:\dev\abd-context-driven-delivery\contexts\ux\story-demo\.context\module-context.md
2026-07-21T02:46:04Z [post] skip  c:\dev\abd-context-driven-delivery\contexts\ux\story-demo\.context\module-context.md
2026-07-21T02:46:06Z [pre ] skip  c:\dev\abd-context-driven-delivery\contexts\ux\story-demo\story-demo.spec.js
2026-07-21T02:46:07Z [post] skip  c:\dev\abd-context-driven-delivery\contexts\ux\story-demo\story-demo.spec.js
2026-07-21T02:46:08Z [post] skip  c:\dev\abd-context-driven-delivery\contexts\ux\story-demo\story-demo.spec.js
2026-07-21T02:50:30Z [pre ] skip  c:\dev\abd-context-driven-delivery\contexts\ux\ux_model\nodes.py
2026-07-21T02:50:30Z [post] skip  c:\dev\abd-context-driven-delivery\contexts\ux
2026-07-21T02:50:31Z [read] skip  c:\dev\abd-context-driven-delivery\contexts\ux\ux_model\nodes.py
2026-07-21T02:50:31Z [post] skip  c:\dev\abd-context-driven-delivery\contexts\ux\ux_model\nodes.py
2026-07-21T02:52:16Z [pre ] skip  c:\dev\abd-context-driven-delivery\contexts\ux\ux_model\nodes.py
2026-07-21T02:52:16Z [pre ] skip  c:\dev\abd-context-driven-delivery\contexts\ux\ux.md
2026-07-21T02:52:17Z [post] skip  c:\dev\abd-context-driven-delivery\contexts\ux\web\html
2026-07-21T02:52:17Z [read] skip  c:\dev\abd-context-driven-delivery\contexts\ux\ux_model\nodes.py
2026-07-21T02:52:17Z [read] skip  c:\dev\abd-context-driven-delivery\contexts\ux\ux.md
2026-07-21T02:52:17Z [post] skip  c:\dev\abd-context-driven-delivery\contexts\ux
2026-07-21T02:52:18Z [post] skip  c:\dev\abd-context-driven-delivery\contexts\ux\ux_model\nodes.py
2026-07-21T02:52:18Z [post] skip  c:\dev\abd-context-driven-delivery\contexts\ux\ux.md
2026-07-21T02:52:23Z [pre ] skip  c:\dev\abd-context-driven-delivery\contexts\ux\ux_model\story_demo_control_spec.py
2026-07-21T02:52:23Z [pre ] skip  c:\dev\abd-context-driven-delivery\AGENTS.md
2026-07-21T02:52:23Z [post] skip  c:\dev\abd-context-driven-delivery\contexts\ux
2026-07-21T02:52:40Z [pre ] skip  c:\dev\abd-context-driven-delivery\contexts\ux\ux_model\story_demo_control_spec.py
2026-07-21T02:52:41Z [read] skip  c:\dev\abd-context-driven-delivery\contexts\ux\ux_model\story_demo_control_spec.py
2026-07-21T02:52:41Z [post] skip  c:\dev\abd-context-driven-delivery\contexts\ux
2026-07-21T02:52:41Z [post] skip  c:\dev\abd-context-driven-delivery\contexts\ux
2026-07-21T02:52:41Z [post] skip  c:\dev\abd-context-driven-delivery\contexts\ux\ux_model\story_demo_control_spec.py
2026-07-21T02:52:58Z [pre ] skip  c:\dev\abd-context-driven-delivery\contexts\ux\document\json\nodes.py
2026-07-21T02:52:58Z [pre ] skip  c:\dev\abd-context-driven-delivery\contexts\ux\ux.md
2026-07-21T02:52:59Z [read] skip  c:\dev\abd-context-driven-delivery\contexts\ux\document\json\nodes.py
2026-07-21T02:52:59Z [read] skip  c:\dev\abd-context-driven-delivery\contexts\ux\ux.md
2026-07-21T02:52:59Z [post] skip  c:\dev\abd-context-driven-delivery\contexts\ux\document\json\nodes.py
2026-07-21T02:52:59Z [post] skip  c:\dev\abd-context-driven-delivery\contexts\ux\ux.md
2026-07-21T02:53:13Z [pre ] skip  c:\dev\abd-context-driven-delivery\contexts\ux\ux_model\nodes.py
2026-07-21T02:53:14Z [read] skip  c:\dev\abd-context-driven-delivery\contexts\ux\ux_model\nodes.py
2026-07-21T02:53:14Z [post] skip  c:\dev\abd-context-driven-delivery\contexts\ux\ux_model\nodes.py
2026-07-21T02:53:15Z [pre ] skip  c:\dev\abd-context-driven-delivery\contexts\ux\ux_model\nodes.py
2026-07-21T02:53:16Z [post] skip  c:\dev\abd-context-driven-delivery\contexts\ux\ux_model\nodes.py
2026-07-21T02:53:16Z [pre ] skip  c:\dev\abd-context-driven-delivery\contexts\ux\document\json\nodes.py
2026-07-21T02:53:16Z [post] skip  c:\dev\abd-context-driven-delivery\contexts\ux\ux_model\nodes.py
2026-07-21T02:53:17Z [read] skip  c:\dev\abd-context-driven-delivery\contexts\ux\document\json\nodes.py
2026-07-21T02:53:17Z [pre ] skip  c:\dev\abd-context-driven-delivery\contexts\ux\ux_model\nodes.py
2026-07-21T02:53:17Z [post] skip  c:\dev\abd-context-driven-delivery\contexts\ux\document\json\nodes.py
2026-07-21T02:53:17Z [post] skip  c:\dev\abd-context-driven-delivery\contexts\ux\ux_model\nodes.py
2026-07-21T02:53:18Z [pre ] skip  c:\dev\abd-context-driven-delivery\contexts\ux\document\json\nodes.py
2026-07-21T02:53:18Z [post] skip  c:\dev\abd-context-driven-delivery\contexts\ux\ux_model\nodes.py
2026-07-21T02:53:18Z [post] skip  c:\dev\abd-context-driven-delivery\contexts\ux\document\json\nodes.py
2026-07-21T02:53:19Z [post] skip  c:\dev\abd-context-driven-delivery\contexts\ux\document\json\nodes.py
2026-07-21T02:53:20Z [pre ] skip  c:\dev\abd-context-driven-delivery\contexts\ux\document\json\nodes.py
2026-07-21T02:53:20Z [post] skip  c:\dev\abd-context-driven-delivery\contexts\ux\document\json\nodes.py
2026-07-21T02:53:21Z [post] skip  c:\dev\abd-context-driven-delivery\contexts\ux\document\json\nodes.py
2026-07-21T02:53:22Z [pre ] skip  c:\dev\abd-context-driven-delivery\contexts\ux\web\html\nodes.py
2026-07-21T02:53:22Z [post] skip  c:\dev\abd-context-driven-delivery\contexts\ux\web\html\nodes.py
2026-07-21T02:53:23Z [post] skip  c:\dev\abd-context-driven-delivery\contexts\ux\web\html\nodes.py
2026-07-21T02:53:25Z [pre ] skip  c:\dev\abd-context-driven-delivery\contexts\ux\web\html\nodes.py
2026-07-21T02:53:25Z [post] skip  c:\dev\abd-context-driven-delivery\contexts\ux\web\html\nodes.py
2026-07-21T02:53:26Z [post] skip  c:\dev\abd-context-driven-delivery\contexts\ux\web\html\nodes.py
2026-07-21T02:53:46Z [pre ] skip  c:\dev\abd-context-driven-delivery\contexts\ux\story-demo\mount-generated-mockup.js
2026-07-21T02:53:46Z [post] skip  c:\dev\abd-context-driven-delivery\contexts\ux\story-demo\mount-generated-mockup.js
2026-07-21T02:53:47Z [post] skip  c:\dev\abd-context-driven-delivery\contexts\ux\story-demo\mount-generated-mockup.js
2026-07-21T02:53:47Z [pre ] skip  c:\dev\abd-context-driven-delivery\contexts\ux\story-demo\examples\manage-customer-orders\place-new-order\select-product\select-product.fragment.html
2026-07-21T02:53:48Z [pre ] skip  c:\dev\abd-context-driven-delivery\contexts\ux\story-demo\mount-generated-mockup.js
2026-07-21T02:53:48Z [post] skip  c:\dev\abd-context-driven-delivery\contexts\ux\story-demo\examples\manage-customer-orders\place-new-order\select-product\select-product.fragment.html
2026-07-21T02:53:48Z [pre ] skip  c:\dev\abd-context-driven-delivery\contexts\ux\story-demo\examples\manage-customer-orders\place-new-order\remove-item-from-cart\remove-item-from-cart.fragment.html
2026-07-21T02:53:48Z [post] skip  c:\dev\abd-context-driven-delivery\contexts\ux\story-demo\mount-generated-mockup.js
2026-07-21T02:53:48Z [post] skip  c:\dev\abd-context-driven-delivery\contexts\ux\story-demo\examples\manage-customer-orders\place-new-order\select-product\select-product.fragment.html
2026-07-21T02:53:48Z [post] skip  c:\dev\abd-context-driven-delivery\contexts\ux\story-demo\examples\manage-customer-orders\place-new-order\remove-item-from-cart\remove-item-from-cart.fragment.html
2026-07-21T02:53:49Z [post] skip  c:\dev\abd-context-driven-delivery\contexts\ux\story-demo\mount-generated-mockup.js
2026-07-21T02:53:49Z [post] skip  c:\dev\abd-context-driven-delivery\contexts\ux\story-demo\examples\manage-customer-orders\place-new-order\remove-item-from-cart\remove-item-from-cart.fragment.html
2026-07-21T02:53:53Z [post] skip  c:\dev\abd-context-driven-delivery\contexts\ux\story-demo
2026-07-21T02:53:55Z [pre ] skip  c:\dev\abd-context-driven-delivery\contexts\ux\ux_model\story_demo_control_spec.py
2026-07-21T02:53:56Z [read] skip  c:\dev\abd-context-driven-delivery\contexts\ux\ux_model\story_demo_control_spec.py
2026-07-21T02:53:56Z [post] skip  c:\dev\abd-context-driven-delivery\contexts\ux\ux_model\story_demo_control_spec.py
2026-07-21T02:53:57Z [pre ] skip  c:\dev\abd-context-driven-delivery\contexts\ux\ux.md
2026-07-21T02:53:57Z [pre ] skip  c:\dev\abd-context-driven-delivery\contexts\ux\ux_model\story_demo_control_spec.py
2026-07-21T02:53:58Z [read] skip  c:\dev\abd-context-driven-delivery\contexts\ux\ux.md
2026-07-21T02:53:58Z [post] skip  c:\dev\abd-context-driven-delivery\contexts\ux\ux_model\story_demo_control_spec.py
2026-07-21T02:53:58Z [post] skip  c:\dev\abd-context-driven-delivery\contexts\ux\ux.md
2026-07-21T02:53:58Z [post] skip  c:\dev\abd-context-driven-delivery\contexts\ux\ux_model\story_demo_control_spec.py
2026-07-21T02:53:59Z [pre ] skip  c:\dev\abd-context-driven-delivery\contexts\ux\ux.md
2026-07-21T02:53:59Z [post] skip  c:\dev\abd-context-driven-delivery\contexts\ux\ux.md
2026-07-21T02:54:00Z [pre ] skip  c:\dev\abd-context-driven-delivery\contexts\ux\story-demo\.context\module-context.md
2026-07-21T02:54:00Z [post] skip  c:\dev\abd-context-driven-delivery\contexts\ux\ux.md
2026-07-21T02:54:00Z [post] skip  c:\dev\abd-context-driven-delivery\contexts\ux\story-demo\.context\module-context.md
2026-07-21T02:54:01Z [pre ] skip  c:\dev\abd-context-driven-delivery\contexts\ux\ux.md
2026-07-21T02:54:01Z [post] skip  c:\dev\abd-context-driven-delivery\contexts\ux\story-demo\.context\module-context.md
2026-07-21T02:54:01Z [post] skip  c:\dev\abd-context-driven-delivery\contexts\ux\ux.md
2026-07-21T02:54:02Z [post] skip  c:\dev\abd-context-driven-delivery\contexts\ux\ux.md
2026-07-21T02:54:06Z [pre ] skip  c:\dev\abd-context-driven-delivery\contexts\ux\story-demo\mount-generated-mockup.js
2026-07-21T02:54:07Z [post] skip  c:\dev\abd-context-driven-delivery\contexts\ux\story-demo\mount-generated-mockup.js
2026-07-21T02:54:07Z [post] skip  c:\dev\abd-context-driven-delivery\contexts\ux\story-demo\mount-generated-mockup.js
2026-07-21T02:54:25Z [post] skip  c:\dev\abd-context-driven-delivery\contexts\ux
2026-07-21T02:55:26Z [post] skip  c:\dev\abd-context-driven-delivery
2026-07-21T02:55:30Z [pre ] skip  c:\dev\abd-context-driven-delivery\contexts\ux\story-demo\examples\manage-customer-orders\place-new-order\submit-order\submit-order.fragment.html
2026-07-21T02:55:30Z [pre ] skip  c:\dev\abd-context-driven-delivery\contexts\ux\story-demo\examples\manage-customer-orders\place-new-order\view-cart-total\view-cart-total.fragment.html
2026-07-21T02:55:30Z [post] skip  c:\dev\abd-context-driven-delivery\contexts\ux\story-demo\examples
2026-07-21T02:55:30Z [read] skip  c:\dev\abd-context-driven-delivery\contexts\ux\story-demo\examples\manage-customer-orders\place-new-order\view-cart-total\view-cart-total.fragment.html
2026-07-21T02:55:30Z [read] skip  c:\dev\abd-context-driven-delivery\contexts\ux\story-demo\examples\manage-customer-orders\place-new-order\submit-order\submit-order.fragment.html
2026-07-21T02:55:31Z [post] skip  c:\dev\abd-context-driven-delivery\contexts\ux\story-demo\examples\manage-customer-orders\place-new-order\submit-order\submit-order.fragment.html
html
2026-07-21T02:55:34Z [pre ] skip  c:\dev\abd-context-driven-delivery\contexts\ux\story-demo\mount-generated-mockup.js
2026-07-21T02:55:35Z [post] skip  c:\dev\abd-context-driven-delivery\contexts\ux\story-demo\mount-generated-mockup.js
2026-07-21T02:55:35Z [post] skip  c:\dev\abd-context-driven-delivery\contexts\ux\story-demo\mount-generated-mockup.js
2026-07-21T02:55:37Z [pre ] skip  c:\dev\abd-context-driven-delivery\contexts\ux\story-demo\mount-generated-mockup.js
2026-07-21T02:55:38Z [post] skip  c:\dev\abd-context-driven-delivery\contexts\ux\story-demo\mount-generated-mockup.js
2026-07-21T02:55:38Z [post] skip  c:\dev\abd-context-driven-delivery\contexts\ux\story-demo\mount-generated-mockup.js
2026-07-21T02:55:39Z [pre ] skip  c:\dev\abd-context-driven-delivery\contexts\ux\story-demo\examples\manage-customer-orders\place-new-order\submit-order\submit-order.fragment.html
2026-07-21T02:55:39Z [pre ] skip  c:\dev\abd-context-driven-delivery\contexts\ux\story-demo\mount-generated-mockup.js
2026-07-21T02:55:39Z [read] skip  c:\dev\abd-context-driven-delivery\contexts\ux\story-demo\examples\manage-customer-orders\place-new-order\submit-order\submit-order.fragment.html
2026-07-21T02:55:40Z [post] skip  c:\dev\abd-context-driven-delivery\contexts\ux\story-demo\mount-generated-mockup.js
2026-07-21T02:55:40Z [post] skip  c:\dev\abd-context-driven-delivery\contexts\ux\story-demo\examples\manage-customer-orders\place-new-order\submit-order\submit-order.fragment.html
2026-07-21T02:55:40Z [pre ] skip  c:\dev\abd-context-driven-delivery\contexts\ux\story-demo\.context\module-context.md
2026-07-21T02:55:40Z [post] skip  c:\dev\abd-context-driven-delivery\contexts\ux\story-demo\mount-generated-mockup.js
2026-07-21T02:55:40Z [pre ] skip  c:\dev\abd-context-driven-delivery\contexts\ux\story-demo\examples\manage-customer-orders\place-new-order\submit-order\submit-order.fragment.html
2026-07-21T02:55:40Z [pre ] skip  c:\dev\abd-context-driven-delivery\contexts\ux\ux_model\story_demo_control_spec.py
2026-07-21T02:55:40Z [post] skip  c:\dev\abd-context-driven-delivery\contexts\ux\story-demo\.context\module-context.md
2026-07-21T02:55:41Z [post] skip  c:\dev\abd-context-driven-delivery\contexts\ux\story-demo\.context\module-context.md
2026-07-21T02:55:41Z [post] skip  c:\dev\abd-context-driven-delivery\contexts\ux\ux_model\story_demo_control_spec.py
2026-07-21T02:55:41Z [post] skip  c:\dev\abd-context-driven-delivery\contexts\ux\story-demo\examples\manage-customer-orders\place-new-order\submit-order\submit-order.fragment.html
2026-07-21T02:55:41Z [post] skip  c:\dev\abd-context-driven-delivery\contexts\ux\ux_model\story_demo_control_spec.py
2026-07-21T02:55:41Z [post] skip  c:\dev\abd-context-driven-delivery\contexts\ux\story-demo\examples\manage-customer-orders\place-new-order\submit-order\submit-order.fragment.html
2026-07-21T02:55:44Z [post] skip  c:\dev\abd-context-driven-delivery\contexts\ux
2026-07-21T02:56:19Z [post] skip  c:\dev\abd-context-driven-delivery\contexts\ux\story-demo
2026-07-21T02:56:28Z [post] skip  c:\dev\abd-context-driven-delivery
2026-07-21T02:56:33Z [pre ] skip  c:\dev\abd-context-driven-delivery\contexts\ux\story-demo\story-demo-page.js
2026-07-21T02:56:34Z [post] skip  c:\dev\abd-context-driven-delivery\contexts\ux\story-demo\story-demo-page.js
2026-07-21T02:56:34Z [post] skip  c:\dev\abd-context-driven-delivery\contexts\ux\story-demo\story-demo-page.js
2026-07-21T02:56:50Z [pre ] skip  c:\dev\abd-context-driven-delivery\contexts\ux\story-demo\story-demo.spec.js
2026-07-21T02:56:51Z [post] skip  c:\dev\abd-context-driven-delivery\contexts\ux\story-demo\story-demo.spec.js
2026-07-21T02:56:51Z [post] skip  c:\dev\abd-context-driven-delivery\contexts\ux\story-demo\story-demo.spec.js
2026-07-21T02:59:44Z [pre ] skip  c:\dev\abd-context-driven-delivery\contexts\ux\story-demo\examples\manage-customer-orders\place-new-order\view-cart-total\view-cart-total.fragment.html
2026-07-21T02:59:44Z [read] skip  c:\dev\abd-context-driven-delivery\contexts\ux\story-demo\examples\manage-customer-orders\place-new-order\view-cart-total\view-cart-total.fragment.html
2026-07-21T02:59:44Z [post] skip  c:\dev\abd-context-driven-delivery\contexts\ux\story-demo\examples\manage-customer-orders
2026-07-21T02:59:45Z [post] skip  c:\dev\abd-context-driven-delivery\contexts\ux\story-demo\examples\manage-customer-orders\place-new-order\view-cart-total\view-cart-total.fragment.html
2026-07-21T03:00:22Z [pre ] skip  c:\dev\abd-context-driven-delivery\contexts\ux\story-demo\examples\manage-customer-orders\.context\story-map.md
2026-07-21T03:00:22Z [pre ] skip  c:\dev\abd-context-driven-delivery\contexts\ux\story-demo\examples\manage-customer-orders\.context\thin-slice.md
2026-07-21T03:00:22Z [read] skip  c:\dev\abd-context-driven-delivery\contexts\ux\story-demo\examples\manage-customer-orders\.context\story-map.md
2026-07-21T03:00:22Z [post] skip  c:\dev\abd-context-driven-delivery\contexts\ux\story-demo\examples\manage-customer-orders
2026-07-21T03:00:22Z [read] skip  c:\dev\abd-context-driven-delivery\contexts\ux\story-demo\examples\manage-customer-orders\.context\thin-slice.md
2026-07-21T03:00:22Z [post] skip  c:\dev\abd-context-driven-delivery\contexts\ux\story-demo\examples\manage-customer-orders
2026-07-21T03:00:23Z [post] skip  c:\dev\abd-context-driven-delivery\contexts\ux\story-demo\examples\manage-customer-orders\.context\story-map.md
2026-07-21T03:00:23Z [post] skip  c:\dev\abd-context-driven-delivery\contexts\ux\story-demo\examples\manage-customer-orders\.context\thin-slice.md
2026-07-21T03:00:27Z [post] skip  c:\dev\abd-context-driven-delivery\contexts\ux\story-demo
2026-07-21T03:00:32Z [pre ] skip  c:\dev\abd-context-driven-delivery\contexts\ux\story-demo\examples\manage-customer-orders\place-new-order\remove-item-from-cart\remove-item-from-cart.fragment.html
2026-07-21T03:00:32Z [post] skip  c:\dev\abd-context-driven-delivery\contexts\ux\story-demo\examples\manage-customer-orders\place-new-order\remove-item-from-cart\remove-item-from-cart.fragment.html
2026-07-21T03:00:33Z [post] skip  c:\dev\abd-context-driven-delivery\contexts\ux\story-demo\examples\manage-customer-orders\place-new-order\remove-item-from-cart\remove-item-from-cart.fragment.html
2026-07-21T03:00:33Z [pre ] skip  c:\dev\abd-context-driven-delivery\contexts\ux\story-demo\examples\manage-customer-orders\place-new-order\place-new-order.html
2026-07-21T03:00:33Z [post] skip  c:\dev\abd-context-driven-delivery\contexts\ux\story-demo\examples\manage-customer-orders\place-new-order\place-new-order.html
2026-07-21T03:00:34Z [post] skip  c:\dev\abd-context-driven-delivery\contexts\ux\story-demo\examples\manage-customer-orders\place-new-order\place-new-order.html
2026-07-21T03:00:35Z [pre ] skip  c:\dev\abd-context-driven-delivery\contexts\ux\story-demo\examples\manage-customer-orders\.context\story-map.md
2026-07-21T03:00:35Z [pre ] skip  c:\dev\abd-context-driven-delivery\contexts\ux\story-demo\examples\manage-customer-orders\place-new-order\place-new-order.html
2026-07-21T03:00:35Z [read] skip  c:\dev\abd-context-driven-delivery\contexts\ux\story-demo\examples\manage-customer-orders\.context\story-map.md
2026-07-21T03:00:35Z [post] skip  c:\dev\abd-context-driven-delivery\contexts\ux\story-demo\examples\manage-customer-orders\place-new-order\place-new-order.html
2026-07-21T03:00:35Z [post] skip  c:\dev\abd-context-driven-delivery\contexts\ux\story-demo\examples\manage-customer-orders\.context\story-map.md
2026-07-21T03:00:35Z [post] skip  c:\dev\abd-context-driven-delivery\contexts\ux\story-demo\examples\manage-customer-orders\place-new-order\place-new-order.html
2026-07-21T03:00:36Z [pre ] skip  c:\dev\abd-context-driven-delivery\contexts\ux\story-demo\examples\manage-customer-orders\.context\story-map.md
2026-07-21T03:00:36Z [post] skip  c:\dev\abd-context-driven-delivery\contexts\ux\story-demo\examples\manage-customer-orders\.context\story-map.md
2026-07-21T03:00:37Z [pre ] skip  c:\dev\abd-context-driven-delivery\contexts\ux\story-demo\examples\manage-customer-orders\.context\thin-slice.md
2026-07-21T03:00:37Z [post] skip  c:\dev\abd-context-driven-delivery\contexts\ux\story-demo\examples\manage-customer-orders\.context\story-map.md
2026-07-21T03:00:37Z [read] skip  c:\dev\abd-context-driven-delivery\contexts\ux\story-demo\examples\manage-customer-orders\.context\thin-slice.md
2026-07-21T03:00:38Z [post] skip  c:\dev\abd-context-driven-delivery\contexts\ux\story-demo\examples\manage-customer-orders\.context\thin-slice.md
2026-07-21T03:00:38Z [pre ] skip  c:\dev\abd-context-driven-delivery\contexts\ux\story-demo\examples\manage-customer-orders\place-new-order\view-cart-total\view_cart_total_story.js
2026-07-21T03:00:38Z [pre ] skip  c:\dev\abd-context-driven-delivery\contexts\ux\story-demo\examples\manage-customer-orders\.context\thin-slice.md
2026-07-21T03:00:38Z [pre ] skip  c:\dev\abd-context-driven-delivery\contexts\ux\story-demo\examples\manage-customer-orders\place-new-order\view-cart-total\view-cart-total.fragment.html
2026-07-21T03:00:39Z [post] skip  c:\dev\abd-context-driven-delivery\contexts\ux\story-demo\examples\manage-customer-orders\.context\thin-slice.md
2026-07-21T03:00:39Z [post] skip  c:\dev\abd-context-driven-delivery\contexts\ux\story-demo\examples\manage-customer-orders\place-new-order\view-cart-total\view_cart_total_story.js
2026-07-21T03:00:39Z [post] skip  c:\dev\abd-context-driven-delivery\contexts\ux\story-demo\examples\manage-customer-orders\place-new-order\view-cart-total\view-cart-total.fragment.html
2026-07-21T03:00:39Z [post] skip  c:\dev\abd-context-driven-delivery\contexts\ux\story-demo\examples\manage-customer-orders\.context\thin-slice.md
2026-07-21T03:00:39Z [post] skip  c:\dev\abd-context-driven-delivery\contexts\ux\story-demo\examples\manage-customer-orders
2026-07-21T03:00:40Z [pre ] skip  c:\dev\abd-context-driven-delivery\contexts\ux\story-demo\examples\manage-customer-orders\.context\thin-slice.md
2026-07-21T03:00:41Z [post] skip  c:\dev\abd-context-driven-delivery\contexts\ux\story-demo\examples\manage-customer-orders\.context\thin-slice.md
2026-07-21T03:00:41Z [post] skip  c:\dev\abd-context-driven-delivery\contexts\ux\story-demo\examples\manage-customer-orders\.context\thin-slice.md
2026-07-21T03:00:45Z [post] skip  c:\dev\abd-context-driven-delivery\contexts\ux\story-demo\examples\manage-customer-orders\.context
2026-07-21T03:03:16Z [post] skip  c:\dev\abd-context-driven-delivery\contexts\ux
2026-07-21T03:03:16Z [post] skip  c:\dev\abd-context-driven-delivery
2026-07-21T03:03:20Z [post] skip  c:\dev\abd-context-driven-delivery\contexts\ux
2026-07-21T03:03:20Z [post] skip  c:\dev\abd-context-driven-delivery\contexts\ux\story-demo\examples
2026-07-21T03:03:27Z [post] skip  c:\dev\abd-context-driven-delivery\contexts\ux
2026-07-21T03:03:55Z [pre ] skip  c:\dev\abd-context-driven-delivery\contexts\ux\examples\manage-customer-orders\place-new-order\place-new-order.html
2026-07-21T03:03:55Z [post] skip  c:\dev\abd-context-driven-delivery\contexts\ux\examples
2026-07-21T03:03:55Z [read] skip  c:\dev\abd-context-driven-delivery\contexts\ux\examples\manage-customer-orders\place-new-order\place-new-order.html
2026-07-21T03:03:56Z [post] skip  c:\dev\abd-context-driven-delivery\contexts\ux\examples\manage-customer-orders\place-new-order\place-new-order.html
2026-07-21T03:04:03Z [pre ] skip  c:\dev\abd-context-driven-delivery\contexts\ux\examples\manage-customer-orders\place-new-order\place-new-order.html
2026-07-21T03:04:03Z [read] skip  c:\dev\abd-context-driven-delivery\contexts\ux\examples\manage-customer-orders\place-new-order\place-new-order.html
2026-07-21T03:04:04Z [pre ] skip  c:\dev\abd-context-driven-delivery\contexts\ux\examples\manage-customer-orders\.context\story-map.md
2026-07-21T03:04:04Z [post] skip  c:\dev\abd-context-driven-delivery\contexts\ux\examples\manage-customer-orders\place-new-order\place-new-order.html
2026-07-21T03:04:04Z [read] skip  c:\dev\abd-context-driven-delivery\contexts\ux\examples\manage-customer-orders\.context\story-map.md
2026-07-21T03:04:04Z [pre ] skip  c:\dev\abd-context-driven-delivery\contexts\ux\examples\manage-customer-orders\place-new-order\place-new-order.html
2026-07-21T03:04:05Z [post] skip  c:\dev\abd-context-driven-delivery\contexts\ux\examples\manage-customer-orders\.context\story-map.md
2026-07-21T03:04:05Z [post] skip  c:\dev\abd-context-driven-delivery\contexts\ux\examples\manage-customer-orders\place-new-order\place-new-order.html
2026-07-21T03:04:05Z [pre ] skip  c:\dev\abd-context-driven-delivery\contexts\ux\examples\manage-customer-orders\.context\story-map.md
2026-07-21T03:04:05Z [pre ] skip  c:\dev\abd-context-driven-delivery\contexts\ux\examples\manage-customer-orders\shopping_cart_example_factory.js
2026-07-21T03:04:06Z [post] skip  c:\dev\abd-context-driven-delivery\contexts\ux\examples\manage-customer-orders\place-new-order\place-new-order.html
2026-07-21T03:04:06Z [read] skip  c:\dev\abd-context-driven-delivery\contexts\ux\examples\manage-customer-orders\shopping_cart_example_factory.js
2026-07-21T03:04:06Z [post] skip  c:\dev\abd-context-driven-delivery\contexts\ux\examples\manage-customer-orders\.context\story-map.md
2026-07-21T03:04:07Z [post] skip  c:\dev\abd-context-driven-delivery\contexts\ux\examples\manage-customer-orders\.context\story-map.md
2026-07-21T03:04:07Z [post] skip  c:\dev\abd-context-driven-delivery\contexts\ux\examples\manage-customer-orders\shopping_cart_example_factory.js
2026-07-21T03:04:07Z [pre ] skip  c:\dev\abd-context-driven-delivery\contexts\ux\ux.md
2026-07-21T03:04:07Z [pre ] skip  c:\dev\abd-context-driven-delivery\contexts\ux\examples\manage-customer-orders\shopping_cart_example_factory.js
2026-07-21T03:04:08Z [post] skip  c:\dev\abd-context-driven-delivery\contexts\ux\ux.md
2026-07-21T03:04:08Z [post] skip  c:\dev\abd-context-driven-delivery\contexts\ux\examples\manage-customer-orders\shopping_cart_example_factory.js
2026-07-21T03:04:08Z [post] skip  c:\dev\abd-context-driven-delivery\contexts\ux\ux.md
2026-07-21T03:04:09Z [post] skip  c:\dev\abd-context-driven-delivery\contexts\ux\examples\manage-customer-orders\shopping_cart_example_factory.js
2026-07-21T03:04:10Z [post] skip  c:\dev\abd-context-driven-delivery\contexts\ux\examples\README.md
2026-07-21T03:04:10Z [post] skip  c:\dev\abd-context-driven-delivery\contexts\ux\examples\README.md
2026-07-21T03:04:14Z [pre ] skip  c:\dev\abd-context-driven-delivery\contexts\ux\examples\manage-customer-orders\place-new-order\select-product\select_product_story.js
2026-07-21T03:04:14Z [post] skip  c:\dev\abd-context-driven-delivery\contexts\ux\examples\manage-customer-orders
2026-07-21T03:04:14Z [read] skip  c:\dev\abd-context-driven-delivery\contexts\ux\examples\manage-customer-orders\place-new-order\select-product\select_product_story.js
2026-07-21T03:04:15Z [pre ] skip  c:\dev\abd-context-driven-delivery\contexts\ux\examples\manage-customer-orders\place-new-order\add-item-to-cart\add_item_to_cart_story.js
2026-07-21T03:04:15Z [post] skip  c:\dev\abd-context-driven-delivery\contexts\ux\examples\manage-customer-orders\place-new-order\select-product\select_product_story.js
2026-07-21T03:04:15Z [read] skip  c:\dev\abd-context-driven-delivery\contexts\ux\examples\manage-customer-orders\place-new-order\add-item-to-cart\add_item_to_cart_story.js
2026-07-21T03:04:15Z [pre ] skip  c:\dev\abd-context-driven-delivery\contexts\ux\examples\manage-customer-orders\place-new-order\select-product\select_product_story.js
2026-07-21T03:04:15Z [pre ] skip  c:\dev\abd-context-driven-delivery\contexts\ux\examples\manage-customer-orders\place-new-order\remove-item-from-cart\remove_item_from_cart_story.js
2026-07-21T03:04:16Z [post] skip  c:\dev\abd-context-driven-delivery\contexts\ux\examples\manage-customer-orders\place-new-order\add-item-to-cart\add_item_to_cart_story.js
2026-07-21T03:04:16Z [post] skip  c:\dev\abd-context-driven-delivery\contexts\ux\examples\manage-customer-orders\place-new-order\select-product\select_product_story.js
2026-07-21T03:04:16Z [read] skip  c:\dev\abd-context-driven-delivery\contexts\ux\examples\manage-customer-orders\place-new-order\remove-item-from-cart\remove_item_from_cart_story.js
2026-07-21T03:04:16Z [pre ] skip  c:\dev\abd-context-driven-delivery\contexts\ux\examples\manage-customer-orders\place-new-order\add-item-to-cart\add_item_to_cart_story.js
2026-07-21T03:04:16Z [pre ] skip  c:\dev\abd-context-driven-delivery\contexts\ux\examples\manage-customer-orders\place-new-order\submit-order\submit_order_story.js
2026-07-21T03:04:16Z [post] skip  c:\dev\abd-context-driven-delivery\contexts\ux\examples\manage-customer-orders\place-new-order\select-product\select_product_story.js
2026-07-21T03:04:16Z [post] skip  c:\dev\abd-context-driven-delivery\contexts\ux\examples\manage-customer-orders\place-new-order\remove-item-from-cart\remove_item_from_cart_story.js
2026-07-21T03:04:17Z [post] skip  c:\dev\abd-context-driven-delivery\contexts\ux\examples\manage-customer-orders\place-new-order\add-item-to-cart\add_item_to_cart_story.js
2026-07-21T03:04:17Z [read] skip  c:\dev\abd-context-driven-delivery\contexts\ux\examples\manage-customer-orders\place-new-order\submit-order\submit_order_story.js
2026-07-21T03:04:17Z [pre ] skip  c:\dev\abd-context-driven-delivery\contexts\ux\examples\manage-customer-orders\place-new-order\remove-item-from-cart\remove_item_from_cart_story.js
2026-07-21T03:04:17Z [post] skip  c:\dev\abd-context-driven-delivery\contexts\ux\examples\manage-customer-orders\place-new-order\add-item-to-cart\add_item_to_cart_story.js
2026-07-21T03:04:17Z [post] skip  c:\dev\abd-context-driven-delivery\contexts\ux\examples\manage-customer-orders\place-new-order\submit-order\submit_order_story.js
2026-07-21T03:04:18Z [post] skip  c:\dev\abd-context-driven-delivery\contexts\ux\examples\manage-customer-orders\place-new-order\remove-item-from-cart\remove_item_from_cart_story.js
2026-07-21T03:04:18Z [pre ] skip  c:\dev\abd-context-driven-delivery\contexts\ux\examples\manage-customer-orders\place-new-order\submit-order\submit_order_story.js
2026-07-21T03:04:18Z [post] skip  c:\dev\abd-context-driven-delivery\contexts\ux\examples\manage-customer-orders\place-new-order\remove-item-from-cart\remove_item_from_cart_story.js
2026-07-21T03:04:18Z [post] skip  c:\dev\abd-context-driven-delivery\contexts\ux\examples\manage-customer-orders\place-new-order\submit-order\submit_order_story.js
2026-07-21T03:04:19Z [post] skip  c:\dev\abd-context-driven-delivery\contexts\ux\examples\manage-customer-orders\place-new-order\submit-order\submit_order_story.js
2026-07-21T03:04:22Z [pre ] skip  c:\dev\abd-context-driven-delivery\contexts\ux\examples\manage-customer-orders\place-new-order\select-product\select_product_story.js
2026-07-21T03:04:23Z [post] skip  c:\dev\abd-context-driven-delivery\contexts\ux\examples\manage-customer-orders\place-new-order\select-product\select_product_story.js
2026-07-21T03:04:23Z [pre ] skip  c:\dev\abd-context-driven-delivery\contexts\ux\examples\manage-customer-orders\place-new-order\add-item-to-cart\add_item_to_cart_story.js
2026-07-21T03:04:23Z [post] skip  c:\dev\abd-context-driven-delivery\contexts\ux\examples\manage-customer-orders\place-new-order\select-product\select_product_story.js
2026-07-21T03:04:24Z [pre ] skip  c:\dev\abd-context-driven-delivery\contexts\ux\examples\manage-customer-orders\place-new-order\remove-item-from-cart\remove_item_from_cart_story.js
2026-07-21T03:04:24Z [pre ] skip  c:\dev\abd-context-driven-delivery\contexts\ux\examples\manage-customer-orders\place-new-order\submit-order\submit_order_story.js
2026-07-21T03:04:24Z [post] skip  c:\dev\abd-context-driven-delivery\contexts\ux\examples\manage-customer-orders\place-new-order\add-item-to-cart\add_item_to_cart_story.js
2026-07-21T03:04:24Z [pre ] skip  c:\dev\abd-context-driven-delivery\contexts\ux\examples\manage-customer-orders\place-new-order\select-product\select_product_story.js
2026-07-21T03:04:24Z [post] skip  c:\dev\abd-context-driven-delivery\contexts\ux\examples\manage-customer-orders\place-new-order\remove-item-from-cart\remove_item_from_cart_story.js
2026-07-21T03:04:24Z [post] skip  c:\dev\abd-context-driven-delivery\contexts\ux\examples\manage-customer-orders\place-new-order\add-item-to-cart\add_item_to_cart_story.js
2026-07-21T03:04:24Z [post] skip  c:\dev\abd-context-driven-delivery\contexts\ux\examples\manage-customer-orders\place-new-order\submit-order\submit_order_story.js
2026-07-21T03:04:25Z [post] skip  c:\dev\abd-context-driven-delivery\contexts\ux\examples\manage-customer-orders\place-new-order\remove-item-from-cart\remove_item_from_cart_story.js
2026-07-21T03:04:25Z [post] skip  c:\dev\abd-context-driven-delivery\contexts\ux\examples\manage-customer-orders\place-new-order\select-product\select_product_story.js
2026-07-21T03:04:25Z [post] skip  c:\dev\abd-context-driven-delivery\contexts\ux\examples\manage-customer-orders\place-new-order\submit-order\submit_order_story.js
2026-07-21T03:04:25Z [post] skip  c:\dev\abd-context-driven-delivery\contexts\ux\examples\manage-customer-orders\place-new-order\select-product\select_product_story.js
2026-07-21T03:04:26Z [pre ] skip  c:\dev\abd-context-driven-delivery\contexts\ux\examples\manage-customer-orders\place-new-order\add-item-to-cart\add_item_to_cart_story.js
2026-07-21T03:04:26Z [pre ] skip  c:\dev\abd-context-driven-delivery\contexts\ux\examples\manage-customer-orders\place-new-order\remove-item-from-cart\remove_item_from_cart_story.js
2026-07-21T03:04:26Z [post] skip  c:\dev\abd-context-driven-delivery\contexts\ux\examples\manage-customer-orders\place-new-order\add-item-to-cart\add_item_to_cart_story.js
2026-07-21T03:04:26Z [post] skip  c:\dev\abd-context-driven-delivery\contexts\ux\examples\manage-customer-orders\place-new-order\remove-item-from-cart\remove_item_from_cart_story.js
2026-07-21T03:04:27Z [pre ] skip  c:\dev\abd-context-driven-delivery\contexts\ux\examples\manage-customer-orders\place-new-order\submit-order\submit_order_story.js
2026-07-21T03:04:27Z [post] skip  c:\dev\abd-context-driven-delivery\contexts\ux\examples\manage-customer-orders\place-new-order\add-item-to-cart\add_item_to_cart_story.js
2026-07-21T03:04:27Z [post] skip  c:\dev\abd-context-driven-delivery\contexts\ux\examples\manage-customer-orders\place-new-order\remove-item-from-cart\remove_item_from_cart_story.js
2026-07-21T03:04:27Z [post] skip  c:\dev\abd-context-driven-delivery\contexts\ux\examples\manage-customer-orders\place-new-order\submit-order\submit_order_story.js
2026-07-21T03:04:27Z [post] skip  c:\dev\abd-context-driven-delivery\contexts\ux
2026-07-21T03:04:28Z [post] skip  c:\dev\abd-context-driven-delivery\contexts\ux\examples\manage-customer-orders\place-new-order\submit-order\submit_order_story.js
2026-07-21T03:04:36Z [pre ] skip  c:\dev\abd-context-driven-delivery\contexts\ux\examples\manage-customer-orders\.context\thin-slice.md
2026-07-21T03:04:36Z [pre ] skip  c:\dev\abd-context-driven-delivery\contexts\ux\examples\manage-customer-orders\.context\story-map.md
2026-07-21T03:04:37Z [read] skip  c:\dev\abd-context-driven-delivery\contexts\ux\examples\manage-customer-orders\.context\thin-slice.md
2026-07-21T03:04:37Z [post] skip  c:\dev\abd-context-driven-delivery\contexts\ux\examples\manage-customer-orders\.context\story-map.md
2026-07-21T03:04:37Z [post] skip  c:\dev\abd-context-driven-delivery\contexts\ux\examples\manage-customer-orders\.context\thin-slice.md
2026-07-21T03:04:37Z [post] skip  c:\dev\abd-context-driven-delivery\contexts\ux\story-demo
2026-07-21T03:04:37Z [post] skip  c:\dev\abd-context-driven-delivery\contexts\ux\examples\manage-customer-orders\.context\story-map.md
2026-07-21T03:04:38Z [pre ] skip  c:\dev\abd-context-driven-delivery\contexts\ux\story-demo\.context\module-context.md
2026-07-21T03:04:38Z [pre ] skip  c:\dev\abd-context-driven-delivery\contexts\ux\examples\manage-customer-orders\.context\thin-slice.md
2026-07-21T03:04:38Z [post] skip  c:\dev\abd-context-driven-delivery\contexts\ux\story-demo\.context\module-context.md
2026-07-21T03:04:38Z [post] skip  c:\dev\abd-context-driven-delivery\contexts\ux\examples\manage-customer-orders\.context\thin-slice.md
2026-07-21T03:04:39Z [post] skip  c:\dev\abd-context-driven-delivery\contexts\ux\story-demo\.context\module-context.md
2026-07-21T03:04:39Z [post] skip  c:\dev\abd-context-driven-delivery\contexts\ux\examples\manage-customer-orders\.context\thin-slice.md
2026-07-21T03:04:40Z [pre ] skip  c:\dev\abd-context-driven-delivery\contexts\ux\examples\manage-customer-orders\.context\thin-slice.md
2026-07-21T03:04:40Z [post] skip  c:\dev\abd-context-driven-delivery\contexts\ux\examples\manage-customer-orders\.context\thin-slice.md
2026-07-21T03:04:41Z [post] skip  c:\dev\abd-context-driven-delivery\contexts\ux\examples\manage-customer-orders\.context\thin-slice.md
2026-07-21T03:04:50Z [pre ] skip  c:\dev\abd-context-driven-delivery\contexts\ux\ux.md
2026-07-21T03:04:51Z [post] skip  c:\dev\abd-context-driven-delivery\contexts\clean_engineering
2026-07-21T03:04:51Z [post] skip  c:\dev\abd-context-driven-delivery\contexts\ux\ux.md
2026-07-21T03:04:51Z [post] skip  c:\dev\abd-context-driven-delivery\contexts\stories
2026-07-21T03:05:01Z [pre ] skip  c:\dev\abd-context-driven-delivery\contexts\stories\stories.md
2026-07-21T03:05:01Z [pre ] skip  c:\dev\abd-context-driven-delivery\contexts\clean_engineering\clean_engineering.md
2026-07-21T03:05:01Z [pre ] skip  c:\dev\abd-context-driven-delivery\contexts\ux\examples\shopping_cart\shopping-cart.js
2026-07-21T03:05:02Z [post] skip  c:\dev\abd-context-driven-delivery\contexts\stories\stories.md
2026-07-21T03:05:02Z [post] skip  c:\dev\abd-context-driven-delivery\contexts\stories
2026-07-21T03:05:02Z [read] skip  c:\dev\abd-context-driven-delivery\contexts\ux\examples\shopping_cart\shopping-cart.js
2026-07-21T03:05:02Z [post] skip  c:\dev\abd-context-driven-delivery\contexts\clean_engineering\clean_engineering.md
2026-07-21T03:05:02Z [post] skip  c:\dev\abd-context-driven-delivery\contexts\ux\examples\shopping_cart\shopping-cart.js
2026-07-21T03:05:14Z [post] skip  c:\dev\abd-context-driven-delivery\contexts
x\story-demo
2026-07-21T03:05:21Z [pre ] skip  c:\dev\abd-context-driven-delivery\contexts\ux\examples\README.md
2026-07-21T03:05:21Z [post] skip  c:\dev\abd-context-driven-delivery\contexts\ux\story-demo\run.mjs
2026-07-21T03:05:22Z [post] skip  c:\dev\abd-context-driven-delivery\contexts\ux\story-demo\run.mjs
2026-07-21T03:05:22Z [post] skip  c:\dev\abd-context-driven-delivery\contexts\ux\examples\README.md
2026-07-21T03:05:22Z [post] skip  c:\dev\abd-context-driven-delivery\contexts\ux\examples\README.md
2026-07-21T03:06:19Z [pre ] skip  c:\dev\abd-context-driven-delivery\contexts\ux\examples\shopping_cart\shopping-cart.js
2026-07-21T03:06:19Z [pre ] skip  c:\dev\abd-context-driven-delivery\contexts\clean_engineering\clean_engineering.md
2026-07-21T03:06:19Z [pre ] skip  c:\dev\abd-context-driven-delivery\contexts\stories\stories.md
2026-07-21T03:06:20Z [read] skip  c:\dev\abd-context-driven-delivery\contexts\ux\examples\shopping_cart\shopping-cart.js
2026-07-21T03:06:20Z [read] skip  c:\dev\abd-context-driven-delivery\contexts\stories\stories.md
2026-07-21T03:06:20Z [post] skip  c:\dev\abd-context-driven-delivery\contexts\clean_engineering\clean_engineering.md
2026-07-21T03:06:20Z [post] skip  c:\dev\abd-context-driven-delivery\contexts\ux\examples\shopping_cart\shopping-cart.js
2026-07-21T03:06:20Z [post] skip  c:\dev\abd-context-driven-delivery\contexts\stories\stories.md
2026-07-21T03:06:57Z [pre ] skip  c:\dev\abd-context-driven-delivery\contexts\clean_engineering\clean_engineering.md
2026-07-21T03:06:58Z [post] skip  c:\dev\abd-context-driven-delivery\contexts\clean_engineering\clean_engineering.md
2026-07-21T03:06:58Z [post] skip  c:\dev\abd-context-driven-delivery\contexts\clean_engineering
2026-07-21T03:07:02Z [pre ] skip  c:\dev\abd-context-driven-delivery\contexts\clean_engineering\clean_engineering.md
2026-07-21T03:07:03Z [read] skip  c:\dev\abd-context-driven-delivery\contexts\clean_engineering\clean_engineering.md
2026-07-21T03:07:04Z [post] skip  c:\dev\abd-context-driven-delivery\contexts\clean_engineering\clean_engineering.md
2026-07-21T03:08:16Z [post] skip  c:\dev\abd-context-driven-delivery\contexts\clean_engineering
2026-07-21T03:08:16Z [post] skip  c:\dev\abd-context-driven-delivery\contexts
2026-07-21T03:08:16Z [post] skip  c:\dev\abd-context-driven-delivery\contexts\ux
2026-07-21T03:08:19Z [pre ] skip  c:\dev\abd-context-driven-delivery\contexts\clean_engineering\contexts.md
2026-07-21T03:08:19Z [read] skip  c:\dev\abd-context-driven-delivery\contexts\clean_engineering\contexts.md
2026-07-21T03:08:19Z [post] skip  c:\dev\abd-context-driven-delivery\contexts\ux
2026-07-21T03:08:19Z [post] skip  c:\dev\abd-context-driven-delivery\contexts\clean_engineering
2026-07-21T03:08:20Z [post] skip  c:\dev\abd-context-driven-delivery\contexts\clean_engineering\contexts.md
2026-07-21T03:08:30Z [pre ] skip  c:\dev\abd-context-driven-delivery\contexts\clean_engineering\clean_engineering.md
2026-07-21T03:08:31Z [read] skip  c:\dev\abd-context-driven-delivery\contexts\clean_engineering\clean_engineering.md
2026-07-21T03:08:31Z [post] skip  c:\dev\abd-context-driven-delivery\contexts\stories
2026-07-21T03:08:31Z [post] skip  c:\dev\abd-skills
2026-07-21T03:08:31Z [post] skip  c:\dev\abd-context-driven-delivery\contexts\clean_engineering\clean_engineering.md
2026-07-21T03:08:41Z [pre ] skip  c:\dev\abd-context-driven-delivery\contexts\clean_engineering\contexts.md
2026-07-21T03:08:42Z [read] skip  c:\dev\abd-context-driven-delivery\contexts\clean_engineering\contexts.md
2026-07-21T03:08:47Z [pre ] skip  c:\dev\abd-context-driven-delivery\contexts\clean_engineering\clean_engineering.md
2026-07-21T03:08:48Z [post] skip  c:\dev\abd-context-driven-delivery\contexts\clean_engineering\contexts.md
2026-07-21T03:08:49Z [pre ] skip  c:\dev\abd-context-driven-delivery\contexts\ux\ux.md
2026-07-21T03:08:49Z [read] skip  c:\dev\abd-context-driven-delivery\contexts\clean_engineering\clean_engineering.md
2026-07-21T03:08:49Z [pre ] skip  c:\dev\abd-context-driven-delivery\contexts\clean_engineering\contexts.md
2026-07-21T03:08:50Z [post] skip  c:\dev\abd-context-driven-delivery\contexts\clean_engineering\clean_engineering.md
2026-07-21T03:08:50Z [post] skip  c:\dev\abd-context-driven-delivery\contexts\ux\ux.md
2026-07-21T03:08:50Z [pre ] skip  c:\dev\abd-context-driven-delivery\contexts\ux\.context\grill-answers.md
2026-07-21T03:08:51Z [post] skip  c:\dev\abd-context-driven-delivery\contexts\clean_engineering\contexts.md
2026-07-21T03:08:51Z [post] skip  c:\dev\abd-context-driven-delivery\contexts\ux\ux.md
2026-07-21T03:08:51Z [pre ] skip  c:\dev\abd-context-driven-delivery\contexts\clean_engineering\clean_engineering.md
2026-07-21T03:08:51Z [read] skip  c:\dev\abd-context-driven-delivery\contexts\ux\.context\grill-answers.md
2026-07-21T03:08:52Z [post] skip  c:\dev\abd-context-driven-delivery\contexts\clean_engineering\contexts.md
2026-07-21T03:08:52Z [post] skip  c:\dev\abd-context-driven-delivery\contexts\ux\.context\grill-answers.md
2026-07-21T03:08:52Z [post] skip  c:\dev\abd-context-driven-delivery\contexts\clean_engineering\clean_engineering.md
2026-07-21T03:08:52Z [pre ] skip  c:\dev\abd-context-driven-delivery\contexts\ux\ux.md
2026-07-21T03:08:53Z [post] skip  c:\dev\abd-context-driven-delivery\contexts\clean_engineering\clean_engineering.md
2026-07-21T03:08:53Z [post] skip  c:\dev\abd-context-driven-delivery\contexts\ux\ux.md
2026-07-21T03:08:53Z [post] skip  c:\dev\abd-context-driven-delivery\contexts\ux\ux.md
2026-07-21T03:08:57Z [pre ] skip  c:\dev\abd-context-driven-delivery\contexts\ux\.context\grill-answers.md
2026-07-21T03:08:58Z [read] skip  c:\dev\abd-context-driven-delivery\contexts\ux\.context\grill-answers.md
2026-07-21T03:08:58Z [post] skip  c:\dev\abd-context-driven-delivery\contexts\ux\.context\grill-answers.md
2026-07-21T03:08:59Z [pre ] skip  c:\dev\abd-context-driven-delivery\contexts\ux\.context\grill-answers.md
2026-07-21T03:09:00Z [post] skip  c:\dev\abd-context-driven-delivery\contexts\ux\.context\grill-answers.md
2026-07-21T03:09:00Z [post] skip  c:\dev\abd-context-driven-delivery\contexts\ux
2026-07-21T03:09:00Z [post] skip  c:\dev\abd-context-driven-delivery\contexts\ux\.context\grill-answers.md
2026-07-21T03:09:00Z [post] skip  c:\dev\abd-context-driven-delivery\contexts\ux
2026-07-21T03:09:01Z [pre ] skip  c:\dev\abd-context-driven-delivery\contexts\ux\.context\grill-answers.md
2026-07-21T03:09:02Z [post] skip  c:\dev\abd-context-driven-delivery\contexts\ux\.context\grill-answers.md
2026-07-21T03:09:02Z [post] skip  c:\dev\abd-context-driven-delivery\contexts\ux\.context\grill-answers.md
2026-07-21T03:09:04Z [pre ] skip  c:\dev\abd-context-driven-delivery\contexts\ux\sketch-template.md
2026-07-21T03:09:05Z [read] skip  c:\dev\abd-context-driven-delivery\contexts\ux\sketch-template.md
2026-07-21T03:09:05Z [post] skip  c:\dev\abd-context-driven-delivery\contexts\ux\sketch-template.md
2026-07-21T03:09:06Z [pre ] skip  c:\dev\abd-context-driven-delivery\contexts\ux\sketch-template.md
2026-07-21T03:09:06Z [post] skip  c:\dev\abd-context-driven-delivery\contexts\ux
2026-07-21T03:09:06Z [post] skip  c:\dev\abd-context-driven-delivery\contexts\ux\sketch-template.md
2026-07-21T03:09:07Z [post] skip  c:\dev\abd-context-driven-delivery\contexts\ux\sketch-template.md
2026-07-21T03:09:08Z [pre ] skip  c:\dev\abd-context-driven-delivery\contexts\ux\sketch-template.md
2026-07-21T03:09:08Z [post] skip  c:\dev\abd-context-driven-delivery\contexts\ux\sketch-template.md
2026-07-21T03:09:09Z [post] skip  c:\dev\abd-context-driven-delivery\contexts\ux\sketch-template.md
2026-07-21T03:09:12Z [pre ] FIRED  c:\dev\abd-context-driven-delivery\contexts\ux\ux.py  — 4 manifest line(s)
2026-07-21T03:09:13Z [read] FIRED  c:\dev\abd-context-driven-delivery\contexts\ux\ux.py  — 4 manifest line(s)
2026-07-21T03:09:14Z [post] FIRED  c:\dev\abd-context-driven-delivery\contexts\ux\ux.py  — 4 manifest line(s)
2026-07-21T03:09:31Z [post] skip  c:\dev\abd-context-driven-delivery
2026-07-21T03:09:38Z [post] skip  c:\dev\abd-context-driven-delivery\primitives
2026-07-21T03:09:38Z [post] skip  c:\dev\abd-context-driven-delivery
2026-07-21T03:09:41Z [post] skip  c:\dev\abd-context-driven-delivery
2026-07-21T03:09:48Z [pre ] FIRED  c:\dev\abd-context-driven-delivery\contexts\base\context.py  — 1 manifest line(s)
2026-07-21T03:09:48Z [post] skip  c:\dev\abd-context-driven-delivery\primitives\tools
2026-07-21T03:09:49Z [read] FIRED  c:\dev\abd-context-driven-delivery\contexts\base\context.py  — 1 manifest line(s)
2026-07-21T03:09:50Z [post] FIRED  c:\dev\abd-context-driven-delivery\contexts\base\context.py  — 1 manifest line(s)
