2026-07-14T04:11:44Z [post] FIRED  C:\dev\abd-context-driven-delivery\ooad\ooad.py  — 5 manifest line(s)
2026-07-14T04:18:37Z [post] FIRED  C:\dev\abd-context-driven-delivery\ooad\ooad.py  — 5 manifest line(s)
2026-07-14T04:22:06Z [post] FIRED  C:\dev\abd-context-driven-delivery\ooad\ooad.py  — 5 manifest line(s)
2026-07-14T04:38:55Z [pre ] FIRED  C:\dev\abd-context-driven-delivery\ooad\ooad.py  — 5 manifest line(s)
2026-07-14T04:42:59Z [post] FIRED  C:\dev\abd-context-driven-delivery\ooad\ooad.py  — 5 manifest line(s)
2026-07-14T04:45:04Z [post] skip  c:\dev\abd-context-driven-delivery\hooks\manifest_gate.py
2026-07-14T04:45:05Z [post] skip  c:\dev\abd-context-driven-delivery\hooks\manifest_gate.py
2026-07-14T04:45:10Z [pre ] FIRED  c:\dev\abd-context-driven-delivery\ooad\ooad.py  — 5 manifest line(s)
2026-07-14T04:45:11Z [post] FIRED  c:\dev\abd-context-driven-delivery\ooad\ooad.py  — 5 manifest line(s)
2026-07-14T04:45:12Z [post] FIRED  c:\dev\abd-context-driven-delivery\ooad\ooad.py  — 5 manifest line(s)
2026-07-14T04:45:19Z [post] skip  c:\dev\abd-context-driven-delivery
2026-07-14T04:45:19Z [post] skip  c:\dev\abd-context-driven-delivery
2026-07-14T04:45:23Z [post] skip  c:\dev\abd-context-driven-delivery
2026-07-14T04:45:29Z [pre ] skip  c:\dev\abd-context-driven-delivery\hooks\manifest_gate.debug
2026-07-14T04:45:30Z [read] skip  c:\dev\abd-context-driven-delivery\hooks\manifest_gate.debug
2026-07-14T04:45:30Z [post] skip  c:\dev\abd-context-driven-delivery\hooks\manifest_gate.debug
2026-07-14T04:45:54Z [pre ] FIRED  c:\dev\abd-context-driven-delivery\ooad\ooad.py  — 5 manifest line(s)
2026-07-14T04:45:54Z [post] FIRED  c:\dev\abd-context-driven-delivery\ooad\ooad.py  — 5 manifest line(s)
2026-07-14T04:45:54Z [pre ] FIRED  c:\dev\abd-context-driven-delivery\generator\generator.py  — 4 manifest line(s)
2026-07-14T04:45:55Z [post] skip  c:\dev\abd-context-driven-delivery\ooad\ooad.py  — manifest ran but produced no output
2026-07-14T04:45:55Z [post] skip  c:\dev\abd-context-driven-delivery\generator\generator.py  — manifest ran but produced no output
2026-07-14T04:45:56Z [post] skip  c:\dev\abd-context-driven-delivery\generator\generator.py  — manifest ran but produced no output
2026-07-14T04:46:00Z [pre ] skip  c:\dev\abd-context-driven-delivery\generator\generator.py  — manifest ran but produced no output
2026-07-14T04:46:01Z [post] FIRED  c:\dev\abd-context-driven-delivery\generator\generator.py  — 4 manifest line(s)
2026-07-14T04:46:02Z [post] FIRED  c:\dev\abd-context-driven-delivery\generator\generator.py  — 4 manifest line(s)
2026-07-14T04:46:09Z [pre ] FIRED  c:\dev\abd-context-driven-delivery\ooad\ooad.py  — 5 manifest line(s)
2026-07-14T04:46:10Z [post] FIRED  c:\dev\abd-context-driven-delivery\ooad\ooad.py  — 5 manifest line(s)
2026-07-14T04:46:11Z [post] FIRED  c:\dev\abd-context-driven-delivery\ooad\ooad.py  — 5 manifest line(s)
2026-07-14T04:46:13Z [post] skip  c:\dev\abd-context-driven-delivery
2026-07-14T04:46:14Z [post] skip  c:\dev\abd-context-driven-delivery
2026-07-14T04:46:14Z [post] skip  c:\dev\abd-context-driven-delivery
2026-07-14T04:46:17Z [pre ] FIRED  c:\dev\abd-context-driven-delivery\grill_context\grill_context.py  — 1 manifest line(s)
2026-07-14T04:46:17Z [pre ] FIRED  c:\dev\abd-context-driven-delivery\sketch\sketch.py  — 1 manifest line(s)
2026-07-14T04:46:18Z [read] FIRED  c:\dev\abd-context-driven-delivery\grill_context\grill_context.py  — 1 manifest line(s)
2026-07-14T04:46:18Z [read] FIRED  c:\dev\abd-context-driven-delivery\sketch\sketch.py  — 1 manifest line(s)
2026-07-14T04:46:19Z [post] FIRED  c:\dev\abd-context-driven-delivery\grill_context\grill_context.py  — 1 manifest line(s)
2026-07-14T04:46:29Z [pre ] skip  c:\dev\abd-context-driven-delivery\hooks\manifest_gate.py
2026-07-14T04:46:29Z [post] skip  c:\dev\abd-context-driven-delivery\hooks\manifest_gate.py
2026-07-14T04:46:30Z [post] skip  c:\dev\abd-context-driven-delivery\hooks\manifest_gate.py
2026-07-14T04:46:34Z [pre ] skip  c:\dev\abd-context-driven-delivery\hooks\manifest_gate_spec.py
2026-07-14T04:46:34Z [read] skip  c:\dev\abd-context-driven-delivery\hooks\manifest_gate_spec.py
2026-07-14T04:46:34Z [post] skip  c:\dev\abd-context-driven-delivery\hooks\manifest_gate_spec.py
2026-07-14T04:46:39Z [pre ] skip  c:\dev\abd-context-driven-delivery\hooks\manifest_gate_spec.py
2026-07-14T04:46:40Z [read] skip  c:\dev\abd-context-driven-delivery\hooks\manifest_gate_spec.py
2026-07-14T04:46:40Z [post] skip  c:\dev\abd-context-driven-delivery\hooks\manifest_gate_spec.py
2026-07-14T04:46:41Z [pre ] skip  c:\dev\abd-context-driven-delivery\hooks\manifest_gate_spec.py
2026-07-14T04:46:42Z [post] skip  c:\dev\abd-context-driven-delivery\hooks\manifest_gate_spec.py
2026-07-14T04:46:42Z [post] skip  c:\dev\abd-context-driven-delivery\hooks\manifest_gate_spec.py
2026-07-14T04:46:49Z [pre ] skip  c:\dev\abd-context-driven-delivery\hooks\manifest_gate_spec.py
2026-07-14T04:46:49Z [post] skip  c:\dev\abd-context-driven-delivery\hooks\manifest_gate_spec.py
2026-07-14T04:46:50Z [post] skip  c:\dev\abd-context-driven-delivery\hooks\manifest_gate_spec.py
2026-07-14T04:47:00Z [pre ] skip  c:\dev\abd-context-driven-delivery\hooks\manifest_gate_spec.py
2026-07-14T04:47:00Z [post] skip  c:\dev\abd-context-driven-delivery\hooks\manifest_gate_spec.py
2026-07-14T04:47:01Z [post] skip  c:\dev\abd-context-driven-delivery\hooks\manifest_gate_spec.py
2026-07-14T04:47:15Z [post] FIRED  C:\Users\thoma\AppData\Local\Temp\tmpmpxdcgjg.py  — 2 manifest line(s)
2026-07-14T04:47:15Z [post] skip  C:\Users\thoma\AppData\Local\Temp\tmpkl540mxd.py
2026-07-14T04:47:15Z [post] FIRED  C:\Users\thoma\AppData\Local\Temp\tmp2zcxrrgk.py  — 2 manifest line(s)
2026-07-14T04:47:15Z [pre ] FIRED  C:\Users\thoma\AppData\Local\Temp\tmpepf668vi.py  — 2 manifest line(s)
2026-07-14T04:47:15Z [pre ] skip  C:\Users\thoma\AppData\Local\Temp\tmp6j224to8.py
2026-07-14T04:47:30Z [pre ] skip  c:\dev\abd-context-driven-delivery\hooks\manifest_gate_spec.py
2026-07-14T04:47:31Z [post] skip  c:\dev\abd-context-driven-delivery\hooks\manifest_gate_spec.py
2026-07-14T04:47:31Z [post] skip  c:\dev\abd-context-driven-delivery\hooks\manifest_gate_spec.py
2026-07-14T04:47:36Z [post] FIRED  C:\Users\thoma\AppData\Local\Temp\tmp6a1fq5jq.py  — 2 manifest line(s)
2026-07-14T04:47:36Z [post] skip  C:\Users\thoma\AppData\Local\Temp\tmpv50w52tf.py
2026-07-14T04:47:36Z [post] FIRED  C:\Users\thoma\AppData\Local\Temp\tmp5tftoycv.py  — 2 manifest line(s)
2026-07-14T04:47:36Z [pre ] FIRED  C:\Users\thoma\AppData\Local\Temp\tmpyremfz20.py  — 2 manifest line(s)
2026-07-14T04:47:36Z [pre ] skip  C:\Users\thoma\AppData\Local\Temp\tmpx5iklm76.py
2026-07-14T04:47:51Z [pre ] skip  c:\dev\abd-context-driven-delivery\hooks\manifest_gate.py
2026-07-14T04:47:52Z [post] skip  c:\dev\abd-context-driven-delivery\hooks\manifest_gate.py
2026-07-14T04:47:52Z [post] skip  c:\dev\abd-context-driven-delivery\hooks\manifest_gate.py
2026-07-14T04:48:03Z [pre ] skip  c:\dev\abd-context-driven-delivery\hooks\manifest_gate_spec.py
2026-07-14T04:48:03Z [post] skip  c:\dev\abd-context-driven-delivery\hooks\manifest_gate_spec.py
2026-07-14T04:48:04Z [post] skip  c:\dev\abd-context-driven-delivery\hooks\manifest_gate_spec.py
2026-07-14T04:48:09Z [post] FIRED  C:\Users\thoma\AppData\Local\Temp\tmpku1x5qet.py  — 2 manifest line(s)
2026-07-14T04:48:09Z [post] skip  C:\Users\thoma\AppData\Local\Temp\tmpccz6v7kw.py
2026-07-14T04:48:09Z [post] FIRED  C:\Users\thoma\AppData\Local\Temp\tmppmvyxk_a.py  — 2 manifest line(s)
2026-07-14T04:48:09Z [pre ] FIRED  C:\Users\thoma\AppData\Local\Temp\tmpwhceji56.py  — 2 manifest line(s)
2026-07-14T04:48:09Z [pre ] skip  C:\Users\thoma\AppData\Local\Temp\tmpkx_280g5.py
2026-07-14T04:48:45Z [pre ] FIRED  c:\dev\abd-context-driven-delivery\ooad\ooad.py  — 5 manifest line(s)
2026-07-14T04:48:46Z [post] FIRED  c:\dev\abd-context-driven-delivery\ooad\ooad.py  — 5 manifest line(s)
2026-07-14T04:48:47Z [post] FIRED  c:\dev\abd-context-driven-delivery\ooad\ooad.py  — 5 manifest line(s)
2026-07-14T04:48:57Z [pre ] FIRED  c:\dev\abd-context-driven-delivery\ooad\ooad.py  — 5 manifest line(s)
2026-07-14T04:48:58Z [post] FIRED  c:\dev\abd-context-driven-delivery\ooad\ooad.py  — 5 manifest line(s)
2026-07-14T04:49:00Z [post] FIRED  c:\dev\abd-context-driven-delivery\ooad\ooad.py  — 5 manifest line(s)
2026-07-14T04:58:44Z [post] skip  c:\dev\abd-context-driven-delivery
2026-07-14T04:59:10Z [post] skip  c:\dev\abd-context-driven-delivery
2026-07-14T04:59:11Z [post] skip  c:\dev\abd-context-driven-delivery
2026-07-14T04:59:13Z [pre ] skip  c:\dev\abd-context-driven-delivery\action\examples\chained_demo.py
2026-07-14T04:59:13Z [read] skip  c:\dev\abd-context-driven-delivery\action\examples\chained_demo.py
2026-07-14T04:59:14Z [post] skip  c:\dev\abd-context-driven-delivery\action\examples\chained_demo.py
2026-07-14T04:59:59Z [pre ] FIRED  c:\dev\abd-context-driven-delivery\action\action.py  — 5 manifest line(s)
2026-07-14T05:00:00Z [post] FIRED  c:\dev\abd-context-driven-delivery\action\action.py  — 5 manifest line(s)
2026-07-14T05:00:01Z [post] FIRED  c:\dev\abd-context-driven-delivery\action\action.py  — 5 manifest line(s)
2026-07-14T05:00:07Z [pre ] FIRED  c:\dev\abd-context-driven-delivery\action\action.py  — 5 manifest line(s)
2026-07-14T05:00:08Z [post] FIRED  c:\dev\abd-context-driven-delivery\action\action.py  — 5 manifest line(s)
2026-07-14T05:00:09Z [post] FIRED  c:\dev\abd-context-driven-delivery\action\action.py  — 5 manifest line(s)
2026-07-14T05:00:17Z [pre ] FIRED  c:\dev\abd-context-driven-delivery\action\action.py  — 5 manifest line(s)
2026-07-14T05:00:18Z [post] FIRED  c:\dev\abd-context-driven-delivery\action\action.py  — 5 manifest line(s)
2026-07-14T05:00:19Z [post] FIRED  c:\dev\abd-context-driven-delivery\action\action.py  — 5 manifest line(s)
2026-07-14T05:00:32Z [pre ] FIRED  c:\dev\abd-context-driven-delivery\action\action.py  — 5 manifest line(s)
2026-07-14T05:00:33Z [post] FIRED  c:\dev\abd-context-driven-delivery\action\action.py  — 5 manifest line(s)
2026-07-14T05:00:34Z [post] FIRED  c:\dev\abd-context-driven-delivery\action\action.py  — 5 manifest line(s)
2026-07-14T05:00:44Z [pre ] FIRED  c:\dev\abd-context-driven-delivery\action\action.py  — 5 manifest line(s)
2026-07-14T05:00:45Z [post] FIRED  c:\dev\abd-context-driven-delivery\action\action.py  — 5 manifest line(s)
2026-07-14T05:00:46Z [post] FIRED  c:\dev\abd-context-driven-delivery\action\action.py  — 5 manifest line(s)
2026-07-14T05:00:59Z [pre ] skip  c:\dev\abd-context-driven-delivery\action\examples\chained_demo.py
2026-07-14T05:00:59Z [read] skip  c:\dev\abd-context-driven-delivery\action\examples\chained_demo.py
2026-07-14T05:01:00Z [post] skip  c:\dev\abd-context-driven-delivery\action\examples\chained_demo.py
2026-07-14T05:01:00Z [pre ] skip  c:\dev\abd-context-driven-delivery\action\examples\chained_demo.py
2026-07-14T05:01:01Z [post] skip  c:\dev\abd-context-driven-delivery\action\examples\chained_demo.py
2026-07-14T05:01:01Z [post] skip  c:\dev\abd-context-driven-delivery\action\examples\chained_demo.py
2026-07-14T05:01:41Z [post] skip  c:\dev\abd-context-driven-delivery
2026-07-14T05:03:03Z [pre ] FIRED  c:\dev\abd-context-driven-delivery\action\action.py  — 5 manifest line(s)
2026-07-14T05:03:04Z [post] FIRED  c:\dev\abd-context-driven-delivery\action\action.py  — 5 manifest line(s)
2026-07-14T05:03:05Z [post] FIRED  c:\dev\abd-context-driven-delivery\action\action.py  — 5 manifest line(s)
2026-07-14T05:03:14Z [pre ] skip  c:\dev\abd-context-driven-delivery\action\examples\chained_demo.py
2026-07-14T05:03:14Z [post] skip  c:\dev\abd-context-driven-delivery\action\examples\chained_demo.py
2026-07-14T05:03:15Z [post] skip  c:\dev\abd-context-driven-delivery\action\examples\chained_demo.py
2026-07-14T05:03:23Z [pre ] skip  c:\dev\abd-context-driven-delivery\action\examples\chained_demo.py
2026-07-14T05:03:23Z [post] skip  c:\dev\abd-context-driven-delivery\action\examples\chained_demo.py
2026-07-14T05:03:24Z [post] skip  c:\dev\abd-context-driven-delivery\action\examples\chained_demo.py
2026-07-14T05:03:27Z [pre ] skip  c:\dev\abd-context-driven-delivery\action\action_spec.py
2026-07-14T05:03:28Z [post] skip  c:\dev\abd-context-driven-delivery\action\action_spec.py
2026-07-14T05:03:28Z [post] skip  c:\dev\abd-context-driven-delivery\action\action_spec.py
2026-07-14T05:03:37Z [pre ] skip  c:\dev\abd-context-driven-delivery\action\action_spec.py
2026-07-14T05:03:38Z [post] skip  c:\dev\abd-context-driven-delivery\action\action_spec.py
2026-07-14T05:03:38Z [post] skip  c:\dev\abd-context-driven-delivery\action\action_spec.py
2026-07-14T05:04:20Z [pre ] FIRED  c:\dev\abd-context-driven-delivery\ooad\ooad.py  — 5 manifest line(s)
2026-07-14T05:04:21Z [post] FIRED  c:\dev\abd-context-driven-delivery\ooad\ooad.py  — 5 manifest line(s)
2026-07-14T05:04:22Z [post] FIRED  c:\dev\abd-context-driven-delivery\ooad\ooad.py  — 5 manifest line(s)
2026-07-14T05:05:15Z [post] skip  c:\dev\abd-context-driven-delivery
2026-07-14T05:05:18Z [pre ] FIRED  c:\dev\abd-context-driven-delivery\generator\examples\car_chronicle\car_chronicle.py  — 2 manifest line(s)
2026-07-14T05:05:19Z [read] FIRED  c:\dev\abd-context-driven-delivery\generator\examples\car_chronicle\car_chronicle.py  — 2 manifest line(s)
2026-07-14T05:05:19Z [post] FIRED  c:\dev\abd-context-driven-delivery\generator\examples\car_chronicle\car_chronicle.py  — 2 manifest line(s)
2026-07-14T05:05:50Z [post] skip  c:\dev\abd-context-driven-delivery
2026-07-14T05:07:47Z [post] skip  c:\dev\abd-context-driven-delivery
2026-07-14T05:08:12Z [pre ] skip  c:\dev\abd-context-driven-delivery\generator\examples\car_chronicle\car-chronicle-template.md
2026-07-14T05:08:12Z [pre ] skip  c:\dev\abd-context-driven-delivery\generator\examples\car_chronicle\car-chronicle.md
2026-07-14T05:08:12Z [read] skip  c:\dev\abd-context-driven-delivery\generator\examples\car_chronicle\car-chronicle-template.md
2026-07-14T05:08:13Z [read] skip  c:\dev\abd-context-driven-delivery\generator\examples\car_chronicle\car-chronicle.md
2026-07-14T05:08:13Z [post] skip  c:\dev\abd-context-driven-delivery\generator\examples\car_chronicle\car-chronicle-template.md
2026-07-14T05:08:13Z [post] skip  c:\dev\abd-context-driven-delivery\generator\examples\car_chronicle\car-chronicle.md
2026-07-14T05:11:03Z [pre ] FIRED  c:\dev\abd-context-driven-delivery\generator\generator.py  — 4 manifest line(s)
2026-07-14T05:11:04Z [post] FIRED  c:\dev\abd-context-driven-delivery\generator\generator.py  — 4 manifest line(s)
2026-07-14T05:11:05Z [post] FIRED  c:\dev\abd-context-driven-delivery\generator\generator.py  — 4 manifest line(s)
2026-07-14T05:11:09Z [pre ] FIRED  c:\dev\abd-context-driven-delivery\generator\generator.py  — 4 manifest line(s)
2026-07-14T05:11:10Z [post] FIRED  c:\dev\abd-context-driven-delivery\generator\generator.py  — 4 manifest line(s)
2026-07-14T05:11:11Z [post] FIRED  c:\dev\abd-context-driven-delivery\generator\generator.py  — 4 manifest line(s)
2026-07-14T13:39:20Z [post] skip  c:\dev\abd-context-driven-delivery
2026-07-14T13:40:26Z [pre ] skip  c:\dev\abd-context-driven-delivery\ooad\fidelities\language-generate.md
2026-07-14T13:40:27Z [read] skip  c:\dev\abd-context-driven-delivery\ooad\fidelities\language-generate.md
2026-07-14T13:40:27Z [post] skip  c:\dev\abd-context-driven-delivery\ooad\fidelities\language-generate.md
2026-07-14T13:40:46Z [pre ] skip  c:\dev\abd-context-driven-delivery\ooad\ooad_spec.py
2026-07-14T13:40:46Z [read] skip  c:\dev\abd-context-driven-delivery\ooad\ooad_spec.py
2026-07-14T13:40:47Z [post] skip  c:\dev\abd-context-driven-delivery\ooad\ooad_spec.py
2026-07-14T13:40:50Z [pre ] skip  c:\dev\abd-context-driven-delivery\ooad\ooad_spec.py
2026-07-14T13:40:50Z [read] skip  c:\dev\abd-context-driven-delivery\ooad\ooad_spec.py
2026-07-14T13:40:51Z [post] skip  c:\dev\abd-context-driven-delivery\ooad\ooad_spec.py
2026-07-14T13:41:00Z [pre ] skip  c:\dev\abd-context-driven-delivery\ooad\fidelities\model-generate.md
2026-07-14T13:41:00Z [read] skip  c:\dev\abd-context-driven-delivery\ooad\fidelities\model-generate.md
2026-07-14T13:41:01Z [post] skip  c:\dev\abd-context-driven-delivery\ooad\fidelities\model-generate.md
2026-07-14T13:41:46Z [post] skip  c:\dev\abd-context-driven-delivery
2026-07-14T13:48:06Z [post] skip  c:\dev\abd-context-driven-delivery
2026-07-14T13:48:09Z [pre ] skip  c:\dev\abd-context-driven-delivery\ooad\ooad.md
2026-07-14T13:48:09Z [read] skip  c:\dev\abd-context-driven-delivery\ooad\ooad.md
2026-07-14T13:48:09Z [post] skip  c:\dev\abd-context-driven-delivery\ooad\ooad.md
2026-07-14T13:48:47Z [pre ] FIRED  c:\dev\abd-context-driven-delivery\primitives\asset.py  — 3 manifest line(s)
2026-07-14T13:48:48Z [post] FIRED  c:\dev\abd-context-driven-delivery\primitives\asset.py  — 3 manifest line(s)
2026-07-14T13:48:48Z [post] FIRED  c:\dev\abd-context-driven-delivery\primitives\asset.py  — 3 manifest line(s)
2026-07-14T13:50:37Z [pre ] FIRED  c:\dev\abd-context-driven-delivery\primitives\asset.py  — 3 manifest line(s)
2026-07-14T13:50:37Z [post] FIRED  c:\dev\abd-context-driven-delivery\primitives\asset.py  — 3 manifest line(s)
2026-07-14T13:50:38Z [post] FIRED  c:\dev\abd-context-driven-delivery\primitives\asset.py  — 3 manifest line(s)
2026-07-14T13:52:28Z [post] skip  c:\dev\abd-context-driven-delivery\generator
2026-07-14T13:52:28Z [post] skip  c:\dev\abd-context-driven-delivery
2026-07-14T13:52:40Z [post] skip  c:\dev\abd-context-driven-delivery\generator\examples\car_chronicle
2026-07-14T13:52:44Z [post] skip  c:\dev\abd-context-driven-delivery\agent_bdd
2026-07-14T13:52:47Z [pre ] FIRED  c:\dev\abd-context-driven-delivery\agent_bdd\agent_bdd.py  — 5 manifest line(s)
2026-07-14T13:52:48Z [post] FIRED  c:\dev\abd-context-driven-delivery\agent_bdd\agent_bdd.py  — 5 manifest line(s)
2026-07-14T13:53:46Z [post] skip  c:\dev\abd-context-driven-delivery\agent_bdd
2026-07-14T13:53:50Z [pre ] skip  c:\dev\abd-context-driven-delivery\agent_bdd\agent-bdd.md
2026-07-14T13:53:51Z [post] skip  c:\dev\abd-context-driven-delivery\agent_bdd\agent-bdd.md
2026-07-14T13:53:53Z [pre ] skip  c:\dev\abd-context-driven-delivery\agent_bdd\agent-bdd.md
2026-07-14T13:53:54Z [post] skip  c:\dev\abd-context-driven-delivery\agent_bdd\agent-bdd.md
2026-07-14T13:53:56Z [pre ] skip  c:\dev\abd-context-driven-delivery\agent_bdd\agent-bdd.md
2026-07-14T13:53:57Z [read] skip  c:\dev\abd-context-driven-delivery\agent_bdd\agent-bdd.md
2026-07-14T13:53:57Z [post] skip  c:\dev\abd-context-driven-delivery\agent_bdd\agent-bdd.md
2026-07-14T13:56:08Z [pre ] FIRED  c:\dev\abd-context-driven-delivery\generator\generator.py  — 4 manifest line(s)
2026-07-14T13:56:09Z [post] skip  c:\dev\abd-context-driven-delivery\generator\generator.py  — manifest ran but produced no output
2026-07-14T13:56:10Z [post] skip  c:\dev\abd-context-driven-delivery\generator\generator.py  — manifest ran but produced no output
2026-07-14T13:56:14Z [pre ] skip  c:\dev\abd-context-driven-delivery\generator\generator.py  — manifest ran but produced no output
2026-07-14T13:56:15Z [post] FIRED  c:\dev\abd-context-driven-delivery\generator\generator.py  — 4 manifest line(s)
2026-07-14T13:56:16Z [post] FIRED  c:\dev\abd-context-driven-delivery\generator\generator.py  — 4 manifest line(s)
2026-07-14T13:56:25Z [post] skip  c:\dev\abd-context-driven-delivery
2026-07-14T13:56:25Z [post] skip  c:\dev\abd-context-driven-delivery
2026-07-14T13:56:26Z [pre ] FIRED  c:\dev\abd-context-driven-delivery\primitives\asset.py  — 3 manifest line(s)
2026-07-14T13:56:26Z [post] FIRED  c:\dev\abd-context-driven-delivery\primitives\asset.py  — 3 manifest line(s)
2026-07-14T13:56:27Z [post] FIRED  c:\dev\abd-context-driven-delivery\primitives\asset.py  — 3 manifest line(s)
2026-07-14T13:56:29Z [post] skip  c:\dev\abd-context-driven-delivery
2026-07-14T13:56:29Z [post] skip  c:\dev\abd-context-driven-delivery\generator
2026-07-14T13:56:32Z [pre ] FIRED  c:\dev\abd-context-driven-delivery\generator\examples\car_chronicle\car_chronicle.py  — 2 manifest line(s)
2026-07-14T13:56:32Z [pre ] skip  c:\dev\abd-context-driven-delivery\generator\templates\domain-toolset.py  — manifest ran but produced no output
2026-07-14T13:56:33Z [read] FIRED  c:\dev\abd-context-driven-delivery\generator\examples\car_chronicle\car_chronicle.py  — 2 manifest line(s)
2026-07-14T13:56:33Z [read] skip  c:\dev\abd-context-driven-delivery\generator\templates\domain-toolset.py  — manifest ran but produced no output
2026-07-14T13:56:33Z [post] FIRED  c:\dev\abd-context-driven-delivery\generator\examples\car_chronicle\car_chronicle.py  — 2 manifest line(s)
2026-07-14T13:56:34Z [post] skip  c:\dev\abd-context-driven-delivery\generator\templates\domain-toolset.py  — manifest ran but produced no output
2026-07-14T13:56:37Z [pre ] FIRED  c:\dev\abd-context-driven-delivery\clean_code\clean_code.py  — 5 manifest line(s)
2026-07-14T13:56:38Z [read] FIRED  c:\dev\abd-context-driven-delivery\clean_code\clean_code.py  — 5 manifest line(s)
2026-07-14T13:56:38Z [pre ] FIRED  c:\dev\abd-context-driven-delivery\ooad\ooad.py  — 5 manifest line(s)
2026-07-14T13:56:39Z [post] FIRED  c:\dev\abd-context-driven-delivery\clean_code\clean_code.py  — 5 manifest line(s)
2026-07-14T13:56:39Z [post] FIRED  c:\dev\abd-context-driven-delivery\ooad\ooad.py  — 5 manifest line(s)
2026-07-14T13:56:40Z [post] FIRED  c:\dev\abd-context-driven-delivery\ooad\ooad.py  — 5 manifest line(s)
2026-07-14T13:56:47Z [pre ] FIRED  c:\dev\abd-context-driven-delivery\ooad\ooad.py  — 5 manifest line(s)
2026-07-14T13:56:48Z [post] FIRED  c:\dev\abd-context-driven-delivery\ooad\ooad.py  — 5 manifest line(s)
2026-07-14T13:56:49Z [post] FIRED  c:\dev\abd-context-driven-delivery\ooad\ooad.py  — 5 manifest line(s)
2026-07-14T13:56:56Z [pre ] skip  c:\dev\abd-context-driven-delivery\agent_bdd\agent-bdd.md
2026-07-14T13:56:57Z [read] skip  c:\dev\abd-context-driven-delivery\agent_bdd\agent-bdd.md
2026-07-14T13:56:57Z [post] skip  c:\dev\abd-context-driven-delivery\agent_bdd\agent-bdd.md
2026-07-14T13:57:04Z [post] skip  c:\dev\abd-context-driven-delivery\agent_bdd\guide.md
2026-07-14T13:57:05Z [post] skip  c:\dev\abd-context-driven-delivery\agent_bdd\guide.md
2026-07-14T13:57:11Z [pre ] skip  c:\dev\abd-context-driven-delivery\agent_bdd\agent-bdd.md
2026-07-14T13:57:12Z [read] skip  c:\dev\abd-context-driven-delivery\agent_bdd\agent-bdd.md
2026-07-14T13:57:12Z [post] skip  c:\dev\abd-context-driven-delivery\agent_bdd\agent-bdd.md
2026-07-14T13:57:13Z [pre ] skip  c:\dev\abd-context-driven-delivery\agent_bdd\agent-bdd.md
2026-07-14T13:57:13Z [post] skip  c:\dev\abd-context-driven-delivery\agent_bdd\agent-bdd.md
2026-07-14T13:57:14Z [post] skip  c:\dev\abd-context-driven-delivery\agent_bdd\agent-bdd.md
2026-07-14T13:57:24Z [pre ] FIRED  c:\dev\abd-context-driven-delivery\agent_bdd\agent_bdd.py  — 5 manifest line(s)
2026-07-14T13:57:25Z [post] FIRED  c:\dev\abd-context-driven-delivery\agent_bdd\agent_bdd.py  — 5 manifest line(s)
2026-07-14T13:57:26Z [post] FIRED  c:\dev\abd-context-driven-delivery\agent_bdd\agent_bdd.py  — 5 manifest line(s)
2026-07-14T13:57:41Z [pre ] skip  c:\dev\abd-context-driven-delivery\agent_bdd\agent_bdd_generator_spec.py
2026-07-14T13:57:41Z [post] skip  c:\dev\abd-context-driven-delivery\agent_bdd\agent_bdd_generator_spec.py
2026-07-14T13:57:42Z [post] skip  c:\dev\abd-context-driven-delivery\agent_bdd\agent_bdd_generator_spec.py
2026-07-14T13:58:51Z [post] skip  c:\dev\abd-context-driven-delivery\_sketch_request.yaml
2026-07-14T13:58:51Z [post] skip  c:\dev\abd-context-driven-delivery\_sketch_request.yaml
2026-07-14T13:58:52Z [pre ] skip  c:\dev\abd-context-driven-delivery\generator\examples\car_chronicle\car-chronicle.md
2026-07-14T13:58:52Z [read] skip  c:\dev\abd-context-driven-delivery\generator\examples\car_chronicle\car-chronicle.md
2026-07-14T13:58:53Z [post] skip  c:\dev\abd-context-driven-delivery\generator\examples\car_chronicle\car-chronicle.md
2026-07-14T13:58:57Z [pre ] FIRED  c:\dev\abd-context-driven-delivery\generator\examples\car_chronicle\car_chronicle.py  — 2 manifest line(s)
2026-07-14T13:58:58Z [read] FIRED  c:\dev\abd-context-driven-delivery\generator\examples\car_chronicle\car_chronicle.py  — 2 manifest line(s)
2026-07-14T13:58:59Z [post] FIRED  c:\dev\abd-context-driven-delivery\generator\examples\car_chronicle\car_chronicle.py  — 2 manifest line(s)
2026-07-14T13:59:33Z [post] skip  c:\dev\abd-context-driven-delivery
2026-07-14T13:59:34Z [post] skip  c:\dev\abd-context-driven-delivery\generator
2026-07-14T13:59:36Z [pre ] skip  c:\dev\abd-context-driven-delivery\.context\sketches\manifest-gate-model.sketch.md
2026-07-14T13:59:36Z [read] skip  c:\dev\abd-context-driven-delivery\.context\sketches\manifest-gate-model.sketch.md
2026-07-14T13:59:37Z [post] skip  c:\dev\abd-context-driven-delivery\.context\sketches\manifest-gate-model.sketch.md
2026-07-14T14:00:13Z [post] skip  c:\dev\abd-context-driven-delivery\primitives
2026-07-14T14:00:32Z [post] skip  c:\dev\abd-context-driven-delivery\primitives
2026-07-14T14:00:44Z [pre ] skip  c:\dev\abd-context-driven-delivery\generator\examples\car_chronicle\car-chronicle-template.md
2026-07-14T14:00:45Z [read] skip  c:\dev\abd-context-driven-delivery\generator\examples\car_chronicle\car-chronicle-template.md
2026-07-14T14:00:45Z [post] skip  c:\dev\abd-context-driven-delivery\generator\examples\car_chronicle\car-chronicle-template.md
2026-07-14T14:00:47Z [pre ] skip  c:\dev\abd-context-driven-delivery\_sketch_request.yaml
2026-07-14T14:00:47Z [post] skip  c:\dev\abd-context-driven-delivery\_sketch_request.yaml
2026-07-14T14:00:48Z [post] skip  c:\dev\abd-context-driven-delivery\_sketch_request.yaml
2026-07-14T14:01:01Z [pre ] skip  c:\dev\abd-context-driven-delivery\_scan_request.yaml
2026-07-14T14:01:02Z [pre ] skip  c:\dev\abd-context-driven-delivery\_validate_request.yaml
2026-07-14T14:01:02Z [read] skip  c:\dev\abd-context-driven-delivery\_scan_request.yaml
2026-07-14T14:01:02Z [read] skip  c:\dev\abd-context-driven-delivery\_validate_request.yaml
2026-07-14T14:01:02Z [post] skip  c:\dev\abd-context-driven-delivery\_scan_request.yaml
2026-07-14T14:01:03Z [post] skip  c:\dev\abd-context-driven-delivery\_validate_request.yaml
2026-07-14T14:01:11Z [pre ] skip  c:\dev\abd-context-driven-delivery\_sketch_request.yaml
2026-07-14T14:01:11Z [post] skip  c:\dev\abd-context-driven-delivery\_sketch_request.yaml
2026-07-14T14:01:12Z [post] skip  c:\dev\abd-context-driven-delivery\_sketch_request.yaml
2026-07-14T14:01:43Z [pre ] skip  c:\dev\abd-context-driven-delivery\tools\cli.py
2026-07-14T14:01:43Z [read] skip  c:\dev\abd-context-driven-delivery\tools\cli.py
2026-07-14T14:01:44Z [post] skip  c:\dev\abd-context-driven-delivery\tools\cli.py
2026-07-14T14:01:44Z [post] skip  c:\dev\abd-context-driven-delivery\agent_bdd
2026-07-14T14:01:49Z [pre ] skip  c:\dev\abd-context-driven-delivery\agent_bdd\__init__.py
2026-07-14T14:01:49Z [read] skip  c:\dev\abd-context-driven-delivery\agent_bdd\__init__.py
2026-07-14T14:01:50Z [post] skip  c:\dev\abd-context-driven-delivery\agent_bdd\__init__.py
2026-07-14T14:02:12Z [pre ] skip  c:\dev\abd-context-driven-delivery\agent_bdd\agent_bdd_common.py
2026-07-14T14:02:12Z [post] skip  c:\dev\abd-context-driven-delivery\agent_bdd\agent_bdd_common.py
2026-07-14T14:02:18Z [pre ] skip  c:\dev\abd-context-driven-delivery\tools\cli.py
2026-07-14T14:02:18Z [read] skip  c:\dev\abd-context-driven-delivery\tools\cli.py
2026-07-14T14:02:19Z [post] skip  c:\dev\abd-context-driven-delivery\tools\cli.py
2026-07-14T14:02:22Z [pre ] skip  c:\dev\abd-context-driven-delivery\tools\cli.py
2026-07-14T14:02:23Z [read] skip  c:\dev\abd-context-driven-delivery\tools\cli.py
2026-07-14T14:02:23Z [post] skip  c:\dev\abd-context-driven-delivery\tools\cli.py
2026-07-14T14:02:33Z [pre ] skip  c:\dev\abd-context-driven-delivery\tools\cli.py
2026-07-14T14:02:34Z [read] skip  c:\dev\abd-context-driven-delivery\tools\cli.py
2026-07-14T14:02:34Z [post] skip  c:\dev\abd-context-driven-delivery\tools\cli.py
2026-07-14T14:03:25Z [pre ] skip  c:\dev\abd-context-driven-delivery\generator\examples\car_chronicle\examples\examples.md
2026-07-14T14:03:25Z [read] skip  c:\dev\abd-context-driven-delivery\generator\examples\car_chronicle\examples\examples.md
2026-07-14T14:03:26Z [post] skip  c:\dev\abd-context-driven-delivery\generator\examples\car_chronicle\examples\examples.md
2026-07-14T14:03:36Z [pre ] skip  c:\dev\abd-context-driven-delivery\.cursor\skills\sketch\SKILL.md
2026-07-14T14:03:37Z [read] skip  c:\dev\abd-context-driven-delivery\.cursor\skills\sketch\SKILL.md
2026-07-14T14:03:37Z [post] skip  c:\dev\abd-context-driven-delivery\sketch
2026-07-14T14:03:37Z [post] skip  c:\dev\abd-context-driven-delivery\.cursor\skills\sketch\SKILL.md
2026-07-14T14:03:40Z [pre ] FIRED  c:\dev\abd-context-driven-delivery\sketch\sketch.py  — 1 manifest line(s)
2026-07-14T14:03:40Z [read] FIRED  c:\dev\abd-context-driven-delivery\sketch\sketch.py  — 1 manifest line(s)
2026-07-14T14:03:41Z [post] FIRED  c:\dev\abd-context-driven-delivery\sketch\sketch.py  — 1 manifest line(s)
2026-07-14T14:03:58Z [pre ] FIRED  c:\dev\abd-context-driven-delivery\sketch\sketch.py  — 1 manifest line(s)
2026-07-14T14:03:59Z [read] FIRED  c:\dev\abd-context-driven-delivery\sketch\sketch.py  — 1 manifest line(s)
2026-07-14T14:04:00Z [post] FIRED  c:\dev\abd-context-driven-delivery\sketch\sketch.py  — 1 manifest line(s)
2026-07-14T14:04:01Z [pre ] FIRED  c:\dev\abd-context-driven-delivery\sketch\sketch.py  — 1 manifest line(s)
2026-07-14T14:04:02Z [post] FIRED  c:\dev\abd-context-driven-delivery\sketch\sketch.py  — 1 manifest line(s)
2026-07-14T14:04:02Z [post] FIRED  c:\dev\abd-context-driven-delivery\sketch\sketch.py  — 1 manifest line(s)
2026-07-14T14:04:16Z [pre ] skip  c:\dev\abd-context-driven-delivery\generator\.context\generator-paths-sketch.md
2026-07-14T14:04:17Z [read] skip  c:\dev\abd-context-driven-delivery\generator\.context\generator-paths-sketch.md
2026-07-14T14:04:17Z [post] skip  c:\dev\abd-context-driven-delivery\generator\.context\generator-paths-sketch.md
2026-07-14T14:06:36Z [post] skip  c:\dev\abd-context-driven-delivery\primitives
2026-07-14T14:06:58Z [pre ] skip  c:\dev\abd-context-driven-delivery\ooad\ooad.md
2026-07-14T14:06:58Z [read] skip  c:\dev\abd-context-driven-delivery\ooad\ooad.md
2026-07-14T14:06:58Z [post] skip  c:\dev\abd-context-driven-delivery\ooad\ooad.md
2026-07-14T14:06:59Z [post] skip  c:\dev\abd-context-driven-delivery
2026-07-14T14:07:03Z [pre ] skip  c:\dev\abd-context-driven-delivery\clean-code\clean-code.md
2026-07-14T14:07:03Z [read] skip  c:\dev\abd-context-driven-delivery\clean-code\clean-code.md
2026-07-14T14:07:04Z [post] skip  c:\dev\abd-context-driven-delivery\clean-code\clean-code.md
2026-07-14T14:07:04Z [post] skip  c:\dev\abd-context-driven-delivery
2026-07-14T14:07:04Z [post] skip  c:\dev\abd-context-driven-delivery
2026-07-14T14:08:45Z [pre ] skip  c:\dev\abd-context-driven-delivery\tools\cli.py
2026-07-14T14:08:45Z [read] skip  c:\dev\abd-context-driven-delivery\tools\cli.py
2026-07-14T14:08:45Z [post] skip  c:\dev\abd-context-driven-delivery\tools\cli.py
2026-07-14T14:08:48Z [post] skip  c:\dev\abd-context-driven-delivery\primitives
2026-07-14T14:08:48Z [post] skip  c:\dev\abd-context-driven-delivery\action
2026-07-14T14:09:01Z [pre ] skip  c:\dev\abd-context-driven-delivery\tools\cli.py
2026-07-14T14:09:02Z [read] skip  c:\dev\abd-context-driven-delivery\tools\cli.py
2026-07-14T14:09:02Z [post] skip  c:\dev\abd-context-driven-delivery\tools\cli.py
2026-07-14T14:09:06Z [pre ] skip  c:\dev\abd-context-driven-delivery\action\action.py  — manifest ran but produced no output
2026-07-14T14:09:07Z [post] skip  c:\dev\abd-context-driven-delivery\action\action.py  — manifest ran but produced no output
2026-07-14T14:09:11Z [pre ] skip  c:\dev\abd-context-driven-delivery\tools\cli.py
2026-07-14T14:09:11Z [read] skip  c:\dev\abd-context-driven-delivery\tools\cli.py
2026-07-14T14:09:12Z [post] skip  c:\dev\abd-context-driven-delivery\tools\cli.py
2026-07-14T14:09:12Z [pre ] skip  c:\dev\abd-context-driven-delivery\tools\cli.py
2026-07-14T14:09:13Z [post] skip  c:\dev\abd-context-driven-delivery\tools\cli.py
2026-07-14T14:09:13Z [post] skip  c:\dev\abd-context-driven-delivery\tools\cli.py
2026-07-14T14:09:14Z [pre ] skip  c:\dev\abd-context-driven-delivery\primitives\instruction.py
2026-07-14T14:09:14Z [post] skip  c:\dev\abd-context-driven-delivery\primitives\instruction.py
2026-07-14T14:09:22Z [pre ] skip  c:\dev\abd-context-driven-delivery\primitives\instruction_slot.py
2026-07-14T14:09:22Z [post] skip  c:\dev\abd-context-driven-delivery\primitives\instruction_slot.py
2026-07-14T14:09:26Z [pre ] FIRED  c:\dev\abd-context-driven-delivery\action\action.py  — 5 manifest line(s)
2026-07-14T14:09:27Z [post] FIRED  c:\dev\abd-context-driven-delivery\action\action.py  — 5 manifest line(s)
2026-07-14T14:09:28Z [post] FIRED  c:\dev\abd-context-driven-delivery\action\action.py  — 5 manifest line(s)
2026-07-14T14:09:33Z [pre ] skip  c:\dev\abd-context-driven-delivery\primitives\instruction.py
2026-07-14T14:09:33Z [pre ] FIRED  c:\dev\abd-context-driven-delivery\action\action.py  — 5 manifest line(s)
2026-07-14T14:09:33Z [post] skip  c:\dev\abd-context-driven-delivery\primitives\instruction.py
2026-07-14T14:09:34Z [post] FIRED  c:\dev\abd-context-driven-delivery\action\action.py  — 5 manifest line(s)
2026-07-14T14:09:48Z [post] skip  c:\dev\abd-context-driven-delivery
2026-07-14T14:10:22Z [pre ] skip  c:\dev\abd-context-driven-delivery\primitives\asset_location.py
2026-07-14T14:10:23Z [read] skip  c:\dev\abd-context-driven-delivery\primitives\asset_location.py
2026-07-14T14:10:23Z [post] skip  c:\dev\abd-context-driven-delivery\primitives\asset_location.py
2026-07-14T14:10:38Z [post] skip  c:\dev\abd-context-driven-delivery\_grill_request.yaml
2026-07-14T14:10:39Z [post] skip  c:\dev\abd-context-driven-delivery\_grill_request.yaml
2026-07-14T14:10:52Z [pre ] skip  c:\dev\abd-context-driven-delivery\_grill_request.yaml
2026-07-14T14:10:52Z [post] skip  c:\dev\abd-context-driven-delivery\_grill_request.yaml
2026-07-14T14:10:53Z [post] skip  c:\dev\abd-context-driven-delivery\_grill_request.yaml
2026-07-14T14:16:51Z [post] skip  C:\dev\abd-context-driven-delivery
2026-07-14T14:16:58Z [post] skip  C:\dev\abd-skills
2026-07-14T14:16:59Z [post] skip  C:\dev\abd-context-driven-delivery
2026-07-14T14:16:59Z [pre ] skip  C:\dev\abd-context-driven-delivery\.cursor\skills\diagnose\SKILL.md
2026-07-14T14:17:00Z [read] skip  C:\dev\abd-context-driven-delivery\.cursor\skills\diagnose\SKILL.md
2026-07-14T14:17:00Z [post] skip  C:\dev\abd-context-driven-delivery\.cursor\skills\diagnose\SKILL.md
2026-07-14T14:17:05Z [post] skip  C:\dev\abd-context-driven-delivery
2026-07-14T14:17:22Z [pre ] skip  C:\dev\abd-context-driven-delivery\tools\manifest.py
2026-07-14T14:17:22Z [pre ] FIRED  C:\dev\abd-context-driven-delivery\clean-code\clean_code.py  — 4 manifest line(s)
2026-07-14T14:17:22Z [read] skip  C:\dev\abd-context-driven-delivery\tools\manifest.py
2026-07-14T14:17:23Z [read] FIRED  C:\dev\abd-context-driven-delivery\clean-code\clean_code.py  — 4 manifest line(s)
2026-07-14T14:17:23Z [post] skip  C:\dev\abd-context-driven-delivery\tools\manifest.py
2026-07-14T14:17:23Z [post] FIRED  C:\dev\abd-context-driven-delivery\clean-code\clean_code.py  — 4 manifest line(s)
2026-07-14T14:18:26Z [post] skip  C:\dev\abd-context-driven-delivery
2026-07-14T14:18:26Z [post] skip  C:\dev\abd-context-driven-delivery
2026-07-14T14:18:30Z [pre ] skip  C:\dev\abd-context-driven-delivery\action\__init__.py
2026-07-14T14:18:30Z [pre ] skip  C:\dev\abd-context-driven-delivery\tools\__init__.py
2026-07-14T14:18:30Z [read] skip  C:\dev\abd-context-driven-delivery\action\__init__.py
2026-07-14T14:18:30Z [read] skip  C:\dev\abd-context-driven-delivery\tools\__init__.py
2026-07-14T14:18:31Z [post] skip  C:\dev\abd-context-driven-delivery\action\__init__.py
2026-07-14T14:18:31Z [post] skip  C:\dev\abd-context-driven-delivery\tools\__init__.py
2026-07-14T14:18:49Z [post] skip  C:\dev\abd-context-driven-delivery\sub_agent\__init__.py
2026-07-14T14:18:49Z [post] skip  C:\dev\abd-context-driven-delivery\sub_agent\__init__.py
2026-07-14T14:19:04Z [post] skip  C:\dev\abd-context-driven-delivery\sub_agent\sub_agent.py
2026-07-14T14:19:05Z [post] skip  C:\dev\abd-context-driven-delivery\sub_agent\sub_agent.py
2026-07-14T14:19:14Z [pre ] skip  C:\dev\abd-context-driven-delivery\tools\manifest.py
2026-07-14T14:19:14Z [read] skip  C:\dev\abd-context-driven-delivery\tools\manifest.py
2026-07-14T14:19:15Z [post] skip  C:\dev\abd-context-driven-delivery\tools\manifest.py
2026-07-14T14:19:15Z [pre ] skip  C:\dev\abd-context-driven-delivery\tools\manifest.py
2026-07-14T14:19:16Z [post] skip  C:\dev\abd-context-driven-delivery\tools\manifest.py
2026-07-14T14:19:16Z [post] skip  C:\dev\abd-context-driven-delivery\tools\manifest.py
2026-07-14T14:19:23Z [post] skip  C:\dev\abd-context-driven-delivery\diagnose\__init__.py
2026-07-14T14:19:24Z [post] skip  C:\dev\abd-context-driven-delivery\diagnose\__init__.py
2026-07-14T14:20:06Z [post] FIRED  C:\dev\abd-context-driven-delivery\diagnose\diagnose.py  — 1 manifest line(s)
2026-07-14T14:20:07Z [post] FIRED  C:\dev\abd-context-driven-delivery\diagnose\diagnose.py  — 1 manifest line(s)
2026-07-14T14:23:08Z [post] skip  c:\dev\abd-context-driven-delivery
2026-07-14T14:23:08Z [post] skip  c:\dev\abd-context-driven-delivery
2026-07-14T14:23:35Z [pre ] FIRED  c:\dev\abd-context-driven-delivery\clean-code\clean_code.py  — 4 manifest line(s)
2026-07-14T14:23:35Z [pre ] FIRED  c:\dev\abd-context-driven-delivery\clean_code\clean_code.py  — 5 manifest line(s)
2026-07-14T14:23:36Z [read] FIRED  c:\dev\abd-context-driven-delivery\clean-code\clean_code.py  — 4 manifest line(s)
2026-07-14T14:23:36Z [read] FIRED  c:\dev\abd-context-driven-delivery\clean_code\clean_code.py  — 5 manifest line(s)
2026-07-14T14:23:36Z [post] FIRED  c:\dev\abd-context-driven-delivery\clean-code\clean_code.py  — 4 manifest line(s)
2026-07-14T14:23:37Z [post] FIRED  c:\dev\abd-context-driven-delivery\clean_code\clean_code.py  — 5 manifest line(s)
2026-07-14T14:26:11Z [pre ] skip  c:\dev\abd-context-driven-delivery\clean-code\clean_code_spec.py
2026-07-14T14:26:11Z [pre ] skip  c:\dev\abd-context-driven-delivery\clean-code\clean_code_agent_spec.py
2026-07-14T14:26:11Z [read] skip  c:\dev\abd-context-driven-delivery\clean-code\clean_code_spec.py
2026-07-14T14:26:12Z [read] skip  c:\dev\abd-context-driven-delivery\clean-code\clean_code_agent_spec.py
2026-07-14T14:26:12Z [post] skip  c:\dev\abd-context-driven-delivery\clean-code\clean_code_spec.py
2026-07-14T14:26:12Z [post] skip  c:\dev\abd-context-driven-delivery\clean-code\clean_code_agent_spec.py
2026-07-14T14:26:20Z [pre ] skip  c:\dev\abd-context-driven-delivery\clean_code\clean_code_spec.py
2026-07-14T14:26:20Z [pre ] skip  c:\dev\abd-context-driven-delivery\clean_code\clean_code_agent_spec.py
2026-07-14T14:26:20Z [read] skip  c:\dev\abd-context-driven-delivery\clean_code\clean_code_spec.py
2026-07-14T14:26:21Z [post] skip  c:\dev\abd-context-driven-delivery\clean_code\clean_code_spec.py
2026-07-14T14:26:21Z [read] skip  c:\dev\abd-context-driven-delivery\clean_code\clean_code_agent_spec.py
2026-07-14T14:26:21Z [post] skip  c:\dev\abd-context-driven-delivery\clean_code\clean_code_agent_spec.py
2026-07-14T14:28:00Z [pre ] skip  C:\Users\thoma\.cursor\projects\c-dev-abd-context-driven-delivery/terminals/740591.txt
2026-07-14T14:28:01Z [read] skip  C:\Users\thoma\.cursor\projects\c-dev-abd-context-driven-delivery/terminals/740591.txt
2026-07-14T14:28:01Z [post] skip  C:\Users\thoma\.cursor\projects\c-dev-abd-context-driven-delivery/terminals/740591.txt
2026-07-14T14:28:02Z [pre ] skip  C:\Users\thoma\.cursor\projects\c-dev-abd-context-driven-delivery/terminals/740591.txt
2026-07-14T14:28:02Z [read] skip  C:\Users\thoma\.cursor\projects\c-dev-abd-context-driven-delivery/terminals/740591.txt
2026-07-14T14:28:03Z [post] skip  C:\Users\thoma\.cursor\projects\c-dev-abd-context-driven-delivery/terminals/740591.txt
2026-07-14T14:28:04Z [pre ] skip  C:\Users\thoma\.cursor\projects\c-dev-abd-context-driven-delivery/terminals/740591.txt
2026-07-14T14:28:04Z [read] skip  C:\Users\thoma\.cursor\projects\c-dev-abd-context-driven-delivery/terminals/740591.txt
2026-07-14T14:28:05Z [post] skip  C:\Users\thoma\.cursor\projects\c-dev-abd-context-driven-delivery/terminals/740591.txt
2026-07-14T14:28:05Z [pre ] skip  C:\Users\thoma\.cursor\projects\c-dev-abd-context-driven-delivery/terminals/740591.txt
2026-07-14T14:28:06Z [read] skip  C:\Users\thoma\.cursor\projects\c-dev-abd-context-driven-delivery/terminals/740591.txt
2026-07-14T14:28:06Z [post] skip  C:\Users\thoma\.cursor\projects\c-dev-abd-context-driven-delivery/terminals/740591.txt
2026-07-14T14:28:07Z [pre ] skip  C:\Users\thoma\.cursor\projects\c-dev-abd-context-driven-delivery/terminals/740591.txt
2026-07-14T14:28:08Z [read] skip  C:\Users\thoma\.cursor\projects\c-dev-abd-context-driven-delivery/terminals/740591.txt
2026-07-14T14:28:08Z [post] skip  C:\Users\thoma\.cursor\projects\c-dev-abd-context-driven-delivery/terminals/740591.txt
2026-07-14T14:28:09Z [pre ] skip  C:\Users\thoma\.cursor\projects\c-dev-abd-context-driven-delivery/terminals/740591.txt
2026-07-14T14:28:09Z [read] skip  C:\Users\thoma\.cursor\projects\c-dev-abd-context-driven-delivery/terminals/740591.txt
2026-07-14T14:28:10Z [post] skip  C:\Users\thoma\.cursor\projects\c-dev-abd-context-driven-delivery/terminals/740591.txt
2026-07-14T14:28:10Z [pre ] skip  C:\Users\thoma\.cursor\projects\c-dev-abd-context-driven-delivery/terminals/740591.txt
2026-07-14T14:28:11Z [read] skip  C:\Users\thoma\.cursor\projects\c-dev-abd-context-driven-delivery/terminals/740591.txt
2026-07-14T14:28:11Z [post] skip  C:\Users\thoma\.cursor\projects\c-dev-abd-context-driven-delivery/terminals/740591.txt
2026-07-14T14:28:12Z [pre ] skip  C:\Users\thoma\.cursor\projects\c-dev-abd-context-driven-delivery/terminals/740591.txt
2026-07-14T14:28:13Z [read] skip  C:\Users\thoma\.cursor\projects\c-dev-abd-context-driven-delivery/terminals/740591.txt
2026-07-14T14:28:13Z [post] skip  C:\Users\thoma\.cursor\projects\c-dev-abd-context-driven-delivery/terminals/740591.txt
2026-07-14T14:28:14Z [pre ] skip  C:\Users\thoma\.cursor\projects\c-dev-abd-context-driven-delivery/terminals/740591.txt
2026-07-14T14:28:14Z [read] skip  C:\Users\thoma\.cursor\projects\c-dev-abd-context-driven-delivery/terminals/740591.txt
2026-07-14T14:28:15Z [post] skip  C:\Users\thoma\.cursor\projects\c-dev-abd-context-driven-delivery/terminals/740591.txt
2026-07-14T14:28:15Z [pre ] skip  C:\Users\thoma\.cursor\projects\c-dev-abd-context-driven-delivery/terminals/740591.txt
2026-07-14T14:28:16Z [read] skip  C:\Users\thoma\.cursor\projects\c-dev-abd-context-driven-delivery/terminals/740591.txt
2026-07-14T14:28:16Z [post] skip  C:\Users\thoma\.cursor\projects\c-dev-abd-context-driven-delivery/terminals/740591.txt
2026-07-14T14:28:17Z [pre ] skip  C:\Users\thoma\.cursor\projects\c-dev-abd-context-driven-delivery/terminals/740591.txt
2026-07-14T14:28:18Z [read] skip  C:\Users\thoma\.cursor\projects\c-dev-abd-context-driven-delivery/terminals/740591.txt
2026-07-14T14:28:18Z [post] skip  C:\Users\thoma\.cursor\projects\c-dev-abd-context-driven-delivery/terminals/740591.txt
2026-07-14T14:28:19Z [pre ] skip  C:\Users\thoma\.cursor\projects\c-dev-abd-context-driven-delivery/terminals/740591.txt
2026-07-14T14:28:20Z [read] skip  C:\Users\thoma\.cursor\projects\c-dev-abd-context-driven-delivery/terminals/740591.txt
2026-07-14T14:28:20Z [post] skip  C:\Users\thoma\.cursor\projects\c-dev-abd-context-driven-delivery/terminals/740591.txt
2026-07-14T14:28:21Z [pre ] skip  C:\Users\thoma\.cursor\projects\c-dev-abd-context-driven-delivery/terminals/740591.txt
2026-07-14T14:28:21Z [read] skip  C:\Users\thoma\.cursor\projects\c-dev-abd-context-driven-delivery/terminals/740591.txt
2026-07-14T14:28:22Z [post] skip  C:\Users\thoma\.cursor\projects\c-dev-abd-context-driven-delivery/terminals/740591.txt
2026-07-14T14:28:22Z [pre ] skip  C:\Users\thoma\.cursor\projects\c-dev-abd-context-driven-delivery/terminals/740591.txt
2026-07-14T14:28:23Z [read] skip  C:\Users\thoma\.cursor\projects\c-dev-abd-context-driven-delivery/terminals/740591.txt
2026-07-14T14:28:23Z [post] skip  C:\Users\thoma\.cursor\projects\c-dev-abd-context-driven-delivery/terminals/740591.txt
2026-07-14T14:28:24Z [pre ] skip  C:\Users\thoma\.cursor\projects\c-dev-abd-context-driven-delivery/terminals/740591.txt
2026-07-14T14:28:25Z [read] skip  C:\Users\thoma\.cursor\projects\c-dev-abd-context-driven-delivery/terminals/740591.txt
2026-07-14T14:28:25Z [post] skip  C:\Users\thoma\.cursor\projects\c-dev-abd-context-driven-delivery/terminals/740591.txt
2026-07-14T14:28:26Z [pre ] skip  C:\Users\thoma\.cursor\projects\c-dev-abd-context-driven-delivery/terminals/740591.txt
2026-07-14T14:28:26Z [read] skip  C:\Users\thoma\.cursor\projects\c-dev-abd-context-driven-delivery/terminals/740591.txt
2026-07-14T14:28:27Z [post] skip  C:\Users\thoma\.cursor\projects\c-dev-abd-context-driven-delivery/terminals/740591.txt
2026-07-14T14:28:28Z [pre ] skip  C:\Users\thoma\.cursor\projects\c-dev-abd-context-driven-delivery/terminals/740591.txt
2026-07-14T14:28:28Z [read] skip  C:\Users\thoma\.cursor\projects\c-dev-abd-context-driven-delivery/terminals/740591.txt
2026-07-14T14:28:29Z [post] skip  C:\Users\thoma\.cursor\projects\c-dev-abd-context-driven-delivery/terminals/740591.txt
2026-07-14T14:28:29Z [pre ] skip  C:\Users\thoma\.cursor\projects\c-dev-abd-context-driven-delivery/terminals/740591.txt
2026-07-14T14:28:30Z [read] skip  C:\Users\thoma\.cursor\projects\c-dev-abd-context-driven-delivery/terminals/740591.txt
2026-07-14T14:28:30Z [post] skip  C:\Users\thoma\.cursor\projects\c-dev-abd-context-driven-delivery/terminals/740591.txt
2026-07-14T14:28:34Z [pre ] skip  C:\Users\thoma\.cursor\projects\c-dev-abd-context-driven-delivery/terminals/740591.txt
2026-07-14T14:28:35Z [read] skip  C:\Users\thoma\.cursor\projects\c-dev-abd-context-driven-delivery/terminals/740591.txt
2026-07-14T14:28:36Z [post] skip  C:\Users\thoma\.cursor\projects\c-dev-abd-context-driven-delivery/terminals/740591.txt
2026-07-14T14:29:56Z [pre ] skip  c:\dev\abd-context-driven-delivery\generator\generator.md
2026-07-14T14:29:57Z [pre ] skip  c:\dev\abd-context-driven-delivery\generator\generator-behavior.md
2026-07-14T14:29:57Z [read] skip  c:\dev\abd-context-driven-delivery\generator\generator.md
2026-07-14T14:29:57Z [read] skip  c:\dev\abd-context-driven-delivery\generator\generator-behavior.md
2026-07-14T14:29:57Z [post] skip  c:\dev\abd-context-driven-delivery\generator\generator.md
2026-07-14T14:29:58Z [post] skip  c:\dev\abd-context-driven-delivery\generator\generator-behavior.md
2026-07-14T14:30:34Z [pre ] skip  c:\dev\abd-context-driven-delivery\tools\tool.py
2026-07-14T14:30:35Z [post] skip  c:\dev\abd-context-driven-delivery\tools\tool.py
2026-07-14T14:30:36Z [post] skip  c:\dev\abd-context-driven-delivery\tools\tool.py
2026-07-14T14:30:41Z [pre ] skip  c:\dev\abd-context-driven-delivery\generator\generator.md
2026-07-14T14:30:42Z [read] skip  c:\dev\abd-context-driven-delivery\generator\generator.md
2026-07-14T14:30:42Z [post] skip  c:\dev\abd-context-driven-delivery\generator\generator.md
2026-07-14T14:30:43Z [pre ] skip  c:\dev\abd-context-driven-delivery\generator\generator.md
2026-07-14T14:30:43Z [post] skip  c:\dev\abd-context-driven-delivery\generator\generator.md
2026-07-14T14:30:44Z [post] skip  c:\dev\abd-context-driven-delivery\generator\generator.md
2026-07-14T14:30:50Z [pre ] skip  c:\dev\abd-context-driven-delivery\generator\generator.md
2026-07-14T14:30:51Z [post] skip  c:\dev\abd-context-driven-delivery\generator\generator.md
2026-07-14T14:30:51Z [post] skip  c:\dev\abd-context-driven-delivery\generator\generator.md
2026-07-14T14:30:56Z [pre ] skip  c:\dev\abd-context-driven-delivery\generator\generator-behavior.md
2026-07-14T14:30:56Z [read] skip  c:\dev\abd-context-driven-delivery\generator\generator-behavior.md
2026-07-14T14:30:57Z [post] skip  c:\dev\abd-context-driven-delivery\generator\generator-behavior.md
2026-07-14T14:30:57Z [pre ] skip  c:\dev\abd-context-driven-delivery\generator\generator-behavior.md
2026-07-14T14:30:58Z [post] skip  c:\dev\abd-context-driven-delivery\generator\generator-behavior.md
2026-07-14T14:30:58Z [post] skip  c:\dev\abd-context-driven-delivery\generator\generator-behavior.md
2026-07-14T14:32:24Z [pre ] skip  c:\dev\abd-context-driven-delivery\generator\__init__.py
2026-07-14T14:32:25Z [read] skip  c:\dev\abd-context-driven-delivery\generator\__init__.py
2026-07-14T14:32:25Z [post] skip  c:\dev\abd-context-driven-delivery\generator\__init__.py
2026-07-14T14:32:43Z [pre ] FIRED  c:\dev\abd-context-driven-delivery\generator\generator.py  — 1 manifest line(s)
2026-07-14T14:32:44Z [read] FIRED  c:\dev\abd-context-driven-delivery\generator\generator.py  — 1 manifest line(s)
2026-07-14T14:32:45Z [post] FIRED  c:\dev\abd-context-driven-delivery\generator\generator.py  — 1 manifest line(s)
2026-07-14T14:32:46Z [pre ] FIRED  c:\dev\abd-context-driven-delivery\generator\generator.py  — 1 manifest line(s)
2026-07-14T14:32:46Z [post] skip  c:\dev\abd-context-driven-delivery\generator\generator.py  — manifest ran but produced no output
2026-07-14T14:32:47Z [post] skip  c:\dev\abd-context-driven-delivery\generator\generator.py  — manifest ran but produced no output
2026-07-14T14:32:52Z [pre ] skip  c:\dev\abd-context-driven-delivery\generator\__init__.py
2026-07-14T14:32:53Z [read] skip  c:\dev\abd-context-driven-delivery\generator\__init__.py
2026-07-14T14:32:53Z [post] skip  c:\dev\abd-context-driven-delivery\generator\__init__.py
2026-07-14T14:32:54Z [pre ] skip  c:\dev\abd-context-driven-delivery\generator\__init__.py
2026-07-14T14:32:54Z [post] skip  c:\dev\abd-context-driven-delivery\generator\__init__.py
2026-07-14T14:32:55Z [post] skip  c:\dev\abd-context-driven-delivery\generator\__init__.py
2026-07-14T14:32:59Z [pre ] skip  c:\dev\abd-context-driven-delivery\ooad\ooad.py  — manifest ran but produced no output
2026-07-14T14:33:00Z [post] skip  c:\dev\abd-context-driven-delivery\ooad\ooad.py  — manifest ran but produced no output
2026-07-14T14:33:01Z [post] skip  c:\dev\abd-context-driven-delivery\ooad\ooad.py  — manifest ran but produced no output
2026-07-14T14:33:05Z [pre ] skip  c:\dev\abd-context-driven-delivery\ooad\ooad.py  — manifest ran but produced no output
2026-07-14T14:33:06Z [post] skip  c:\dev\abd-context-driven-delivery\ooad\ooad.py  — manifest ran but produced no output
2026-07-14T14:33:07Z [post] skip  c:\dev\abd-context-driven-delivery\ooad\ooad.py  — manifest ran but produced no output
2026-07-14T14:33:11Z [pre ] skip  c:\dev\abd-context-driven-delivery\bdd\bdd.py  — manifest ran but produced no output
2026-07-14T14:33:12Z [post] skip  c:\dev\abd-context-driven-delivery\bdd\bdd.py  — manifest ran but produced no output
2026-07-14T14:33:13Z [post] skip  c:\dev\abd-context-driven-delivery\bdd\bdd.py  — manifest ran but produced no output
2026-07-14T14:33:16Z [pre ] skip  c:\dev\abd-context-driven-delivery\bdd\bdd.py  — manifest ran but produced no output
2026-07-14T14:33:17Z [post] FIRED  c:\dev\abd-context-driven-delivery\bdd\bdd.py  — 4 manifest line(s)
2026-07-14T14:33:18Z [post] FIRED  c:\dev\abd-context-driven-delivery\bdd\bdd.py  — 4 manifest line(s)
2026-07-14T14:33:23Z [pre ] FIRED  c:\dev\abd-context-driven-delivery\clean_code\clean_code.py  — 5 manifest line(s)
2026-07-14T14:33:24Z [read] FIRED  c:\dev\abd-context-driven-delivery\clean_code\clean_code.py  — 5 manifest line(s)
2026-07-14T14:33:25Z [post] FIRED  c:\dev\abd-context-driven-delivery\clean_code\clean_code.py  — 5 manifest line(s)
2026-07-14T14:33:26Z [pre ] FIRED  c:\dev\abd-context-driven-delivery\clean_code\clean_code.py  — 5 manifest line(s)
2026-07-14T14:33:27Z [post] FIRED  c:\dev\abd-context-driven-delivery\clean_code\clean_code.py  — 5 manifest line(s)
2026-07-14T14:33:28Z [post] FIRED  c:\dev\abd-context-driven-delivery\clean_code\clean_code.py  — 5 manifest line(s)
2026-07-14T14:33:34Z [pre ] FIRED  c:\dev\abd-context-driven-delivery\clean_code\clean_code.py  — 5 manifest line(s)
2026-07-14T14:33:35Z [post] FIRED  c:\dev\abd-context-driven-delivery\clean_code\clean_code.py  — 5 manifest line(s)
2026-07-14T14:33:36Z [post] FIRED  c:\dev\abd-context-driven-delivery\clean_code\clean_code.py  — 5 manifest line(s)
2026-07-14T14:33:40Z [pre ] skip  c:\dev\abd-context-driven-delivery\agent_bdd\agent_bdd.py  — manifest ran but produced no output
2026-07-14T14:33:41Z [post] skip  c:\dev\abd-context-driven-delivery\agent_bdd\agent_bdd.py  — manifest ran but produced no output
2026-07-14T14:33:42Z [post] skip  c:\dev\abd-context-driven-delivery\agent_bdd\agent_bdd.py  — manifest ran but produced no output
2026-07-14T14:33:46Z [pre ] skip  c:\dev\abd-context-driven-delivery\agent_bdd\agent_bdd.py  — manifest ran but produced no output
2026-07-14T14:33:47Z [post] FIRED  c:\dev\abd-context-driven-delivery\agent_bdd\agent_bdd.py  — 4 manifest line(s)
2026-07-14T14:33:47Z [post] FIRED  c:\dev\abd-context-driven-delivery\agent_bdd\agent_bdd.py  — 4 manifest line(s)
2026-07-14T14:33:51Z [pre ] FIRED  c:\dev\abd-context-driven-delivery\action\agent_with_actions.py  — 5 manifest line(s)
2026-07-14T14:33:52Z [read] FIRED  c:\dev\abd-context-driven-delivery\action\agent_with_actions.py  — 5 manifest line(s)
2026-07-14T14:33:53Z [post] FIRED  c:\dev\abd-context-driven-delivery\action\agent_with_actions.py  — 5 manifest line(s)
2026-07-14T14:33:54Z [pre ] FIRED  c:\dev\abd-context-driven-delivery\action\agent_with_actions.py  — 5 manifest line(s)
2026-07-14T14:33:55Z [post] FIRED  c:\dev\abd-context-driven-delivery\action\agent_with_actions.py  — 5 manifest line(s)
2026-07-14T14:33:57Z [post] FIRED  c:\dev\abd-context-driven-delivery\action\agent_with_actions.py  — 5 manifest line(s)
2026-07-14T14:34:14Z [pre ] FIRED  c:\dev\abd-context-driven-delivery\action\agent_with_actions.py  — 5 manifest line(s)
2026-07-14T14:34:15Z [post] FIRED  c:\dev\abd-context-driven-delivery\action\agent_with_actions.py  — 5 manifest line(s)
2026-07-14T14:34:16Z [post] FIRED  c:\dev\abd-context-driven-delivery\action\agent_with_actions.py  — 5 manifest line(s)
2026-07-14T14:34:21Z [pre ] skip  c:\dev\abd-context-driven-delivery\generator\examples\car_chronicle\car_chronicle.py  — manifest ran but produced no output
2026-07-14T14:34:22Z [read] skip  c:\dev\abd-context-driven-delivery\generator\examples\car_chronicle\car_chronicle.py  — manifest ran but produced no output
2026-07-14T14:34:22Z [post] skip  c:\dev\abd-context-driven-delivery\generator\examples\car_chronicle\car_chronicle.py  — manifest ran but produced no output
2026-07-14T14:34:23Z [pre ] skip  c:\dev\abd-context-driven-delivery\generator\examples\car_chronicle\car_chronicle.py  — manifest ran but produced no output
2026-07-14T14:34:24Z [post] FIRED  c:\dev\abd-context-driven-delivery\generator\examples\car_chronicle\car_chronicle.py  — 2 manifest line(s)
2026-07-14T14:34:25Z [post] FIRED  c:\dev\abd-context-driven-delivery\generator\examples\car_chronicle\car_chronicle.py  — 2 manifest line(s)
2026-07-14T14:34:29Z [pre ] skip  c:\dev\abd-context-driven-delivery\generator\examples\car_chronicle\chronicle_with_output.py  — manifest ran but produced no output
2026-07-14T14:34:29Z [read] skip  c:\dev\abd-context-driven-delivery\generator\examples\car_chronicle\chronicle_with_output.py  — manifest ran but produced no output
2026-07-14T14:34:30Z [post] skip  c:\dev\abd-context-driven-delivery\generator\examples\car_chronicle\chronicle_with_output.py  — manifest ran but produced no output
2026-07-14T14:34:32Z [pre ] skip  c:\dev\abd-context-driven-delivery\generator\templates\domain-toolset.py  — manifest ran but produced no output
2026-07-14T14:34:32Z [read] skip  c:\dev\abd-context-driven-delivery\generator\templates\domain-toolset.py  — manifest ran but produced no output
2026-07-14T14:34:33Z [post] skip  c:\dev\abd-context-driven-delivery\generator\templates\domain-toolset.py  — manifest ran but produced no output
2026-07-14T14:34:34Z [pre ] skip  c:\dev\abd-context-driven-delivery\generator\templates\domain-toolset.py  — manifest ran but produced no output
2026-07-14T14:34:35Z [post] skip  c:\dev\abd-context-driven-delivery\generator\templates\domain-toolset.py  — manifest ran but produced no output
2026-07-14T14:34:35Z [post] skip  c:\dev\abd-context-driven-delivery\generator\templates\domain-toolset.py  — manifest ran but produced no output
2026-07-14T14:34:39Z [pre ] skip  c:\dev\abd-context-driven-delivery\generator\examples\car_chronicle\chronicle_with_output.py  — manifest ran but produced no output
2026-07-14T14:34:40Z [read] skip  c:\dev\abd-context-driven-delivery\generator\examples\car_chronicle\chronicle_with_output.py  — manifest ran but produced no output
2026-07-14T14:34:41Z [post] skip  c:\dev\abd-context-driven-delivery\generator\examples\car_chronicle\chronicle_with_output.py  — manifest ran but produced no output
2026-07-14T14:34:45Z [pre ] skip  c:\dev\abd-context-driven-delivery\generator\examples\car_chronicle\chronicle_with_output.py  — manifest ran but produced no output
2026-07-14T14:34:45Z [read] skip  c:\dev\abd-context-driven-delivery\generator\examples\car_chronicle\chronicle_with_output.py  — manifest ran but produced no output
2026-07-14T14:34:46Z [post] skip  c:\dev\abd-context-driven-delivery\generator\examples\car_chronicle\chronicle_with_output.py  — manifest ran but produced no output
2026-07-14T14:34:47Z [pre ] skip  c:\dev\abd-context-driven-delivery\generator\examples\car_chronicle\chronicle_with_output.py  — manifest ran but produced no output
2026-07-14T14:34:47Z [post] skip  c:\dev\abd-context-driven-delivery\generator\examples\car_chronicle\chronicle_with_output.py  — manifest ran but produced no output
2026-07-14T14:34:48Z [post] skip  c:\dev\abd-context-driven-delivery\generator\examples\car_chronicle\chronicle_with_output.py  — manifest ran but produced no output
2026-07-14T14:34:52Z [pre ] skip  c:\dev\abd-context-driven-delivery\generator\examples\car_chronicle\chronicle_with_output.py  — manifest ran but produced no output
2026-07-14T14:34:52Z [post] FIRED  c:\dev\abd-context-driven-delivery\generator\examples\car_chronicle\chronicle_with_output.py  — 2 manifest line(s)
2026-07-14T14:34:53Z [post] FIRED  c:\dev\abd-context-driven-delivery\generator\examples\car_chronicle\chronicle_with_output.py  — 2 manifest line(s)
2026-07-14T14:34:59Z [pre ] FIRED  c:\dev\abd-context-driven-delivery\action\action.py  — 5 manifest line(s)
2026-07-14T14:35:01Z [post] FIRED  c:\dev\abd-context-driven-delivery\action\action.py  — 5 manifest line(s)
2026-07-14T14:35:02Z [post] FIRED  c:\dev\abd-context-driven-delivery\action\action.py  — 5 manifest line(s)
2026-07-14T14:35:12Z [pre ] skip  c:\dev\abd-context-driven-delivery\generator\generator.md
2026-07-14T14:35:12Z [post] skip  c:\dev\abd-context-driven-delivery\generator\generator.md
2026-07-14T14:35:13Z [post] skip  c:\dev\abd-context-driven-delivery\generator\generator.md
2026-07-14T14:35:28Z [pre ] skip  c:\dev\abd-context-driven-delivery\generator\.context\generator-paths-sketch.md
2026-07-14T14:35:28Z [read] skip  c:\dev\abd-context-driven-delivery\generator\.context\generator-paths-sketch.md
2026-07-14T14:35:28Z [post] skip  c:\dev\abd-context-driven-delivery\generator\.context\generator-paths-sketch.md
2026-07-14T14:35:29Z [pre ] skip  c:\dev\abd-context-driven-delivery\generator\.context\generator-paths-sketch.md
2026-07-14T14:35:30Z [post] skip  c:\dev\abd-context-driven-delivery\generator\.context\generator-paths-sketch.md
2026-07-14T14:35:30Z [post] skip  c:\dev\abd-context-driven-delivery\generator\.context\generator-paths-sketch.md
2026-07-14T14:35:35Z [pre ] skip  c:\dev\abd-context-driven-delivery\generator\.context\generator-paths-sketch.md
2026-07-14T14:35:36Z [post] skip  c:\dev\abd-context-driven-delivery\generator\.context\generator-paths-sketch.md
2026-07-14T14:35:36Z [post] skip  c:\dev\abd-context-driven-delivery\generator\.context\generator-paths-sketch.md
2026-07-14T14:35:40Z [pre ] skip  c:\dev\abd-context-driven-delivery\generator\.context\generator-paths-sketch.md
2026-07-14T14:35:40Z [post] skip  c:\dev\abd-context-driven-delivery\generator\.context\generator-paths-sketch.md
2026-07-14T14:35:41Z [post] skip  c:\dev\abd-context-driven-delivery\generator\.context\generator-paths-sketch.md
2026-07-14T14:35:45Z [pre ] skip  c:\dev\abd-context-driven-delivery\primitives\domain-model.md
2026-07-14T14:35:46Z [read] skip  c:\dev\abd-context-driven-delivery\primitives\domain-model.md
2026-07-14T14:35:46Z [post] skip  c:\dev\abd-context-driven-delivery\primitives\domain-model.md
2026-07-14T14:35:47Z [pre ] skip  c:\dev\abd-context-driven-delivery\primitives\domain-model.md
2026-07-14T14:35:47Z [post] skip  c:\dev\abd-context-driven-delivery\primitives\domain-model.md
2026-07-14T14:35:48Z [post] skip  c:\dev\abd-context-driven-delivery\primitives\domain-model.md
2026-07-14T14:35:53Z [pre ] skip  c:\dev\abd-context-driven-delivery\.cursor\skills\generator\SKILL.md
2026-07-14T14:35:53Z [read] skip  c:\dev\abd-context-driven-delivery\.cursor\skills\generator\SKILL.md
2026-07-14T14:35:54Z [post] skip  c:\dev\abd-context-driven-delivery\.cursor\skills\generator\SKILL.md
2026-07-14T14:35:54Z [pre ] skip  c:\dev\abd-context-driven-delivery\.cursor\skills\generator\SKILL.md
2026-07-14T14:35:55Z [post] skip  c:\dev\abd-context-driven-delivery\.cursor\skills\generator\SKILL.md
2026-07-14T14:35:55Z [post] skip  c:\dev\abd-context-driven-delivery\.cursor\skills\generator\SKILL.md
2026-07-14T14:36:02Z [pre ] skip  c:\dev\abd-context-driven-delivery\.context\conventions\focused-examples.md
2026-07-14T14:36:02Z [read] skip  c:\dev\abd-context-driven-delivery\.context\conventions\focused-examples.md
2026-07-14T14:36:03Z [post] skip  c:\dev\abd-context-driven-delivery\.context\conventions\focused-examples.md
2026-07-14T14:36:03Z [pre ] skip  c:\dev\abd-context-driven-delivery\.context\conventions\focused-examples.md
2026-07-14T14:36:04Z [post] skip  c:\dev\abd-context-driven-delivery\.context\conventions\focused-examples.md
2026-07-14T14:36:04Z [post] skip  c:\dev\abd-context-driven-delivery\.context\conventions\focused-examples.md
2026-07-14T14:36:11Z [pre ] skip  c:\dev\abd-context-driven-delivery\generator\.context\domain-model.md
2026-07-14T14:36:12Z [post] skip  c:\dev\abd-context-driven-delivery\generator\.context\domain-model.md
2026-07-14T14:36:12Z [post] skip  c:\dev\abd-context-driven-delivery\generator\.context\domain-model.md
2026-07-14T14:36:19Z [pre ] skip  c:\dev\abd-context-driven-delivery\generator\.context\domain-model.md
2026-07-14T14:36:20Z [post] skip  c:\dev\abd-context-driven-delivery\generator\.context\domain-model.md
2026-07-14T14:36:20Z [post] skip  c:\dev\abd-context-driven-delivery\generator\.context\domain-model.md
2026-07-14T14:36:27Z [pre ] skip  c:\dev\abd-context-driven-delivery\generator\.context\domain-model.md
2026-07-14T14:36:28Z [post] skip  c:\dev\abd-context-driven-delivery\generator\.context\domain-model.md
2026-07-14T14:36:28Z [post] skip  c:\dev\abd-context-driven-delivery\generator\.context\domain-model.md
2026-07-14T14:36:32Z [pre ] skip  c:\dev\abd-context-driven-delivery\generator\.context\domain-model.md
2026-07-14T14:36:33Z [post] skip  c:\dev\abd-context-driven-delivery\generator\.context\domain-model.md
2026-07-14T14:36:33Z [post] skip  c:\dev\abd-context-driven-delivery\generator\.context\domain-model.md
2026-07-14T14:36:42Z [pre ] skip  c:\dev\abd-context-driven-delivery\generator\.context\domain-model.md
2026-07-14T14:36:42Z [post] skip  c:\dev\abd-context-driven-delivery\generator\.context\domain-model.md
2026-07-14T14:36:43Z [post] skip  c:\dev\abd-context-driven-delivery\generator\.context\domain-model.md
2026-07-14T14:36:47Z [pre ] skip  c:\dev\abd-context-driven-delivery\generator\generator.md
2026-07-14T14:36:47Z [post] skip  c:\dev\abd-context-driven-delivery\generator\generator.md
2026-07-14T14:36:48Z [post] skip  c:\dev\abd-context-driven-delivery\generator\generator.md
2026-07-14T14:36:56Z [pre ] skip  c:\dev\abd-context-driven-delivery\generator\generator.md
2026-07-14T14:36:56Z [post] skip  c:\dev\abd-context-driven-delivery\generator\generator.md
2026-07-14T14:36:57Z [post] skip  c:\dev\abd-context-driven-delivery\generator\generator.md
2026-07-14T14:37:16Z [pre ] FIRED  c:\dev\abd-context-driven-delivery\generator\generator.py  — 1 manifest line(s)
2026-07-14T14:37:17Z [post] FIRED  c:\dev\abd-context-driven-delivery\generator\generator.py  — 1 manifest line(s)
2026-07-14T14:37:18Z [post] FIRED  c:\dev\abd-context-driven-delivery\generator\generator.py  — 1 manifest line(s)
2026-07-14T14:37:30Z [pre ] FIRED  c:\dev\abd-context-driven-delivery\generator\examples\car_chronicle\car_chronicle.py  — 2 manifest line(s)
2026-07-14T14:37:31Z [post] FIRED  c:\dev\abd-context-driven-delivery\generator\examples\car_chronicle\car_chronicle.py  — 2 manifest line(s)
2026-07-14T14:37:32Z [post] FIRED  c:\dev\abd-context-driven-delivery\generator\examples\car_chronicle\car_chronicle.py  — 2 manifest line(s)
2026-07-14T14:37:46Z [pre ] skip  c:\dev\abd-context-driven-delivery\generator\generator_spec.py
2026-07-14T14:37:47Z [post] skip  c:\dev\abd-context-driven-delivery\generator\generator_spec.py
2026-07-14T14:37:48Z [post] skip  c:\dev\abd-context-driven-delivery\generator\generator_spec.py
2026-07-14T15:19:33Z [pre ] skip  C:\dev\abd-context-driven-delivery\clean_code\clean-code.md
2026-07-14T15:19:33Z [read] skip  C:\dev\abd-context-driven-delivery\clean_code\clean-code.md
2026-07-14T15:19:34Z [post] skip  C:\dev\abd-context-driven-delivery\clean_code\clean-code.md
2026-07-14T15:19:55Z [post] skip  C:\dev\abd-context-driven-delivery\_explore_ooad.yaml
2026-07-14T15:19:56Z [post] skip  C:\dev\abd-context-driven-delivery\_explore_ooad.yaml
2026-07-14T15:19:57Z [post] skip  C:\dev\abd-context-driven-delivery\_explore_clean_code.yaml
2026-07-14T15:19:58Z [post] skip  C:\dev\abd-context-driven-delivery\_explore_clean_code.yaml
2026-07-14T15:20:10Z [pre ] skip  C:\dev\abd-context-driven-delivery\_explore_ooad.yaml
2026-07-14T15:20:11Z [post] skip  C:\dev\abd-context-driven-delivery\_explore_ooad.yaml
2026-07-14T15:20:11Z [pre ] skip  C:\dev\abd-context-driven-delivery\_explore_clean_code.yaml
2026-07-14T15:20:11Z [post] skip  C:\dev\abd-context-driven-delivery\_explore_ooad.yaml
2026-07-14T15:20:11Z [post] skip  C:\dev\abd-context-driven-delivery\_explore_clean_code.yaml
2026-07-14T15:20:12Z [post] skip  C:\dev\abd-context-driven-delivery\_explore_clean_code.yaml
2026-07-14T15:20:24Z [pre ] skip  C:\dev\abd-context-driven-delivery\_explore_ooad.yaml
2026-07-14T15:20:24Z [pre ] skip  C:\dev\abd-context-driven-delivery\_explore_clean_code.yaml
2026-07-14T15:20:25Z [post] skip  C:\dev\abd-context-driven-delivery\_explore_ooad.yaml
2026-07-14T15:20:25Z [post] skip  C:\dev\abd-context-driven-delivery\_explore_clean_code.yaml
2026-07-14T15:20:25Z [post] skip  C:\dev\abd-context-driven-delivery\_explore_ooad.yaml
2026-07-14T15:20:25Z [post] skip  C:\dev\abd-context-driven-delivery\_explore_clean_code.yaml
2026-07-14T15:20:38Z [pre ] skip  C:\dev\abd-context-driven-delivery\_generate_request.yaml
2026-07-14T15:20:38Z [read] skip  C:\dev\abd-context-driven-delivery\_generate_request.yaml
2026-07-14T15:20:39Z [post] skip  C:\dev\abd-context-driven-delivery\_generate_request.yaml
2026-07-14T15:20:42Z [pre ] skip  C:\dev\abd-context-driven-delivery\_explore_ooad.yaml
2026-07-14T15:20:43Z [post] skip  C:\dev\abd-context-driven-delivery\_explore_ooad.yaml
2026-07-14T15:20:43Z [post] skip  C:\dev\abd-context-driven-delivery\_explore_ooad.yaml
2026-07-14T15:20:44Z [pre ] skip  C:\dev\abd-context-driven-delivery\_explore_clean_code.yaml
2026-07-14T15:20:44Z [post] skip  C:\dev\abd-context-driven-delivery\_explore_clean_code.yaml
2026-07-14T15:20:45Z [post] skip  C:\dev\abd-context-driven-delivery\_explore_clean_code.yaml
2026-07-14T15:20:57Z [pre ] skip  C:\dev\abd-context-driven-delivery\ooad\.context\grill-answers.md
2026-07-14T15:20:57Z [pre ] skip  C:\dev\abd-context-driven-delivery\ooad\.context\ooad-model.md
2026-07-14T15:20:57Z [read] skip  C:\dev\abd-context-driven-delivery\ooad\.context\grill-answers.md
2026-07-14T15:20:58Z [pre ] skip  C:\dev\abd-context-driven-delivery\ooad\.context\rethinking-fidelity-and-process.md
2026-07-14T15:20:58Z [read] skip  C:\dev\abd-context-driven-delivery\ooad\.context\ooad-model.md
2026-07-14T15:20:58Z [post] skip  C:\dev\abd-context-driven-delivery\ooad\.context\grill-answers.md
2026-07-14T15:20:58Z [read] skip  C:\dev\abd-context-driven-delivery\ooad\.context\rethinking-fidelity-and-process.md
2026-07-14T15:20:58Z [post] skip  C:\dev\abd-context-driven-delivery\ooad\.context\ooad-model.md
2026-07-14T15:20:59Z [post] skip  C:\dev\abd-context-driven-delivery\ooad\.context\rethinking-fidelity-and-process.md
2026-07-14T15:21:51Z [post] skip  C:\dev\abd-context-driven-delivery\_grill_write.yaml
2026-07-14T15:21:52Z [post] skip  C:\dev\abd-context-driven-delivery\_grill_write.yaml
2026-07-14T15:22:09Z [post] skip  C:\dev\abd-context-driven-delivery\_sketch_find.yaml
2026-07-14T15:22:09Z [post] skip  C:\dev\abd-context-driven-delivery\_sketch_find.yaml
2026-07-14T15:23:03Z [post] skip  C:\dev\abd-context-driven-delivery\_sketch_save.yaml
2026-07-14T15:23:03Z [post] skip  C:\dev\abd-context-driven-delivery\_sketch_save.yaml
2026-07-14T15:25:06Z [pre ] skip  c:\dev\abd-context-driven-delivery\.cursor\skills\grill_context\SKILL.md
2026-07-14T15:25:07Z [read] skip  c:\dev\abd-context-driven-delivery\.cursor\skills\grill_context\SKILL.md
2026-07-14T15:25:07Z [post] skip  c:\dev\abd-context-driven-delivery\.cursor\skills\grill_context\SKILL.md
2026-07-14T15:25:16Z [post] skip  C:\dev\abd-context-driven-delivery
2026-07-14T15:25:16Z [post] skip  C:\dev\abd-context-driven-delivery\grill_context
2026-07-14T15:25:19Z [pre ] FIRED  C:\dev\abd-context-driven-delivery\grill_context\grill_context.py  — 1 manifest line(s)
2026-07-14T15:25:19Z [read] FIRED  C:\dev\abd-context-driven-delivery\grill_context\grill_context.py  — 1 manifest line(s)
2026-07-14T15:25:20Z [post] FIRED  C:\dev\abd-context-driven-delivery\grill_context\grill_context.py  — 1 manifest line(s)
2026-07-14T15:25:32Z [pre ] FIRED  C:\dev\abd-context-driven-delivery\grill_context\grill_context.py  — 1 manifest line(s)
2026-07-14T15:25:32Z [read] FIRED  C:\dev\abd-context-driven-delivery\grill_context\grill_context.py  — 1 manifest line(s)
2026-07-14T15:25:33Z [post] FIRED  C:\dev\abd-context-driven-delivery\grill_context\grill_context.py  — 1 manifest line(s)
2026-07-14T15:25:34Z [pre ] FIRED  C:\dev\abd-context-driven-delivery\grill_context\grill_context.py  — 1 manifest line(s)
2026-07-14T15:25:35Z [post] FIRED  C:\dev\abd-context-driven-delivery\grill_context\grill_context.py  — 1 manifest line(s)
2026-07-14T15:25:35Z [post] FIRED  C:\dev\abd-context-driven-delivery\grill_context\grill_context.py  — 1 manifest line(s)
2026-07-14T15:26:08Z [pre ] FIRED  C:\dev\abd-context-driven-delivery\grill_context\grill_context.py  — 1 manifest line(s)
2026-07-14T15:26:09Z [post] FIRED  C:\dev\abd-context-driven-delivery\grill_context\grill_context.py  — 1 manifest line(s)
2026-07-14T15:26:10Z [post] FIRED  C:\dev\abd-context-driven-delivery\grill_context\grill_context.py  — 1 manifest line(s)
2026-07-14T15:27:17Z [post] skip  C:\dev\abd-context-driven-delivery\_grill_write2.yaml
2026-07-14T15:27:17Z [post] skip  C:\dev\abd-context-driven-delivery\_grill_write2.yaml
2026-07-14T15:28:35Z [post] skip  C:\dev\abd-context-driven-delivery\_grill_write3.yaml
2026-07-14T15:28:36Z [post] skip  C:\dev\abd-context-driven-delivery\_grill_write3.yaml
2026-07-14T15:29:31Z [pre ] skip  C:\dev\abd-context-driven-delivery\_grill_write3.yaml
2026-07-14T15:29:31Z [post] skip  C:\dev\abd-context-driven-delivery\_grill_write3.yaml
2026-07-14T15:29:32Z [post] skip  C:\dev\abd-context-driven-delivery\_grill_write3.yaml
2026-07-14T15:30:02Z [pre ] skip  C:\dev\abd-context-driven-delivery\_sketch_save.yaml
2026-07-14T15:30:03Z [post] skip  C:\dev\abd-context-driven-delivery\_sketch_save.yaml
2026-07-14T15:30:03Z [post] skip  C:\dev\abd-context-driven-delivery\_sketch_save.yaml
2026-07-14T15:38:18Z [post] skip  C:\dev\abd-context-driven-delivery\_grill_write4.yaml
2026-07-14T15:38:19Z [post] skip  C:\dev\abd-context-driven-delivery\_grill_write4.yaml
2026-07-14T15:39:22Z [post] skip  C:\dev\abd-context-driven-delivery\_grill_write5.yaml
2026-07-14T15:39:23Z [post] skip  C:\dev\abd-context-driven-delivery\_grill_write5.yaml
2026-07-14T15:39:57Z [pre ] skip  C:\dev\abd-context-driven-delivery\_sketch_save.yaml
2026-07-14T15:39:57Z [post] skip  C:\dev\abd-context-driven-delivery\_sketch_save.yaml
2026-07-14T15:39:58Z [post] skip  C:\dev\abd-context-driven-delivery\_sketch_save.yaml
2026-07-14T15:41:49Z [post] skip  C:\dev\abd-context-driven-delivery\_grill_write6.yaml
2026-07-14T15:41:50Z [post] skip  C:\dev\abd-context-driven-delivery\_grill_write6.yaml
2026-07-14T15:42:23Z [pre ] skip  C:\dev\abd-context-driven-delivery\_sketch_save.yaml
2026-07-14T15:42:24Z [post] skip  C:\dev\abd-context-driven-delivery\_sketch_save.yaml
2026-07-14T15:42:24Z [post] skip  C:\dev\abd-context-driven-delivery\_sketch_save.yaml
2026-07-14T15:43:11Z [post] skip  C:\dev\abd-context-driven-delivery
2026-07-14T15:43:14Z [pre ] skip  C:\dev\abd-context-driven-delivery\ooad\fidelities\specification.md
2026-07-14T15:43:14Z [pre ] skip  C:\dev\abd-context-driven-delivery\ooad\fidelities\language.md
2026-07-14T15:43:14Z [read] skip  C:\dev\abd-context-driven-delivery\ooad\fidelities\specification.md
2026-07-14T15:43:14Z [read] skip  C:\dev\abd-context-driven-delivery\ooad\fidelities\language.md
2026-07-14T15:43:15Z [post] skip  C:\dev\abd-context-driven-delivery\ooad\fidelities\specification.md
2026-07-14T15:43:15Z [post] skip  C:\dev\abd-context-driven-delivery\ooad\fidelities\language.md
2026-07-14T15:44:16Z [pre ] FIRED  C:\dev\abd-context-driven-delivery\ooad\ooad.py  — 5 manifest line(s)
2026-07-14T15:44:17Z [post] FIRED  C:\dev\abd-context-driven-delivery\ooad\ooad.py  — 5 manifest line(s)
2026-07-14T15:44:18Z [post] FIRED  C:\dev\abd-context-driven-delivery\ooad\ooad.py  — 5 manifest line(s)
2026-07-14T15:44:49Z [post] skip  C:\dev\abd-context-driven-delivery\ooad\fidelities\engineering.md
2026-07-14T15:44:49Z [post] skip  C:\dev\abd-context-driven-delivery\ooad\fidelities\engineering.md
2026-07-14T15:45:11Z [pre ] FIRED  C:\dev\abd-context-driven-delivery\clean_code\clean_code.py  — 5 manifest line(s)
2026-07-14T15:45:12Z [post] FIRED  C:\dev\abd-context-driven-delivery\clean_code\clean_code.py  — 5 manifest line(s)
2026-07-14T15:45:13Z [post] FIRED  C:\dev\abd-context-driven-delivery\clean_code\clean_code.py  — 5 manifest line(s)
2026-07-14T15:51:54Z [pre ] skip  C:\dev\abd-context-driven-delivery\clean_code\clean-code.md
2026-07-14T15:51:55Z [read] skip  C:\dev\abd-context-driven-delivery\clean_code\clean-code.md
2026-07-14T15:51:55Z [post] skip  C:\dev\abd-context-driven-delivery\clean_code\clean-code.md
2026-07-14T15:51:56Z [pre ] skip  C:\dev\abd-context-driven-delivery\clean_code\clean-code.md
2026-07-14T15:51:57Z [post] skip  C:\dev\abd-context-driven-delivery\clean_code\clean-code.md
2026-07-14T15:51:57Z [post] skip  C:\dev\abd-context-driven-delivery\clean_code\clean-code.md
2026-07-14T15:52:20Z [pre ] skip  C:\dev\abd-context-driven-delivery\primitives\instruction.py
2026-07-14T15:52:20Z [post] skip  C:\dev\abd-context-driven-delivery\primitives\instruction.py
2026-07-14T15:52:35Z [post] skip  C:\dev\abd-context-driven-delivery
2026-07-14T15:52:46Z [post] skip  C:\dev\abd-context-driven-delivery
2026-07-14T15:52:46Z [post] skip  C:\dev\abd-context-driven-delivery\primitives
2026-07-14T15:53:02Z [pre ] FIRED  C:\dev\abd-context-driven-delivery\ooad\ooad.py  — 5 manifest line(s)
2026-07-14T15:53:03Z [post] FIRED  C:\dev\abd-context-driven-delivery\ooad\ooad.py  — 5 manifest line(s)
2026-07-14T15:53:04Z [post] FIRED  C:\dev\abd-context-driven-delivery\ooad\ooad.py  — 5 manifest line(s)
2026-07-14T16:11:10Z [post] skip  C:\dev\abd-context-driven-delivery\_grill_write7.yaml
2026-07-14T16:11:10Z [post] skip  C:\dev\abd-context-driven-delivery\_grill_write7.yaml
2026-07-14T16:11:31Z [pre ] skip  C:\dev\abd-context-driven-delivery\ooad\ooad.md
2026-07-14T16:11:31Z [read] skip  C:\dev\abd-context-driven-delivery\ooad\ooad.md
2026-07-14T16:11:32Z [post] skip  C:\dev\abd-context-driven-delivery\ooad\ooad.md
2026-07-14T16:11:33Z [pre ] skip  C:\dev\abd-context-driven-delivery\ooad\ooad.md
2026-07-14T16:11:33Z [post] skip  C:\dev\abd-context-driven-delivery\ooad\ooad.md
2026-07-14T16:11:34Z [post] skip  C:\dev\abd-context-driven-delivery\ooad\ooad.md
2026-07-14T16:11:44Z [pre ] skip  C:\dev\abd-context-driven-delivery\ooad\ooad.md
2026-07-14T16:11:44Z [post] skip  C:\dev\abd-context-driven-delivery\ooad\ooad.md
2026-07-14T16:11:45Z [post] skip  C:\dev\abd-context-driven-delivery\ooad\ooad.md
2026-07-14T16:12:01Z [pre ] skip  C:\dev\abd-context-driven-delivery\ooad\fidelities\engineering.md
2026-07-14T16:12:01Z [post] skip  C:\dev\abd-context-driven-delivery\ooad\fidelities\engineering.md
2026-07-14T16:12:02Z [post] skip  C:\dev\abd-context-driven-delivery\ooad\fidelities\engineering.md
2026-07-14T16:12:11Z [pre ] skip  C:\dev\abd-context-driven-delivery\ooad\fidelities\engineering.md
2026-07-14T16:12:12Z [post] skip  C:\dev\abd-context-driven-delivery\ooad\fidelities\engineering.md
2026-07-14T16:12:12Z [post] skip  C:\dev\abd-context-driven-delivery\ooad\fidelities\engineering.md
2026-07-14T16:17:38Z [pre ] skip  C:\dev\abd-context-driven-delivery\ooad\fidelities\model.md
2026-07-14T16:17:39Z [post] skip  C:\dev\abd-context-driven-delivery\ooad\fidelities\model.md
2026-07-14T16:17:39Z [post] skip  C:\dev\abd-context-driven-delivery\ooad\fidelities\model.md
2026-07-14T16:23:00Z [pre ] skip  C:\dev\abd-skills\practices\domain-driven-design\skills\abd-domain-language\templates\domain-language-template.md
2026-07-14T16:23:01Z [read] skip  C:\dev\abd-skills\practices\domain-driven-design\skills\abd-domain-language\templates\domain-language-template.md
2026-07-14T16:23:02Z [post] skip  C:\dev\abd-skills\practices\domain-driven-design\skills\abd-domain-language\templates\domain-language-template.md
2026-07-14T16:23:34Z [pre ] skip  C:\dev\abd-context-driven-delivery\ooad\fidelities\language.md
2026-07-14T16:23:35Z [read] skip  C:\dev\abd-context-driven-delivery\ooad\fidelities\language.md
2026-07-14T16:23:35Z [post] skip  C:\dev\abd-context-driven-delivery\ooad\fidelities\language.md
2026-07-14T16:23:36Z [pre ] skip  C:\dev\abd-context-driven-delivery\ooad\fidelities\language.md
2026-07-14T16:23:37Z [post] skip  C:\dev\abd-context-driven-delivery\ooad\fidelities\language.md
2026-07-14T16:23:37Z [post] skip  C:\dev\abd-context-driven-delivery\ooad\fidelities\language.md
2026-07-14T16:24:07Z [pre ] skip  C:\dev\abd-context-driven-delivery\ooad\fidelities\model.md
2026-07-14T16:24:07Z [post] skip  C:\dev\abd-context-driven-delivery\ooad\fidelities\model.md
2026-07-14T16:24:08Z [post] skip  C:\dev\abd-context-driven-delivery\ooad\fidelities\model.md
2026-07-14T16:24:11Z [pre ] skip  C:\dev\abd-context-driven-delivery\ooad\fidelities\specification.md
2026-07-14T16:24:12Z [read] skip  C:\dev\abd-context-driven-delivery\ooad\fidelities\specification.md
2026-07-14T16:24:12Z [post] skip  C:\dev\abd-context-driven-delivery\ooad\fidelities\specification.md
2026-07-14T16:24:13Z [pre ] skip  C:\dev\abd-context-driven-delivery\ooad\fidelities\specification.md
2026-07-14T16:24:14Z [post] skip  C:\dev\abd-context-driven-delivery\ooad\fidelities\specification.md
2026-07-14T16:24:14Z [post] skip  C:\dev\abd-context-driven-delivery\ooad\fidelities\specification.md
2026-07-14T16:24:23Z [pre ] skip  C:\dev\abd-context-driven-delivery\ooad\fidelities\engineering.md
2026-07-14T16:24:23Z [read] skip  C:\dev\abd-context-driven-delivery\ooad\fidelities\engineering.md
2026-07-14T16:24:23Z [post] skip  C:\dev\abd-context-driven-delivery\ooad\fidelities\engineering.md
2026-07-14T16:24:24Z [pre ] skip  C:\dev\abd-context-driven-delivery\ooad\fidelities\engineering.md
2026-07-14T16:24:25Z [post] skip  C:\dev\abd-context-driven-delivery\ooad\fidelities\engineering.md
2026-07-14T16:24:25Z [post] skip  C:\dev\abd-context-driven-delivery\ooad\fidelities\engineering.md
2026-07-14T16:25:08Z [pre ] skip  C:\dev\abd-context-driven-delivery\ooad\fidelities\language.md
2026-07-14T16:25:08Z [post] skip  C:\dev\abd-context-driven-delivery\ooad\fidelities\language.md
2026-07-14T16:25:09Z [post] skip  C:\dev\abd-context-driven-delivery\ooad\fidelities\language.md
2026-07-14T16:25:20Z [pre ] skip  C:\dev\abd-context-driven-delivery\ooad\fidelities\model.md
2026-07-14T16:25:20Z [post] skip  C:\dev\abd-context-driven-delivery\ooad\fidelities\model.md
2026-07-14T16:25:21Z [post] skip  C:\dev\abd-context-driven-delivery\ooad\fidelities\model.md
2026-07-14T16:25:27Z [pre ] skip  C:\dev\abd-context-driven-delivery\ooad\fidelities\specification.md
2026-07-14T16:25:28Z [post] skip  C:\dev\abd-context-driven-delivery\ooad\fidelities\specification.md
2026-07-14T16:25:28Z [post] skip  C:\dev\abd-context-driven-delivery\ooad\fidelities\specification.md
2026-07-14T16:36:03Z [post] skip  C:\dev\abd-context-driven-delivery
2026-07-14T16:37:33Z [post] skip  C:\dev\abd-context-driven-delivery
2026-07-14T16:37:37Z [pre ] FIRED  C:\dev\abd-context-driven-delivery\ooad\formats\python\ooad-examples.py  — 3 manifest line(s)
2026-07-14T16:37:37Z [read] FIRED  C:\dev\abd-context-driven-delivery\ooad\formats\python\ooad-examples.py  — 3 manifest line(s)
2026-07-14T16:37:38Z [post] FIRED  C:\dev\abd-context-driven-delivery\ooad\formats\python\ooad-examples.py  — 3 manifest line(s)
2026-07-14T16:41:48Z [post] skip  C:\dev\abd-context-driven-delivery\_grill_write8.yaml
2026-07-14T16:41:49Z [post] skip  C:\dev\abd-context-driven-delivery\_grill_write8.yaml
2026-07-14T16:42:03Z [pre ] FIRED  C:\dev\abd-context-driven-delivery\ooad\formats\python\ooad-template.py  — 3 manifest line(s)
2026-07-14T16:42:04Z [read] FIRED  C:\dev\abd-context-driven-delivery\ooad\formats\python\ooad-template.py  — 3 manifest line(s)
2026-07-14T16:42:04Z [post] FIRED  C:\dev\abd-context-driven-delivery\ooad\formats\python\ooad-template.py  — 3 manifest line(s)
2026-07-14T16:42:40Z [pre ] FIRED  C:\dev\abd-context-driven-delivery\ooad\formats\python\ooad-template.py  — 3 manifest line(s)
2026-07-14T16:42:40Z [read] FIRED  C:\dev\abd-context-driven-delivery\ooad\formats\python\ooad-template.py  — 3 manifest line(s)
2026-07-14T16:42:41Z [post] FIRED  C:\dev\abd-context-driven-delivery\ooad\formats\python\ooad-template.py  — 3 manifest line(s)
2026-07-14T16:42:42Z [pre ] FIRED  C:\dev\abd-context-driven-delivery\ooad\formats\python\ooad-template.py  — 3 manifest line(s)
2026-07-14T16:42:43Z [post] FIRED  C:\dev\abd-context-driven-delivery\ooad\formats\python\ooad-template.py  — 3 manifest line(s)
2026-07-14T16:42:43Z [post] FIRED  C:\dev\abd-context-driven-delivery\ooad\formats\python\ooad-template.py  — 3 manifest line(s)
2026-07-14T16:43:42Z [post] skip  C:\dev\abd-context-driven-delivery
2026-07-14T19:11:57Z [pre ] skip  C:\dev\abd-context-driven-delivery\.cursor\skills\clean_code\SKILL.md
2026-07-14T19:11:57Z [pre ] skip  C:\dev\abd-context-driven-delivery\.cursor\skills\clean-code\SKILL.md
2026-07-14T19:11:57Z [read] skip  C:\dev\abd-context-driven-delivery\.cursor\skills\clean-code\SKILL.md
2026-07-14T19:11:57Z [post] skip  C:\dev\abd-context-driven-delivery\.cursor\skills\clean_code\SKILL.md
2026-07-14T19:11:57Z [post] skip  C:\dev\abd-context-driven-delivery\.cursor\skills\clean-code\SKILL.md
2026-07-14T19:12:03Z [pre ] skip  C:\dev\abd-context-driven-delivery\.cursor\skills\clean_code\SKILL.md
2026-07-14T19:12:04Z [read] skip  C:\dev\abd-context-driven-delivery\.cursor\skills\clean_code\SKILL.md
2026-07-14T19:12:04Z [post] skip  C:\dev\abd-context-driven-delivery\.cursor\skills\clean_code\SKILL.md
2026-07-14T19:12:05Z [pre ] skip  C:\dev\abd-context-driven-delivery\.cursor\skills\clean-code\SKILL.md
2026-07-14T19:12:05Z [pre ] skip  C:\dev\abd-context-driven-delivery\.cursor\skills\clean_code\SKILL.md
2026-07-14T19:12:05Z [read] skip  C:\dev\abd-context-driven-delivery\.cursor\skills\clean-code\SKILL.md
2026-07-14T19:12:06Z [post] skip  C:\dev\abd-context-driven-delivery\.cursor\skills\clean_code\SKILL.md
2026-07-14T19:12:06Z [post] skip  C:\dev\abd-context-driven-delivery\.cursor\skills\clean-code\SKILL.md
2026-07-14T19:12:06Z [post] skip  C:\dev\abd-context-driven-delivery\.cursor\skills\clean_code\SKILL.md
2026-07-14T19:12:07Z [pre ] skip  C:\dev\abd-context-driven-delivery\.cursor\skills\clean-code\SKILL.md
2026-07-14T19:12:07Z [post] skip  C:\dev\abd-context-driven-delivery\.cursor\skills\clean-code\SKILL.md
2026-07-14T19:12:08Z [post] skip  C:\dev\abd-context-driven-delivery\.cursor\skills\clean-code\SKILL.md
2026-07-14T19:23:41Z [post] skip  C:\dev\abd-context-driven-delivery
2026-07-14T19:23:42Z [post] skip  C:\dev\abd-context-driven-delivery
2026-07-14T19:24:12Z [post] skip  C:\dev\abd-context-driven-delivery
2026-07-14T19:24:50Z [post] skip  C:\dev\abd-context-driven-delivery
2026-07-14T20:56:00Z [pre ] FIRED  C:\dev\abd-context-driven-delivery\ooad\formats\python\ooad-examples.py  — 3 manifest line(s)
2026-07-14T20:56:02Z [post] FIRED  C:\dev\abd-context-driven-delivery\ooad\formats\python\ooad-examples.py  — 3 manifest line(s)
2026-07-14T20:56:02Z [post] FIRED  C:\dev\abd-context-driven-delivery\ooad\formats\python\ooad-examples.py  — 3 manifest line(s)
2026-07-14T20:56:15Z [pre ] skip  C:\dev\abd-context-driven-delivery\ooad\fidelities\language.md
2026-07-14T20:56:16Z [read] skip  C:\dev\abd-context-driven-delivery\ooad\fidelities\language.md
2026-07-14T20:56:16Z [post] skip  C:\dev\abd-context-driven-delivery\ooad\fidelities\language.md
2026-07-14T20:56:17Z [pre ] skip  C:\dev\abd-context-driven-delivery\ooad\fidelities\language.md
2026-07-14T20:56:18Z [post] skip  C:\dev\abd-context-driven-delivery\ooad\fidelities\language.md
2026-07-14T20:56:18Z [post] skip  C:\dev\abd-context-driven-delivery\ooad\fidelities\language.md
2026-07-14T20:56:31Z [pre ] FIRED  C:\dev\abd-context-driven-delivery\ooad\formats\python\ooad-template.py  — 3 manifest line(s)
2026-07-14T20:56:31Z [post] FIRED  C:\dev\abd-context-driven-delivery\ooad\formats\python\ooad-template.py  — 3 manifest line(s)
2026-07-14T20:56:32Z [post] FIRED  C:\dev\abd-context-driven-delivery\ooad\formats\python\ooad-template.py  — 3 manifest line(s)
2026-07-14T20:57:11Z [pre ] FIRED  C:\dev\abd-context-driven-delivery\ooad\formats\python\ooad-examples.py  — 3 manifest line(s)
2026-07-14T20:57:12Z [post] FIRED  C:\dev\abd-context-driven-delivery\ooad\formats\python\ooad-examples.py  — 3 manifest line(s)
2026-07-14T20:57:13Z [post] FIRED  C:\dev\abd-context-driven-delivery\ooad\formats\python\ooad-examples.py  — 3 manifest line(s)
2026-07-14T20:57:23Z [pre ] FIRED  C:\dev\abd-context-driven-delivery\ooad\formats\python\ooad-examples.py  — 3 manifest line(s)
2026-07-14T20:57:24Z [post] FIRED  C:\dev\abd-context-driven-delivery\ooad\formats\python\ooad-examples.py  — 3 manifest line(s)
2026-07-14T20:57:24Z [post] FIRED  C:\dev\abd-context-driven-delivery\ooad\formats\python\ooad-examples.py  — 3 manifest line(s)
2026-07-14T21:00:22Z [pre ] skip  C:\dev\abd-context-driven-delivery\ooad\formats\java\ooad-template.java
2026-07-14T21:00:23Z [pre ] skip  C:\dev\abd-context-driven-delivery\ooad\formats\java\ooad-examples.java
2026-07-14T21:00:23Z [read] skip  C:\dev\abd-context-driven-delivery\ooad\formats\java\ooad-template.java
2026-07-14T21:00:23Z [read] skip  C:\dev\abd-context-driven-delivery\ooad\formats\java\ooad-examples.java
2026-07-14T21:00:23Z [post] skip  C:\dev\abd-context-driven-delivery\ooad\formats\java\ooad-template.java
2026-07-14T21:00:24Z [post] skip  C:\dev\abd-context-driven-delivery\ooad\formats\java\ooad-examples.java
2026-07-14T21:04:10Z [pre ] skip  C:\dev\abd-context-driven-delivery\ooad\formats\javascript\ooad-template.js
2026-07-14T21:04:10Z [pre ] skip  C:\dev\abd-context-driven-delivery\ooad\formats\typescript\ooad-template.ts
2026-07-14T21:04:10Z [read] skip  C:\dev\abd-context-driven-delivery\ooad\formats\typescript\ooad-template.ts
2026-07-14T21:04:10Z [read] skip  C:\dev\abd-context-driven-delivery\ooad\formats\javascript\ooad-template.js
2026-07-14T21:04:11Z [post] skip  C:\dev\abd-context-driven-delivery\ooad\formats\javascript\ooad-template.js
2026-07-14T21:04:11Z [post] skip  C:\dev\abd-context-driven-delivery\ooad\formats\typescript\ooad-template.ts
2026-07-14T21:04:35Z [pre ] skip  C:\dev\abd-context-driven-delivery\ooad\formats\java\ooad-template.java
2026-07-14T21:04:35Z [read] skip  C:\dev\abd-context-driven-delivery\ooad\formats\java\ooad-template.java
2026-07-14T21:04:36Z [post] skip  C:\dev\abd-context-driven-delivery\ooad\formats\java\ooad-template.java
2026-07-14T21:04:37Z [pre ] skip  C:\dev\abd-context-driven-delivery\ooad\formats\java\ooad-template.java
2026-07-14T21:04:38Z [post] skip  C:\dev\abd-context-driven-delivery\ooad\formats\java\ooad-template.java
2026-07-14T21:04:38Z [post] skip  C:\dev\abd-context-driven-delivery\ooad\formats\java\ooad-template.java
2026-07-14T21:04:42Z [pre ] skip  C:\dev\abd-context-driven-delivery\ooad\formats\java\ooad-examples.java
2026-07-14T21:04:42Z [pre ] skip  C:\dev\abd-context-driven-delivery\ooad\formats\typescript\ooad-examples.ts
2026-07-14T21:04:43Z [read] skip  C:\dev\abd-context-driven-delivery\ooad\formats\typescript\ooad-examples.ts
2026-07-14T21:04:43Z [read] skip  C:\dev\abd-context-driven-delivery\ooad\formats\java\ooad-examples.java
2026-07-14T21:04:43Z [post] skip  C:\dev\abd-context-driven-delivery\ooad\formats\java\ooad-examples.java
2026-07-14T21:04:43Z [post] skip  C:\dev\abd-context-driven-delivery\ooad\formats\typescript\ooad-examples.ts
2026-07-14T21:04:47Z [post] skip  C:\dev\abd-context-driven-delivery
2026-07-14T21:05:29Z [pre ] skip  C:\dev\abd-context-driven-delivery\ooad\formats\java\ooad-examples.java
2026-07-14T21:05:29Z [read] skip  C:\dev\abd-context-driven-delivery\ooad\formats\java\ooad-examples.java
2026-07-14T21:05:30Z [post] skip  C:\dev\abd-context-driven-delivery\ooad\formats\java\ooad-examples.java
2026-07-14T21:05:31Z [pre ] skip  C:\dev\abd-context-driven-delivery\ooad\formats\java\ooad-examples.java
2026-07-14T21:05:31Z [post] skip  C:\dev\abd-context-driven-delivery\ooad\formats\java\ooad-examples.java
2026-07-14T21:05:32Z [post] skip  C:\dev\abd-context-driven-delivery\ooad\formats\java\ooad-examples.java
2026-07-14T21:05:52Z [pre ] skip  C:\dev\abd-context-driven-delivery\ooad\formats\typescript\ooad-template.ts
2026-07-14T21:05:52Z [read] skip  C:\dev\abd-context-driven-delivery\ooad\formats\typescript\ooad-template.ts
2026-07-14T21:05:53Z [post] skip  C:\dev\abd-context-driven-delivery\ooad\formats\typescript\ooad-template.ts
2026-07-14T21:05:53Z [pre ] skip  C:\dev\abd-context-driven-delivery\ooad\formats\typescript\ooad-template.ts
2026-07-14T21:05:54Z [post] skip  C:\dev\abd-context-driven-delivery\ooad\formats\typescript\ooad-template.ts
2026-07-14T21:05:54Z [post] skip  C:\dev\abd-context-driven-delivery\ooad\formats\typescript\ooad-template.ts
2026-07-14T21:06:21Z [pre ] skip  C:\dev\abd-context-driven-delivery\ooad\formats\typescript\ooad-examples.ts
2026-07-14T21:06:21Z [read] skip  C:\dev\abd-context-driven-delivery\ooad\formats\typescript\ooad-examples.ts
2026-07-14T21:06:22Z [post] skip  C:\dev\abd-context-driven-delivery\ooad\formats\typescript\ooad-examples.ts
2026-07-14T21:06:22Z [pre ] skip  C:\dev\abd-context-driven-delivery\ooad\formats\typescript\ooad-examples.ts
2026-07-14T21:06:23Z [post] skip  C:\dev\abd-context-driven-delivery\ooad\formats\typescript\ooad-examples.ts
2026-07-14T21:06:23Z [post] skip  C:\dev\abd-context-driven-delivery\ooad\formats\typescript\ooad-examples.ts
2026-07-14T21:06:26Z [pre ] skip  C:\dev\abd-context-driven-delivery\ooad\formats\javascript\ooad-examples.js
2026-07-14T21:06:26Z [read] skip  C:\dev\abd-context-driven-delivery\ooad\formats\javascript\ooad-examples.js
2026-07-14T21:06:26Z [post] skip  C:\dev\abd-context-driven-delivery\ooad\formats\javascript\ooad-examples.js
2026-07-14T21:06:47Z [pre ] skip  C:\dev\abd-context-driven-delivery\ooad\formats\javascript\ooad-template.js
2026-07-14T21:06:48Z [read] skip  C:\dev\abd-context-driven-delivery\ooad\formats\javascript\ooad-template.js
2026-07-14T21:06:48Z [post] skip  C:\dev\abd-context-driven-delivery\ooad\formats\javascript\ooad-template.js
2026-07-14T21:06:49Z [pre ] skip  C:\dev\abd-context-driven-delivery\ooad\formats\javascript\ooad-template.js
2026-07-14T21:06:49Z [post] skip  C:\dev\abd-context-driven-delivery\ooad\formats\javascript\ooad-template.js
2026-07-14T21:06:50Z [post] skip  C:\dev\abd-context-driven-delivery\ooad\formats\javascript\ooad-template.js
2026-07-14T21:07:19Z [pre ] skip  C:\dev\abd-context-driven-delivery\ooad\formats\javascript\ooad-examples.js
2026-07-14T21:07:19Z [read] skip  C:\dev\abd-context-driven-delivery\ooad\formats\javascript\ooad-examples.js
2026-07-14T21:07:20Z [post] skip  C:\dev\abd-context-driven-delivery\ooad\formats\javascript\ooad-examples.js
2026-07-14T21:07:21Z [pre ] skip  C:\dev\abd-context-driven-delivery\ooad\formats\javascript\ooad-examples.js
2026-07-14T21:07:21Z [post] skip  C:\dev\abd-context-driven-delivery\ooad\formats\javascript\ooad-examples.js
2026-07-14T21:07:22Z [post] skip  C:\dev\abd-context-driven-delivery\ooad\formats\javascript\ooad-examples.js
2026-07-14T21:07:44Z [pre ] skip  C:\dev\abd-context-driven-delivery\ooad\formats\markdown\ooad-examples.md
2026-07-14T21:07:45Z [read] skip  C:\dev\abd-context-driven-delivery\ooad\formats\markdown\ooad-examples.md
2026-07-14T21:07:45Z [pre ] skip  C:\dev\abd-context-driven-delivery\ooad\formats\json\ooad-template.json
2026-07-14T21:07:45Z [pre ] skip  C:\dev\abd-context-driven-delivery\ooad\formats\drawio\ooad-template.drawio
2026-07-14T21:07:45Z [post] skip  C:\dev\abd-context-driven-delivery\ooad\formats\markdown\ooad-examples.md
2026-07-14T21:07:46Z [read] skip  C:\dev\abd-context-driven-delivery\ooad\formats\json\ooad-template.json
2026-07-14T21:07:46Z [read] skip  C:\dev\abd-context-driven-delivery\ooad\formats\drawio\ooad-template.drawio
2026-07-14T21:07:46Z [post] skip  C:\dev\abd-context-driven-delivery\ooad\formats\json\ooad-template.json
2026-07-14T21:07:46Z [post] skip  C:\dev\abd-context-driven-delivery\ooad\formats\drawio\ooad-template.drawio
2026-07-14T21:12:45Z [pre ] skip  C:\dev\abd-context-driven-delivery\ooad\formats\java\ooad-examples.java
2026-07-14T21:12:47Z [post] skip  C:\dev\abd-context-driven-delivery\ooad\formats\java\ooad-examples.java
2026-07-14T21:12:47Z [post] skip  C:\dev\abd-context-driven-delivery\ooad\formats\java\ooad-examples.java
2026-07-14T21:13:01Z [pre ] skip  C:\dev\abd-context-driven-delivery\ooad\formats\java\ooad-template.java
2026-07-14T21:13:01Z [post] skip  C:\dev\abd-context-driven-delivery\ooad\formats\java\ooad-template.java
2026-07-14T21:13:02Z [post] skip  C:\dev\abd-context-driven-delivery\ooad\formats\java\ooad-template.java
2026-07-14T21:13:07Z [pre ] skip  C:\dev\abd-context-driven-delivery\ooad\formats\java\ooad-template.java
2026-07-14T21:13:08Z [post] skip  C:\dev\abd-context-driven-delivery\ooad\formats\java\ooad-template.java
2026-07-14T21:13:08Z [post] skip  C:\dev\abd-context-driven-delivery\ooad\formats\java\ooad-template.java
2026-07-14T21:13:13Z [pre ] skip  C:\dev\abd-context-driven-delivery\ooad\formats\java\ooad-template.java
2026-07-14T21:13:13Z [post] skip  C:\dev\abd-context-driven-delivery\ooad\formats\java\ooad-template.java
2026-07-14T21:13:14Z [post] skip  C:\dev\abd-context-driven-delivery\ooad\formats\java\ooad-template.java
2026-07-14T21:13:18Z [pre ] skip  C:\dev\abd-context-driven-delivery\ooad\formats\typescript\ooad-template.ts
2026-07-14T21:13:18Z [post] skip  C:\dev\abd-context-driven-delivery\ooad\formats\typescript\ooad-template.ts
2026-07-14T21:13:19Z [post] skip  C:\dev\abd-context-driven-delivery\ooad\formats\typescript\ooad-template.ts
2026-07-14T21:13:23Z [pre ] skip  C:\dev\abd-context-driven-delivery\ooad\formats\typescript\ooad-template.ts
2026-07-14T21:13:24Z [post] skip  C:\dev\abd-context-driven-delivery\ooad\formats\typescript\ooad-template.ts
2026-07-14T21:13:24Z [post] skip  C:\dev\abd-context-driven-delivery\ooad\formats\typescript\ooad-template.ts
2026-07-14T21:13:29Z [pre ] skip  C:\dev\abd-context-driven-delivery\ooad\formats\typescript\ooad-template.ts
2026-07-14T21:13:30Z [post] skip  C:\dev\abd-context-driven-delivery\ooad\formats\typescript\ooad-template.ts
2026-07-14T21:13:30Z [post] skip  C:\dev\abd-context-driven-delivery\ooad\formats\typescript\ooad-template.ts
2026-07-14T21:13:34Z [pre ] skip  C:\dev\abd-context-driven-delivery\ooad\formats\javascript\ooad-template.js
2026-07-14T21:13:35Z [post] skip  C:\dev\abd-context-driven-delivery\ooad\formats\javascript\ooad-template.js
2026-07-14T21:13:35Z [post] skip  C:\dev\abd-context-driven-delivery\ooad\formats\javascript\ooad-template.js
2026-07-14T21:13:39Z [pre ] skip  C:\dev\abd-context-driven-delivery\ooad\formats\javascript\ooad-template.js
2026-07-14T21:13:40Z [post] skip  C:\dev\abd-context-driven-delivery\ooad\formats\javascript\ooad-template.js
2026-07-14T21:13:40Z [post] skip  C:\dev\abd-context-driven-delivery\ooad\formats\javascript\ooad-template.js
2026-07-14T21:13:45Z [pre ] skip  C:\dev\abd-context-driven-delivery\ooad\formats\javascript\ooad-template.js
2026-07-14T21:13:45Z [post] skip  C:\dev\abd-context-driven-delivery\ooad\formats\javascript\ooad-template.js
2026-07-14T21:13:46Z [post] skip  C:\dev\abd-context-driven-delivery\ooad\formats\javascript\ooad-template.js
2026-07-14T21:13:53Z [pre ] skip  C:\dev\abd-context-driven-delivery\ooad\formats\typescript\ooad-examples.ts
2026-07-14T21:13:53Z [post] skip  C:\dev\abd-context-driven-delivery\ooad\formats\typescript\ooad-examples.ts
2026-07-14T21:13:54Z [post] skip  C:\dev\abd-context-driven-delivery\ooad\formats\typescript\ooad-examples.ts
2026-07-14T21:14:06Z [pre ] skip  C:\dev\abd-context-driven-delivery\ooad\formats\typescript\ooad-examples.ts
2026-07-14T21:14:07Z [post] skip  C:\dev\abd-context-driven-delivery\ooad\formats\typescript\ooad-examples.ts
2026-07-14T21:14:07Z [post] skip  C:\dev\abd-context-driven-delivery\ooad\formats\typescript\ooad-examples.ts
2026-07-14T21:17:38Z [pre ] skip  C:\dev\abd-context-driven-delivery\ooad\formats\javascript\ooad-examples.js
2026-07-14T21:17:38Z [post] skip  C:\dev\abd-context-driven-delivery\ooad\formats\javascript\ooad-examples.js
2026-07-14T21:17:39Z [post] skip  C:\dev\abd-context-driven-delivery\ooad\formats\javascript\ooad-examples.js
2026-07-14T21:19:42Z [pre ] FIRED  C:\dev\abd-context-driven-delivery\ooad\formats\python\ooad-template.py  — 3 manifest line(s)
2026-07-14T21:19:46Z [post] FIRED  C:\dev\abd-context-driven-delivery\ooad\formats\python\ooad-template.py  — 3 manifest line(s)
2026-07-14T21:19:46Z [post] FIRED  C:\dev\abd-context-driven-delivery\ooad\formats\python\ooad-template.py  — 3 manifest line(s)
2026-07-14T21:20:01Z [pre ] FIRED  C:\dev\abd-context-driven-delivery\ooad\formats\python\ooad-examples.py  — 3 manifest line(s)
2026-07-14T21:20:01Z [post] FIRED  C:\dev\abd-context-driven-delivery\ooad\formats\python\ooad-examples.py  — 3 manifest line(s)
2026-07-14T21:20:02Z [post] FIRED  C:\dev\abd-context-driven-delivery\ooad\formats\python\ooad-examples.py  — 3 manifest line(s)
2026-07-14T21:20:07Z [pre ] FIRED  C:\dev\abd-context-driven-delivery\ooad\formats\python\ooad-examples.py  — 3 manifest line(s)
2026-07-14T21:20:08Z [post] FIRED  C:\dev\abd-context-driven-delivery\ooad\formats\python\ooad-examples.py  — 3 manifest line(s)
2026-07-14T21:20:09Z [post] FIRED  C:\dev\abd-context-driven-delivery\ooad\formats\python\ooad-examples.py  — 3 manifest line(s)
2026-07-14T21:20:16Z [pre ] FIRED  C:\dev\abd-context-driven-delivery\ooad\formats\python\ooad-examples.py  — 3 manifest line(s)
2026-07-14T21:20:16Z [post] FIRED  C:\dev\abd-context-driven-delivery\ooad\formats\python\ooad-examples.py  — 3 manifest line(s)
2026-07-14T21:20:17Z [post] FIRED  C:\dev\abd-context-driven-delivery\ooad\formats\python\ooad-examples.py  — 3 manifest line(s)
2026-07-14T21:20:21Z [pre ] skip  C:\dev\abd-context-driven-delivery\ooad\formats\java\ooad-template.java
2026-07-14T21:20:21Z [read] skip  C:\dev\abd-context-driven-delivery\ooad\formats\java\ooad-template.java
2026-07-14T21:20:22Z [post] skip  C:\dev\abd-context-driven-delivery\ooad\formats\java\ooad-template.java
2026-07-14T21:20:28Z [pre ] skip  C:\dev\abd-context-driven-delivery\ooad\formats\java\ooad-template.java
2026-07-14T21:20:28Z [read] skip  C:\dev\abd-context-driven-delivery\ooad\formats\java\ooad-template.java
2026-07-14T21:20:29Z [post] skip  C:\dev\abd-context-driven-delivery\ooad\formats\java\ooad-template.java
2026-07-14T21:20:29Z [pre ] skip  C:\dev\abd-context-driven-delivery\ooad\formats\java\ooad-template.java
2026-07-14T21:20:30Z [post] skip  C:\dev\abd-context-driven-delivery\ooad\formats\java\ooad-template.java
2026-07-14T21:20:30Z [post] skip  C:\dev\abd-context-driven-delivery\ooad\formats\java\ooad-template.java
2026-07-14T21:20:34Z [pre ] skip  C:\dev\abd-context-driven-delivery\ooad\formats\java\ooad-template.java
2026-07-14T21:20:35Z [post] skip  C:\dev\abd-context-driven-delivery\ooad\formats\java\ooad-template.java
2026-07-14T21:20:35Z [post] skip  C:\dev\abd-context-driven-delivery\ooad\formats\java\ooad-template.java
2026-07-14T21:20:40Z [pre ] skip  C:\dev\abd-context-driven-delivery\ooad\formats\java\ooad-template.java
2026-07-14T21:20:41Z [post] skip  C:\dev\abd-context-driven-delivery\ooad\formats\java\ooad-template.java
2026-07-14T21:20:41Z [post] skip  C:\dev\abd-context-driven-delivery\ooad\formats\java\ooad-template.java
2026-07-14T21:20:47Z [pre ] skip  C:\dev\abd-context-driven-delivery\ooad\formats\java\ooad-examples.java
2026-07-14T21:20:48Z [post] skip  C:\dev\abd-context-driven-delivery\ooad\formats\java\ooad-examples.java
2026-07-14T21:20:48Z [post] skip  C:\dev\abd-context-driven-delivery\ooad\formats\java\ooad-examples.java
2026-07-14T21:20:59Z [pre ] skip  C:\dev\abd-context-driven-delivery\ooad\formats\java\ooad-examples.java
2026-07-14T21:20:59Z [post] skip  C:\dev\abd-context-driven-delivery\ooad\formats\java\ooad-examples.java
2026-07-14T21:21:00Z [post] skip  C:\dev\abd-context-driven-delivery\ooad\formats\java\ooad-examples.java
2026-07-14T21:21:07Z [pre ] skip  C:\dev\abd-context-driven-delivery\ooad\formats\java\ooad-examples.java
2026-07-14T21:21:07Z [post] skip  C:\dev\abd-context-driven-delivery\ooad\formats\java\ooad-examples.java
2026-07-14T21:21:08Z [post] skip  C:\dev\abd-context-driven-delivery\ooad\formats\java\ooad-examples.java
2026-07-14T21:21:14Z [pre ] skip  C:\dev\abd-context-driven-delivery\ooad\formats\java\ooad-examples.java
2026-07-14T21:21:14Z [post] skip  C:\dev\abd-context-driven-delivery\ooad\formats\java\ooad-examples.java
2026-07-14T21:21:15Z [post] skip  C:\dev\abd-context-driven-delivery\ooad\formats\java\ooad-examples.java
2026-07-14T21:21:19Z [pre ] skip  C:\dev\abd-context-driven-delivery\ooad\formats\java\ooad-examples.java
2026-07-14T21:21:20Z [post] skip  C:\dev\abd-context-driven-delivery\ooad\formats\java\ooad-examples.java
2026-07-14T21:21:20Z [post] skip  C:\dev\abd-context-driven-delivery\ooad\formats\java\ooad-examples.java
2026-07-14T21:21:25Z [pre ] skip  C:\dev\abd-context-driven-delivery\ooad\formats\java\ooad-examples.java
2026-07-14T21:21:26Z [post] skip  C:\dev\abd-context-driven-delivery\ooad\formats\java\ooad-examples.java
2026-07-14T21:21:26Z [post] skip  C:\dev\abd-context-driven-delivery\ooad\formats\java\ooad-examples.java
2026-07-14T21:21:31Z [pre ] skip  C:\dev\abd-context-driven-delivery\ooad\formats\typescript\ooad-examples.ts
2026-07-14T21:21:32Z [post] skip  C:\dev\abd-context-driven-delivery\ooad\formats\typescript\ooad-examples.ts
2026-07-14T21:21:32Z [post] skip  C:\dev\abd-context-driven-delivery\ooad\formats\typescript\ooad-examples.ts
2026-07-14T21:21:43Z [pre ] skip  C:\dev\abd-context-driven-delivery\ooad\formats\typescript\ooad-examples.ts
2026-07-14T21:21:43Z [post] skip  C:\dev\abd-context-driven-delivery\ooad\formats\typescript\ooad-examples.ts
2026-07-14T21:21:44Z [post] skip  C:\dev\abd-context-driven-delivery\ooad\formats\typescript\ooad-examples.ts
2026-07-14T21:21:51Z [pre ] skip  C:\dev\abd-context-driven-delivery\ooad\formats\typescript\ooad-examples.ts
2026-07-14T21:21:51Z [post] skip  C:\dev\abd-context-driven-delivery\ooad\formats\typescript\ooad-examples.ts
2026-07-14T21:21:52Z [post] skip  C:\dev\abd-context-driven-delivery\ooad\formats\typescript\ooad-examples.ts
2026-07-14T21:21:57Z [pre ] skip  C:\dev\abd-context-driven-delivery\ooad\formats\typescript\ooad-template.ts
2026-07-14T21:21:58Z [post] skip  C:\dev\abd-context-driven-delivery\ooad\formats\typescript\ooad-template.ts
2026-07-14T21:21:58Z [post] skip  C:\dev\abd-context-driven-delivery\ooad\formats\typescript\ooad-template.ts
2026-07-14T21:22:06Z [pre ] skip  C:\dev\abd-context-driven-delivery\ooad\formats\typescript\ooad-template.ts
2026-07-14T21:22:07Z [post] skip  C:\dev\abd-context-driven-delivery\ooad\formats\typescript\ooad-template.ts
2026-07-14T21:22:07Z [post] skip  C:\dev\abd-context-driven-delivery\ooad\formats\typescript\ooad-template.ts
2026-07-14T21:22:14Z [pre ] skip  C:\dev\abd-context-driven-delivery\ooad\formats\typescript\ooad-template.ts
2026-07-14T21:22:14Z [post] skip  C:\dev\abd-context-driven-delivery\ooad\formats\typescript\ooad-template.ts
2026-07-14T21:22:15Z [post] skip  C:\dev\abd-context-driven-delivery\ooad\formats\typescript\ooad-template.ts
2026-07-14T21:22:20Z [pre ] skip  C:\dev\abd-context-driven-delivery\ooad\formats\javascript\ooad-template.js
2026-07-14T21:22:21Z [post] skip  C:\dev\abd-context-driven-delivery\ooad\formats\javascript\ooad-template.js
2026-07-14T21:22:21Z [post] skip  C:\dev\abd-context-driven-delivery\ooad\formats\javascript\ooad-template.js
2026-07-14T21:22:26Z [pre ] skip  C:\dev\abd-context-driven-delivery\ooad\formats\javascript\ooad-template.js
2026-07-14T21:22:26Z [post] skip  C:\dev\abd-context-driven-delivery\ooad\formats\javascript\ooad-template.js
2026-07-14T21:22:27Z [post] skip  C:\dev\abd-context-driven-delivery\ooad\formats\javascript\ooad-template.js
2026-07-14T21:22:30Z [pre ] skip  C:\dev\abd-context-driven-delivery\ooad\formats\javascript\ooad-template.js
2026-07-14T21:22:31Z [post] skip  C:\dev\abd-context-driven-delivery\ooad\formats\javascript\ooad-template.js
2026-07-14T21:22:31Z [post] skip  C:\dev\abd-context-driven-delivery\ooad\formats\javascript\ooad-template.js
2026-07-14T21:22:37Z [pre ] skip  C:\dev\abd-context-driven-delivery\ooad\formats\javascript\ooad-examples.js
2026-07-14T21:22:37Z [post] skip  C:\dev\abd-context-driven-delivery\ooad\formats\javascript\ooad-examples.js
2026-07-14T21:22:38Z [post] skip  C:\dev\abd-context-driven-delivery\ooad\formats\javascript\ooad-examples.js
2026-07-14T21:22:52Z [pre ] skip  C:\dev\abd-context-driven-delivery\ooad\formats\javascript\ooad-examples.js
2026-07-14T21:22:52Z [post] skip  C:\dev\abd-context-driven-delivery\ooad\formats\javascript\ooad-examples.js
2026-07-14T21:22:53Z [post] skip  C:\dev\abd-context-driven-delivery\ooad\formats\javascript\ooad-examples.js
2026-07-14T21:23:11Z [pre ] skip  C:\dev\abd-context-driven-delivery\ooad\formats\markdown\ooad-template.md
2026-07-14T21:23:11Z [read] skip  C:\dev\abd-context-driven-delivery\ooad\formats\markdown\ooad-template.md
2026-07-14T21:23:11Z [post] skip  C:\dev\abd-context-driven-delivery\ooad\formats\markdown\ooad-template.md
2026-07-14T21:23:46Z [pre ] skip  C:\dev\abd-context-driven-delivery\ooad\formats\markdown\ooad-template.md
2026-07-14T21:23:47Z [read] skip  C:\dev\abd-context-driven-delivery\ooad\formats\markdown\ooad-template.md
2026-07-14T21:23:47Z [post] skip  C:\dev\abd-context-driven-delivery\ooad\formats\markdown\ooad-template.md
2026-07-14T21:23:48Z [pre ] skip  C:\dev\abd-context-driven-delivery\ooad\formats\markdown\ooad-template.md
2026-07-14T21:23:48Z [post] skip  C:\dev\abd-context-driven-delivery\ooad\formats\markdown\ooad-template.md
2026-07-14T21:23:49Z [post] skip  C:\dev\abd-context-driven-delivery\ooad\formats\markdown\ooad-template.md
2026-07-14T21:24:14Z [pre ] skip  C:\dev\abd-context-driven-delivery\ooad\formats\markdown\ooad-examples.md
2026-07-14T21:24:15Z [post] skip  C:\dev\abd-context-driven-delivery\ooad\formats\markdown\ooad-examples.md
2026-07-14T21:24:16Z [post] skip  C:\dev\abd-context-driven-delivery\ooad\formats\markdown\ooad-examples.md
2026-07-14T21:28:59Z [post] skip  C:\dev\abd-context-driven-delivery
2026-07-14T21:29:07Z [pre ] FIRED  C:\dev\abd-context-driven-delivery\ooad\ooad.py  — 5 manifest line(s)
2026-07-14T21:29:07Z [post] skip  C:\dev\abd-context-driven-delivery
2026-07-14T21:29:08Z [read] FIRED  C:\dev\abd-context-driven-delivery\ooad\ooad.py  — 5 manifest line(s)
2026-07-14T21:29:09Z [post] FIRED  C:\dev\abd-context-driven-delivery\ooad\ooad.py  — 5 manifest line(s)
2026-07-14T21:33:26Z [pre ] skip  C:\dev\abd-context-driven-delivery\ooad\evals\engineering\examples.md
2026-07-14T21:33:26Z [read] skip  C:\dev\abd-context-driven-delivery\ooad\evals\engineering\examples.md
2026-07-14T21:33:27Z [post] skip  C:\dev\abd-context-driven-delivery\ooad\evals\engineering\examples.md
2026-07-15T00:03:46Z [pre ] skip  C:\dev\abd-context-driven-delivery\ooad\ooad.md
2026-07-15T00:03:47Z [post] skip  C:\dev\abd-context-driven-delivery\ooad\ooad.md
2026-07-15T00:03:48Z [post] skip  C:\dev\abd-context-driven-delivery\ooad\ooad.md
2026-07-15T00:04:07Z [pre ] skip  C:\dev\abd-context-driven-delivery\ooad\fidelities\language.md
2026-07-15T00:04:07Z [post] skip  C:\dev\abd-context-driven-delivery\ooad\fidelities\language.md
2026-07-15T00:04:08Z [post] skip  C:\dev\abd-context-driven-delivery\ooad\fidelities\language.md
2026-07-15T00:10:41Z [pre ] skip  C:\dev\abd-context-driven-delivery\ooad\fidelities\language.md
2026-07-15T00:10:42Z [post] skip  C:\dev\abd-context-driven-delivery\ooad\fidelities\language.md
2026-07-15T00:10:43Z [post] skip  C:\dev\abd-context-driven-delivery\ooad\fidelities\language.md
2026-07-15T00:10:47Z [pre ] skip  C:\dev\abd-context-driven-delivery\ooad\ooad.md
2026-07-15T00:10:48Z [post] skip  C:\dev\abd-context-driven-delivery\ooad\ooad.md
2026-07-15T00:10:48Z [post] skip  C:\dev\abd-context-driven-delivery\ooad\ooad.md
2026-07-15T00:26:39Z [pre ] skip  C:\dev\abd-context-driven-delivery\ooad\fidelities\language.md
2026-07-15T00:26:40Z [post] skip  C:\dev\abd-context-driven-delivery\ooad\fidelities\language.md
2026-07-15T00:26:40Z [post] skip  C:\dev\abd-context-driven-delivery\ooad\fidelities\language.md
2026-07-15T00:26:58Z [pre ] skip  C:\dev\abd-context-driven-delivery\ooad\ooad.md
2026-07-15T00:26:58Z [post] skip  C:\dev\abd-context-driven-delivery\ooad\ooad.md
2026-07-15T00:26:59Z [post] skip  C:\dev\abd-context-driven-delivery\ooad\ooad.md
2026-07-15T00:31:08Z [pre ] skip  C:\dev\abd-context-driven-delivery\ooad\fidelities\language.md
2026-07-15T00:31:09Z [post] skip  C:\dev\abd-context-driven-delivery\ooad\fidelities\language.md
2026-07-15T00:31:10Z [post] skip  C:\dev\abd-context-driven-delivery\ooad\fidelities\language.md
2026-07-15T00:33:46Z [pre ] skip  C:\dev\abd-context-driven-delivery\ooad\fidelities\language.md
2026-07-15T00:33:47Z [post] skip  C:\dev\abd-context-driven-delivery\ooad\fidelities\language.md
2026-07-15T00:33:48Z [post] skip  C:\dev\abd-context-driven-delivery\ooad\fidelities\language.md
2026-07-15T00:45:09Z [pre ] skip  C:\dev\abd-context-driven-delivery\ooad\fidelities\language.md
2026-07-15T00:45:10Z [post] skip  C:\dev\abd-context-driven-delivery\ooad\fidelities\language.md
2026-07-15T00:45:11Z [post] skip  C:\dev\abd-context-driven-delivery\ooad\fidelities\language.md
2026-07-15T12:40:10Z [post] skip  c:\dev\abd-skills\practices\architecture-centric-engineering
2026-07-15T12:40:15Z [post] skip  c:\dev\abd-skills\practices\architecture-centric-engineering
2026-07-15T12:40:16Z [post] skip  c:\dev\abd-skills\practices\architecture-centric-engineering
2026-07-15T12:40:19Z [pre ] skip  c:\dev\abd-skills\practices\architecture-centric-engineering\skills\abd-architecture-specification\templates\package-context.md
2026-07-15T12:40:20Z [pre ] skip  c:\dev\abd-skills\practices\architecture-centric-engineering\skills\abd-architecture-specification\rules\package-surface-is-cohesive.md
2026-07-15T12:40:20Z [read] skip  c:\dev\abd-skills\practices\architecture-centric-engineering\skills\abd-architecture-specification\templates\package-context.md
2026-07-15T12:40:20Z [pre ] skip  c:\dev\abd-skills\practices\architecture-centric-engineering\skills\abd-architecture-specification\rules\package-seam-is-minimal-and-named.md
2026-07-15T12:40:20Z [read] skip  c:\dev\abd-skills\practices\architecture-centric-engineering\skills\abd-architecture-specification\rules\package-surface-is-cohesive.md
2026-07-15T12:40:21Z [pre ] skip  c:\dev\abd-skills\practices\architecture-centric-engineering\skills\abd-architecture-specification\rules\package-context-file-stays-out-of-domain-details.md
2026-07-15T12:40:21Z [post] skip  c:\dev\abd-skills\practices\architecture-centric-engineering\skills\abd-architecture-specification\templates\package-context.md
2026-07-15T12:40:21Z [read] skip  c:\dev\abd-skills\practices\architecture-centric-engineering\skills\abd-architecture-specification\rules\package-seam-is-minimal-and-named.md
2026-07-15T12:40:21Z [post] skip  c:\dev\abd-skills\practices\architecture-centric-engineering\skills\abd-architecture-specification\rules\package-surface-is-cohesive.md
2026-07-15T12:40:22Z [read] skip  c:\dev\abd-skills\practices\architecture-centric-engineering\skills\abd-architecture-specification\rules\package-context-file-stays-out-of-domain-details.md
2026-07-15T12:40:22Z [post] skip  c:\dev\abd-skills\practices\architecture-centric-engineering\skills\abd-architecture-specification\rules\package-seam-is-minimal-and-named.md
2026-07-15T12:40:22Z [post] skip  c:\dev\abd-skills\practices\architecture-centric-engineering\skills\abd-architecture-specification\rules\package-context-file-stays-out-of-domain-details.md
2026-07-15T12:40:28Z [pre ] skip  c:\dev\abd-skills\practices\architecture-centric-engineering\skills\abd-architecture-outline\rules\packages-name-a-seam-and-a-constraint.md
2026-07-15T12:40:28Z [pre ] skip  c:\dev\abd-skills\practices\architecture-centric-engineering\skills\abd-architecture-blueprint\rules\packages-described-by-seam-and-constraint.md
2026-07-15T12:40:28Z [read] skip  c:\dev\abd-skills\practices\architecture-centric-engineering\skills\abd-architecture-outline\rules\packages-name-a-seam-and-a-constraint.md
2026-07-15T12:40:29Z [pre ] skip  c:\dev\abd-skills\practices\architecture-centric-engineering\skills\abd-architecture-blueprint\templates\scaffold\module-package-context-stub.md
2026-07-15T12:40:29Z [read] skip  c:\dev\abd-skills\practices\architecture-centric-engineering\skills\abd-architecture-blueprint\rules\packages-described-by-seam-and-constraint.md
2026-07-15T12:40:29Z [post] skip  c:\dev\abd-skills\practices\architecture-centric-engineering\skills\abd-architecture-outline\rules\packages-name-a-seam-and-a-constraint.md
2026-07-15T12:40:30Z [read] skip  c:\dev\abd-skills\practices\architecture-centric-engineering\skills\abd-architecture-blueprint\templates\scaffold\module-package-context-stub.md
2026-07-15T12:40:30Z [post] skip  c:\dev\abd-skills\practices\architecture-centric-engineering\skills\abd-architecture-blueprint\rules\packages-described-by-seam-and-constraint.md
2026-07-15T12:40:30Z [post] skip  c:\dev\abd-skills\practices\architecture-centric-engineering\skills\abd-architecture-blueprint\templates\scaffold\module-package-context-stub.md
2026-07-15T12:46:25Z [pre ] skip  c:\dev\abd-context-driven-delivery\ooad\fidelities\engineering.md
2026-07-15T12:46:26Z [read] skip  c:\dev\abd-context-driven-delivery\ooad\fidelities\engineering.md
2026-07-15T12:46:27Z [post] skip  c:\dev\abd-context-driven-delivery\ooad\fidelities\engineering.md
2026-07-15T12:58:02Z [pre ] skip  c:\dev\abd-context-driven-delivery\ooad\ooad.md
2026-07-15T12:58:04Z [post] skip  c:\dev\abd-context-driven-delivery\ooad\ooad.md
2026-07-15T12:58:05Z [post] skip  c:\dev\abd-context-driven-delivery\ooad\ooad.md
2026-07-15T12:58:16Z [pre ] skip  c:\dev\abd-context-driven-delivery\ooad\fidelities\language.md
2026-07-15T12:58:17Z [post] skip  c:\dev\abd-context-driven-delivery\ooad\fidelities\language.md
2026-07-15T12:58:18Z [post] skip  c:\dev\abd-context-driven-delivery\ooad\fidelities\language.md
2026-07-15T12:58:32Z [pre ] skip  c:\dev\abd-context-driven-delivery\ooad\fidelities\model.md
2026-07-15T12:58:33Z [post] skip  c:\dev\abd-context-driven-delivery\ooad\fidelities\model.md
2026-07-15T12:58:34Z [post] skip  c:\dev\abd-context-driven-delivery\ooad\fidelities\model.md
2026-07-15T12:58:49Z [pre ] skip  c:\dev\abd-context-driven-delivery\ooad\fidelities\specification.md
2026-07-15T12:58:50Z [post] skip  c:\dev\abd-context-driven-delivery\ooad\fidelities\specification.md
2026-07-15T12:58:51Z [post] skip  c:\dev\abd-context-driven-delivery\ooad\fidelities\specification.md
2026-07-15T12:59:02Z [pre ] skip  c:\dev\abd-context-driven-delivery\ooad\fidelities\engineering.md
2026-07-15T12:59:03Z [read] skip  c:\dev\abd-context-driven-delivery\ooad\fidelities\engineering.md
2026-07-15T12:59:05Z [post] skip  c:\dev\abd-context-driven-delivery\ooad\fidelities\engineering.md
2026-07-15T12:59:06Z [pre ] skip  c:\dev\abd-context-driven-delivery\ooad\fidelities\engineering.md
2026-07-15T12:59:07Z [post] skip  c:\dev\abd-context-driven-delivery\ooad\fidelities\engineering.md
2026-07-15T12:59:09Z [post] skip  c:\dev\abd-context-driven-delivery\ooad\fidelities\engineering.md
2026-07-15T12:59:30Z [post] skip  c:\dev\abd-context-driven-delivery\ooad
2026-07-15T12:59:35Z [pre ] skip  c:\dev\abd-context-driven-delivery\ooad\ooad.md
2026-07-15T12:59:36Z [post] skip  c:\dev\abd-context-driven-delivery\ooad\ooad.md
2026-07-15T12:59:37Z [post] skip  c:\dev\abd-context-driven-delivery\ooad\ooad.md
2026-07-15T12:59:41Z [pre ] skip  c:\dev\abd-context-driven-delivery\ooad\fidelities\language.md
2026-07-15T12:59:41Z [post] skip  c:\dev\abd-context-driven-delivery\ooad\fidelities\language.md
2026-07-15T12:59:42Z [post] skip  c:\dev\abd-context-driven-delivery\ooad\fidelities\language.md
2026-07-15T12:59:47Z [pre ] skip  c:\dev\abd-context-driven-delivery\ooad\fidelities\model.md
2026-07-15T12:59:48Z [post] skip  c:\dev\abd-context-driven-delivery\ooad\fidelities\model.md
2026-07-15T12:59:49Z [post] skip  c:\dev\abd-context-driven-delivery\ooad\fidelities\model.md
2026-07-15T12:59:54Z [pre ] skip  c:\dev\abd-context-driven-delivery\ooad\fidelities\specification.md
2026-07-15T12:59:55Z [post] skip  c:\dev\abd-context-driven-delivery\ooad\fidelities\specification.md
2026-07-15T12:59:56Z [post] skip  c:\dev\abd-context-driven-delivery\ooad\fidelities\specification.md
2026-07-15T13:00:58Z [pre ] skip  c:\dev\abd-context-driven-delivery\ooad\ooad.md
2026-07-15T13:00:59Z [post] skip  c:\dev\abd-context-driven-delivery\ooad\ooad.md
2026-07-15T13:01:00Z [post] skip  c:\dev\abd-context-driven-delivery\ooad\ooad.md
2026-07-15T13:03:43Z [post] skip  C:\Users\thoma\.cursor\projects\c-dev-abd-context-driven-delivery\agent-tools\f33a10cd-b8ed-4d16-a470-e0eb42db6741.txt
2026-07-15T13:03:44Z [post] skip  C:\Users\thoma\.cursor\projects\c-dev-abd-context-driven-delivery\agent-tools\f33a10cd-b8ed-4d16-a470-e0eb42db6741.txt
2026-07-15T13:03:47Z [post] skip  C:\Users\thoma\.cursor\projects\c-dev-abd-context-driven-delivery\agent-tools\e997445c-f805-4599-862e-2090b347b1bc.txt
2026-07-15T13:03:48Z [post] skip  C:\Users\thoma\.cursor\projects\c-dev-abd-context-driven-delivery\agent-tools\e997445c-f805-4599-862e-2090b347b1bc.txt
2026-07-15T13:03:50Z [post] skip  C:\Users\thoma\.cursor\projects\c-dev-abd-context-driven-delivery\agent-tools\67183a2f-069a-4eff-8de6-468195c33d0c.txt
2026-07-15T13:03:51Z [post] skip  C:\Users\thoma\.cursor\projects\c-dev-abd-context-driven-delivery\agent-tools\67183a2f-069a-4eff-8de6-468195c33d0c.txt
2026-07-15T13:04:37Z [pre ] skip  c:\dev\abd-context-driven-delivery\ooad\ooad.md
2026-07-15T13:04:42Z [post] skip  c:\dev\abd-context-driven-delivery\ooad\ooad.md
2026-07-15T13:04:43Z [post] skip  c:\dev\abd-context-driven-delivery\ooad\ooad.md
2026-07-15T13:14:52Z [pre ] skip  c:\dev\abd-context-driven-delivery\ooad\ooad.md
2026-07-15T13:14:54Z [post] skip  c:\dev\abd-context-driven-delivery\ooad\ooad.md
2026-07-15T13:14:55Z [post] skip  c:\dev\abd-context-driven-delivery\ooad\ooad.md
2026-07-15T13:15:32Z [pre ] skip  c:\dev\abd-context-driven-delivery\ooad\fidelities\language.md
2026-07-15T13:15:33Z [post] skip  c:\dev\abd-context-driven-delivery\ooad\fidelities\language.md
2026-07-15T13:15:34Z [post] skip  c:\dev\abd-context-driven-delivery\ooad\fidelities\language.md
2026-07-15T13:15:51Z [pre ] skip  c:\dev\abd-context-driven-delivery\ooad\fidelities\model.md
2026-07-15T13:15:52Z [post] skip  c:\dev\abd-context-driven-delivery\ooad\fidelities\model.md
2026-07-15T13:15:53Z [post] skip  c:\dev\abd-context-driven-delivery\ooad\fidelities\model.md
2026-07-15T13:16:06Z [pre ] skip  c:\dev\abd-context-driven-delivery\ooad\fidelities\specification.md
2026-07-15T13:16:07Z [post] skip  c:\dev\abd-context-driven-delivery\ooad\fidelities\specification.md
2026-07-15T13:16:08Z [post] skip  c:\dev\abd-context-driven-delivery\ooad\fidelities\specification.md
2026-07-15T13:16:25Z [pre ] skip  c:\dev\abd-context-driven-delivery\ooad\fidelities\engineering.md
2026-07-15T13:16:26Z [post] skip  c:\dev\abd-context-driven-delivery\ooad\fidelities\engineering.md
2026-07-15T13:16:27Z [post] skip  c:\dev\abd-context-driven-delivery\ooad\fidelities\engineering.md
2026-07-15T13:24:17Z [pre ] skip  c:\dev\abd-context-driven-delivery\ooad\ooad.md
2026-07-15T13:24:18Z [post] skip  c:\dev\abd-context-driven-delivery\ooad\ooad.md
2026-07-15T13:24:19Z [post] skip  c:\dev\abd-context-driven-delivery\ooad\ooad.md
2026-07-15T13:30:35Z [pre ] skip  c:\dev\abd-context-driven-delivery\ooad\fidelities\language.md
2026-07-15T13:30:36Z [post] skip  c:\dev\abd-context-driven-delivery\ooad\fidelities\language.md
2026-07-15T13:30:37Z [post] skip  c:\dev\abd-context-driven-delivery\ooad\fidelities\language.md
2026-07-15T13:31:46Z [pre ] skip  c:\dev\abd-context-driven-delivery\ooad\ooad.md
2026-07-15T13:31:47Z [post] skip  c:\dev\abd-context-driven-delivery\ooad\ooad.md
2026-07-15T13:31:48Z [post] skip  c:\dev\abd-context-driven-delivery\ooad\ooad.md
2026-07-15T13:32:10Z [pre ] skip  c:\dev\abd-context-driven-delivery\ooad\fidelities\language.md
2026-07-15T13:32:10Z [post] skip  c:\dev\abd-context-driven-delivery\ooad\fidelities\language.md
2026-07-15T13:32:11Z [post] skip  c:\dev\abd-context-driven-delivery\ooad\fidelities\language.md
2026-07-15T13:32:38Z [pre ] skip  c:\dev\abd-context-driven-delivery\ooad\fidelities\model.md
2026-07-15T13:32:39Z [post] skip  c:\dev\abd-context-driven-delivery\ooad\fidelities\model.md
2026-07-15T13:32:40Z [post] skip  c:\dev\abd-context-driven-delivery\ooad\fidelities\model.md
2026-07-15T13:33:13Z [pre ] skip  c:\dev\abd-context-driven-delivery\ooad\fidelities\specification.md
2026-07-15T13:33:14Z [post] skip  c:\dev\abd-context-driven-delivery\ooad\fidelities\specification.md
2026-07-15T13:33:15Z [post] skip  c:\dev\abd-context-driven-delivery\ooad\fidelities\specification.md
2026-07-15T13:33:52Z [pre ] skip  c:\dev\abd-context-driven-delivery\ooad\fidelities\engineering.md
2026-07-15T13:33:53Z [post] skip  c:\dev\abd-context-driven-delivery\ooad\fidelities\engineering.md
2026-07-15T13:33:54Z [post] skip  c:\dev\abd-context-driven-delivery\ooad\fidelities\engineering.md
2026-07-15T13:34:46Z [pre ] skip  c:\dev\abd-context-driven-delivery\ooad\ooad.md
2026-07-15T13:34:47Z [post] skip  c:\dev\abd-context-driven-delivery\ooad\ooad.md
2026-07-15T13:34:48Z [post] skip  c:\dev\abd-context-driven-delivery\ooad\ooad.md
2026-07-15T13:34:56Z [post] skip  c:\dev\abd-context-driven-delivery\ooad\fidelities
2026-07-15T13:35:08Z [post] skip  c:\dev\abd-context-driven-delivery\ooad\fidelities
2026-07-15T13:36:01Z [post] skip  c:\dev\abd-context-driven-delivery\ooad\fidelities
2026-07-15T13:37:10Z [post] skip  c:\dev\abd-context-driven-delivery\ooad
2026-07-15T13:37:29Z [pre ] skip  c:\dev\abd-context-driven-delivery\ooad\ooad.md
2026-07-15T13:37:30Z [post] skip  c:\dev\abd-context-driven-delivery\ooad\ooad.md
2026-07-15T13:37:31Z [post] skip  c:\dev\abd-context-driven-delivery\ooad\ooad.md
2026-07-15T13:37:42Z [pre ] skip  c:\dev\abd-context-driven-delivery\ooad\fidelities\engineering.md
2026-07-15T13:37:43Z [post] skip  c:\dev\abd-context-driven-delivery\ooad\fidelities\engineering.md
2026-07-15T13:37:44Z [post] skip  c:\dev\abd-context-driven-delivery\ooad\fidelities\engineering.md
2026-07-15T13:37:51Z [pre ] skip  c:\dev\abd-context-driven-delivery\ooad\fidelities\language.md
2026-07-15T13:37:52Z [post] skip  c:\dev\abd-context-driven-delivery\ooad\fidelities\language.md
2026-07-15T13:37:53Z [post] skip  c:\dev\abd-context-driven-delivery\ooad\fidelities\language.md
2026-07-15T13:40:08Z [post] skip  c:\dev\abd-context-driven-delivery
2026-07-15T13:40:08Z [post] skip  c:\dev\abd-skills
2026-07-15T13:41:41Z [pre ] skip  C:\Users\thoma\.cursor\projects\c-dev-abd-context-driven-delivery/terminals/460570.txt
2026-07-15T13:41:42Z [read] skip  C:\Users\thoma\.cursor\projects\c-dev-abd-context-driven-delivery/terminals/460570.txt
2026-07-15T13:41:43Z [post] skip  C:\Users\thoma\.cursor\projects\c-dev-abd-context-driven-delivery/terminals/460570.txt
2026-07-15T13:41:44Z [pre ] skip  C:\Users\thoma\.cursor\projects\c-dev-abd-context-driven-delivery/terminals/460570.txt
2026-07-15T13:41:45Z [read] skip  C:\Users\thoma\.cursor\projects\c-dev-abd-context-driven-delivery/terminals/460570.txt
2026-07-15T13:41:46Z [post] skip  C:\Users\thoma\.cursor\projects\c-dev-abd-context-driven-delivery/terminals/460570.txt
2026-07-15T13:42:20Z [pre ] skip  C:\dev\you-tube-scraper\requirements.txt
2026-07-15T13:42:21Z [read] skip  C:\dev\you-tube-scraper\requirements.txt
2026-07-15T13:42:22Z [post] skip  C:\dev\you-tube-scraper\requirements.txt
2026-07-15T13:42:23Z [pre ] skip  C:\dev\you-tube-scraper\requirements.txt
2026-07-15T13:42:25Z [post] skip  C:\dev\you-tube-scraper\requirements.txt
2026-07-15T13:42:26Z [post] skip  C:\dev\you-tube-scraper\requirements.txt
2026-07-15T13:43:03Z [pre ] skip  C:\dev\you-tube-scraper\README.md
2026-07-15T13:43:04Z [read] skip  C:\dev\you-tube-scraper\README.md
2026-07-15T13:43:05Z [post] skip  C:\dev\you-tube-scraper\README.md
2026-07-15T13:43:07Z [post] skip  C:\dev\you-tube-scraper\.gitignore
2026-07-15T13:43:07Z [post] skip  C:\dev\you-tube-scraper\scrape.py
2026-07-15T13:43:08Z [post] skip  C:\dev\you-tube-scraper\scrape.py
2026-07-15T13:43:08Z [post] skip  C:\dev\you-tube-scraper\.gitignore
2026-07-15T13:43:08Z [pre ] skip  C:\dev\you-tube-scraper\README.md
2026-07-15T13:43:09Z [post] skip  C:\dev\you-tube-scraper\README.md
2026-07-15T13:43:10Z [post] skip  C:\dev\you-tube-scraper\README.md
2026-07-15T13:44:17Z [pre ] skip  C:\Users\thoma\.cursor\projects\c-dev-abd-context-driven-delivery/terminals/460571.txt
2026-07-15T13:44:18Z [read] skip  C:\Users\thoma\.cursor\projects\c-dev-abd-context-driven-delivery/terminals/460571.txt
2026-07-15T13:44:19Z [post] skip  C:\Users\thoma\.cursor\projects\c-dev-abd-context-driven-delivery/terminals/460571.txt
2026-07-15T13:44:23Z [pre ] skip  C:\Users\thoma\.cursor\projects\c-dev-abd-context-driven-delivery/terminals/460571.txt
2026-07-15T13:44:24Z [read] skip  C:\Users\thoma\.cursor\projects\c-dev-abd-context-driven-delivery/terminals/460571.txt
2026-07-15T13:44:25Z [post] skip  C:\Users\thoma\.cursor\projects\c-dev-abd-context-driven-delivery/terminals/460571.txt
2026-07-15T13:44:31Z [pre ] skip  C:\Users\thoma\.cursor\projects\c-dev-abd-context-driven-delivery/terminals/460571.txt
2026-07-15T13:44:32Z [read] skip  C:\Users\thoma\.cursor\projects\c-dev-abd-context-driven-delivery/terminals/460571.txt
2026-07-15T13:44:33Z [post] skip  C:\Users\thoma\.cursor\projects\c-dev-abd-context-driven-delivery/terminals/460571.txt
2026-07-15T13:44:36Z [pre ] skip  C:\Users\thoma\.cursor\projects\c-dev-abd-context-driven-delivery/terminals/460571.txt
2026-07-15T13:44:37Z [read] skip  C:\Users\thoma\.cursor\projects\c-dev-abd-context-driven-delivery/terminals/460571.txt
2026-07-15T13:44:38Z [post] skip  C:\Users\thoma\.cursor\projects\c-dev-abd-context-driven-delivery/terminals/460571.txt
2026-07-15T13:44:42Z [pre ] skip  C:\Users\thoma\.cursor\projects\c-dev-abd-context-driven-delivery/terminals/460571.txt
2026-07-15T13:44:43Z [read] skip  C:\Users\thoma\.cursor\projects\c-dev-abd-context-driven-delivery/terminals/460571.txt
2026-07-15T13:44:44Z [post] skip  C:\Users\thoma\.cursor\projects\c-dev-abd-context-driven-delivery/terminals/460571.txt
2026-07-15T13:44:51Z [pre ] skip  C:\Users\thoma\.cursor\projects\c-dev-abd-context-driven-delivery\terminals\460571.txt
2026-07-15T13:44:52Z [read] skip  C:\Users\thoma\.cursor\projects\c-dev-abd-context-driven-delivery\terminals\460571.txt
2026-07-15T13:44:53Z [post] skip  C:\Users\thoma\.cursor\projects\c-dev-abd-context-driven-delivery\terminals\460571.txt
2026-07-15T13:48:27Z [post] skip  C:\Users\thoma\.cursor\projects\c-dev-abd-context-driven-delivery\agent-tools\db287a81-4122-403a-8d11-ecbcb1be4bea.txt
2026-07-15T13:48:27Z [post] skip  C:\Users\thoma\.cursor\projects\c-dev-abd-context-driven-delivery\agent-tools\fe9a332a-a368-469b-a501-d552480d6ab6.txt
2026-07-15T13:48:28Z [post] skip  C:\Users\thoma\.cursor\projects\c-dev-abd-context-driven-delivery\agent-tools\db287a81-4122-403a-8d11-ecbcb1be4bea.txt
2026-07-15T13:48:28Z [post] skip  C:\Users\thoma\.cursor\projects\c-dev-abd-context-driven-delivery\agent-tools\fe9a332a-a368-469b-a501-d552480d6ab6.txt
2026-07-15T13:48:30Z [post] skip  C:\Users\thoma\.cursor\projects\c-dev-abd-context-driven-delivery\agent-tools\b0630e5c-d139-4552-ae14-8ec776b2bad5.txt
2026-07-15T13:48:31Z [post] skip  C:\Users\thoma\.cursor\projects\c-dev-abd-context-driven-delivery\agent-tools\b0630e5c-d139-4552-ae14-8ec776b2bad5.txt
2026-07-15T13:48:33Z [post] skip  C:\Users\thoma\.cursor\projects\c-dev-abd-context-driven-delivery\agent-tools\804275c0-9920-4e1f-b887-dd956cae02e9.txt
2026-07-15T13:48:34Z [post] skip  C:\Users\thoma\.cursor\projects\c-dev-abd-context-driven-delivery\agent-tools\804275c0-9920-4e1f-b887-dd956cae02e9.txt
2026-07-15T13:57:54Z [pre ] skip  c:\dev\abd-context-driven-delivery\scanners\scanner_spec.py
2026-07-15T13:57:54Z [pre ] skip  c:\dev\abd-context-driven-delivery\scanners\scanner.py
2026-07-15T13:57:55Z [pre ] skip  c:\dev\abd-context-driven-delivery\scanners\scanner_runner.py
2026-07-15T13:57:55Z [pre ] skip  c:\dev\abd-context-driven-delivery\ooad\formats\python\scanners\scanners_spec.py
2026-07-15T13:57:56Z [pre ] skip  c:\dev\abd-context-driven-delivery\scanners\scanner_collection.py
2026-07-15T13:57:56Z [read] skip  c:\dev\abd-context-driven-delivery\scanners\scanner_runner.py
2026-07-15T13:57:56Z [pre ] skip  c:\dev\abd-context-driven-delivery\scanners\scanner_paths.py
2026-07-15T13:57:56Z [read] skip  c:\dev\abd-context-driven-delivery\scanners\scanner.py
2026-07-15T13:57:56Z [read] skip  c:\dev\abd-context-driven-delivery\scanners\scanner_spec.py
2026-07-15T13:57:57Z [read] skip  c:\dev\abd-context-driven-delivery\ooad\formats\python\scanners\scanners_spec.py
2026-07-15T13:57:57Z [read] skip  c:\dev\abd-context-driven-delivery\scanners\scanner_collection.py
2026-07-15T13:57:57Z [post] skip  c:\dev\abd-context-driven-delivery\scanners\scanner_runner.py
2026-07-15T13:57:57Z [read] skip  c:\dev\abd-context-driven-delivery\scanners\scanner_paths.py
2026-07-15T13:57:57Z [post] skip  c:\dev\abd-context-driven-delivery\scanners\scanner.py
2026-07-15T13:57:58Z [post] skip  c:\dev\abd-context-driven-delivery\scanners\scanner_spec.py
2026-07-15T13:57:58Z [post] skip  c:\dev\abd-context-driven-delivery\ooad\formats\python\scanners\scanners_spec.py
2026-07-15T13:57:58Z [post] skip  c:\dev\abd-context-driven-delivery\scanners\scanner_collection.py
2026-07-15T13:57:58Z [post] skip  c:\dev\abd-context-driven-delivery\scanners\scanner_paths.py
2026-07-15T13:58:06Z [post] skip  c:\dev\abd-context-driven-delivery
2026-07-15T13:58:07Z [post] skip  c:\dev\abd-context-driven-delivery\ooad
2026-07-15T13:58:14Z [pre ] skip  c:\dev\abd-context-driven-delivery\ooad\formats\python\scanners\single_responsibility_scanner.py
2026-07-15T13:58:14Z [pre ] skip  c:\dev\abd-context-driven-delivery\ooad\formats\python\scanners\code_scanner.py
2026-07-15T13:58:15Z [read] skip  c:\dev\abd-context-driven-delivery\ooad\formats\python\scanners\single_responsibility_scanner.py
2026-07-15T13:58:15Z [read] skip  c:\dev\abd-context-driven-delivery\ooad\formats\python\scanners\code_scanner.py
2026-07-15T13:58:16Z [post] skip  c:\dev\abd-context-driven-delivery\ooad\formats\python\scanners\single_responsibility_scanner.py
2026-07-15T13:58:16Z [post] skip  c:\dev\abd-context-driven-delivery\ooad\formats\python\scanners\code_scanner.py
2026-07-15T13:59:00Z [pre ] FIRED  c:\dev\abd-context-driven-delivery\ooad\formats\python\ooad-examples.py  — 3 manifest line(s)
2026-07-15T13:59:03Z [read] FIRED  c:\dev\abd-context-driven-delivery\ooad\formats\python\ooad-examples.py  — 3 manifest line(s)
2026-07-15T13:59:03Z [post] skip  c:\dev\abd-context-driven-delivery
2026-07-15T13:59:05Z [post] FIRED  c:\dev\abd-context-driven-delivery\ooad\formats\python\ooad-examples.py  — 3 manifest line(s)
2026-07-15T14:00:11Z [post] skip  c:\dev\abd-context-driven-delivery\ooad\formats\python\scanners\module_scanner.py
2026-07-15T14:00:12Z [post] skip  c:\dev\abd-context-driven-delivery\ooad\formats\python\scanners\module_scanner.py
2026-07-15T14:00:29Z [post] skip  c:\dev\abd-context-driven-delivery\ooad\formats\python\scanners\physical_folder_scanner.py
2026-07-15T14:00:30Z [post] skip  c:\dev\abd-context-driven-delivery\ooad\formats\python\scanners\physical_folder_scanner.py
2026-07-15T14:01:19Z [pre ] skip  c:\dev\abd-context-driven-delivery\ooad\formats\python\scanners\physical_folder_scanner.py
2026-07-15T14:01:20Z [post] skip  c:\dev\abd-context-driven-delivery\ooad\formats\python\scanners\physical_folder_scanner.py
2026-07-15T14:01:21Z [post] skip  c:\dev\abd-context-driven-delivery\ooad\formats\python\scanners\physical_folder_scanner.py
2026-07-15T14:01:54Z [post] skip  c:\dev\abd-context-driven-delivery\ooad\formats\python\scanners\named_seam_and_constraint_scanner.py
2026-07-15T14:01:55Z [post] skip  c:\dev\abd-context-driven-delivery\ooad\formats\python\scanners\named_seam_and_constraint_scanner.py
2026-07-15T14:02:19Z [post] skip  c:\dev\abd-context-driven-delivery\ooad\formats\python\scanners\deep_module_scanner.py
2026-07-15T14:02:20Z [post] skip  c:\dev\abd-context-driven-delivery\ooad\formats\python\scanners\deep_module_scanner.py
2026-07-15T14:02:49Z [post] skip  c:\dev\abd-context-driven-delivery\ooad\formats\python\scanners\low_coupling_scanner.py
2026-07-15T14:02:50Z [post] skip  c:\dev\abd-context-driven-delivery\ooad\formats\python\scanners\low_coupling_scanner.py
2026-07-15T14:03:22Z [post] skip  c:\dev\abd-context-driven-delivery\ooad\formats\python\scanners\complexity_absorption_scanner.py
2026-07-15T14:03:23Z [post] skip  c:\dev\abd-context-driven-delivery\ooad\formats\python\scanners\complexity_absorption_scanner.py
2026-07-15T14:04:00Z [post] skip  c:\dev\abd-context-driven-delivery\ooad\formats\python\scanners\information_hiding_scanner.py
2026-07-15T14:04:03Z [post] skip  c:\dev\abd-context-driven-delivery\ooad\formats\python\scanners\information_hiding_scanner.py
2026-07-15T14:05:06Z [post] skip  c:\dev\abd-context-driven-delivery\ooad\formats\python\scanners\module_scanners_spec.py
2026-07-15T14:05:07Z [post] skip  c:\dev\abd-context-driven-delivery\ooad\formats\python\scanners\module_scanners_spec.py
2026-07-15T14:06:43Z [pre ] skip  c:\dev\abd-context-driven-delivery\ooad\formats\python\scanners\module_scanners_spec.py
2026-07-15T14:06:44Z [post] skip  c:\dev\abd-context-driven-delivery\ooad\formats\python\scanners\module_scanners_spec.py
2026-07-15T14:06:45Z [post] skip  c:\dev\abd-context-driven-delivery\ooad\formats\python\scanners\module_scanners_spec.py
2026-07-15T14:19:03Z [pre ] skip  c:\dev\abd-context-driven-delivery\ooad\formats\python\scanners\module_scanner.py
2026-07-15T14:19:05Z [post] skip  c:\dev\abd-context-driven-delivery\ooad\formats\python\scanners\module_scanner.py
2026-07-15T14:19:06Z [post] skip  c:\dev\abd-context-driven-delivery\ooad\formats\python\scanners\module_scanner.py
2026-07-15T14:58:44Z [post] skip  c:\dev\abd-context-driven-delivery\ooad
2026-07-15T14:58:44Z [pre ] skip  c:\dev\abd-context-driven-delivery\ooad\fidelities\engineering.md
2026-07-15T14:58:45Z [read] skip  c:\dev\abd-context-driven-delivery\ooad\fidelities\engineering.md
2026-07-15T14:58:46Z [post] skip  c:\dev\abd-context-driven-delivery\ooad\fidelities\engineering.md
2026-07-15T15:00:00Z [pre ] skip  c:\dev\abd-context-driven-delivery\ooad\ooad.md
2026-07-15T15:00:01Z [post] skip  c:\dev\abd-context-driven-delivery\ooad\ooad.md
2026-07-15T15:00:02Z [post] skip  c:\dev\abd-context-driven-delivery\ooad\ooad.md
2026-07-15T15:00:15Z [pre ] skip  c:\dev\abd-context-driven-delivery\ooad\ooad.md
2026-07-15T15:00:16Z [post] skip  c:\dev\abd-context-driven-delivery\ooad\ooad.md
2026-07-15T15:00:17Z [post] skip  c:\dev\abd-context-driven-delivery\ooad\ooad.md
2026-07-15T15:01:13Z [pre ] skip  c:\dev\abd-context-driven-delivery\ooad\fidelities\modules.md
2026-07-15T15:01:14Z [read] skip  c:\dev\abd-context-driven-delivery\ooad\fidelities\modules.md
2026-07-15T15:01:15Z [post] skip  c:\dev\abd-context-driven-delivery\ooad\fidelities\modules.md
2026-07-15T15:01:22Z [pre ] skip  c:\dev\abd-context-driven-delivery\ooad\fidelities\modules.md
2026-07-15T15:01:23Z [post] skip  c:\dev\abd-context-driven-delivery\ooad\fidelities\modules.md
2026-07-15T15:01:24Z [post] skip  c:\dev\abd-context-driven-delivery\ooad\fidelities\modules.md
2026-07-15T15:02:11Z [pre ] skip  c:\dev\abd-context-driven-delivery\ooad\fidelities\specification.md
2026-07-15T15:02:11Z [post] skip  c:\dev\abd-context-driven-delivery\ooad\fidelities\specification.md
2026-07-15T15:02:12Z [post] skip  c:\dev\abd-context-driven-delivery\ooad\fidelities\specification.md
2026-07-15T15:02:22Z [pre ] skip  c:\dev\abd-context-driven-delivery\ooad\fidelities\code.md
2026-07-15T15:02:23Z [read] skip  c:\dev\abd-context-driven-delivery\ooad\fidelities\code.md
2026-07-15T15:02:24Z [post] skip  c:\dev\abd-context-driven-delivery\ooad\fidelities\code.md
2026-07-15T15:02:26Z [pre ] skip  c:\dev\abd-context-driven-delivery\ooad\fidelities\code.md
2026-07-15T15:02:27Z [post] skip  c:\dev\abd-context-driven-delivery\ooad\fidelities\code.md
2026-07-15T15:02:28Z [post] skip  c:\dev\abd-context-driven-delivery\ooad\fidelities\code.md
2026-07-15T15:03:37Z [post] skip  c:\dev\abd-context-driven-delivery
2026-07-15T15:03:37Z [post] skip  c:\dev\abd-context-driven-delivery
2026-07-15T15:09:20Z [post] skip  c:\dev\abd-context-driven-delivery
2026-07-15T15:10:33Z [post] skip  c:\dev\abd-context-driven-delivery
2026-07-15T15:10:33Z [post] skip  c:\dev\abd-context-driven-delivery
2026-07-15T15:10:43Z [post] skip  c:\dev\abd-context-driven-delivery
2026-07-15T15:10:43Z [post] skip  c:\dev\abd-context-driven-delivery
2026-07-15T15:10:52Z [pre ] skip  c:\dev\abd-context-driven-delivery\hooks\manifest_gate_spec.py
2026-07-15T15:10:53Z [pre ] skip  c:\dev\abd-context-driven-delivery\.cursor\skills\ooad\SKILL.md
2026-07-15T15:10:53Z [read] skip  c:\dev\abd-context-driven-delivery\hooks\manifest_gate_spec.py
2026-07-15T15:10:53Z [read] skip  c:\dev\abd-context-driven-delivery\.cursor\skills\ooad\SKILL.md
2026-07-15T15:10:54Z [post] skip  c:\dev\abd-context-driven-delivery\hooks\manifest_gate_spec.py
2026-07-15T15:10:54Z [post] skip  c:\dev\abd-context-driven-delivery\.cursor\skills\ooad\SKILL.md
2026-07-15T15:18:24Z [post] skip  c:\dev\abd-context-driven-delivery
2026-07-15T15:18:25Z [post] skip  c:\dev\abd-context-driven-delivery
2026-07-15T15:18:28Z [pre ] FIRED  c:\dev\abd-context-driven-delivery\sketch\sketch.py  — 1 manifest line(s)
2026-07-15T15:18:30Z [read] FIRED  c:\dev\abd-context-driven-delivery\sketch\sketch.py  — 1 manifest line(s)
2026-07-15T15:18:31Z [post] FIRED  c:\dev\abd-context-driven-delivery\sketch\sketch.py  — 1 manifest line(s)
2026-07-15T15:18:37Z [post] skip  c:\dev\abd-context-driven-delivery
2026-07-15T15:18:41Z [pre ] skip  c:\dev\abd-context-driven-delivery\primitives\instruction_slot.py
2026-07-15T15:18:42Z [read] skip  c:\dev\abd-context-driven-delivery\primitives\instruction_slot.py
2026-07-15T15:18:42Z [post] skip  c:\dev\abd-context-driven-delivery
2026-07-15T15:18:43Z [post] skip  c:\dev\abd-context-driven-delivery\primitives\instruction_slot.py
2026-07-15T15:18:47Z [pre ] FIRED  c:\dev\abd-context-driven-delivery\grill_context\grill_context.py  — 1 manifest line(s)
2026-07-15T15:18:48Z [read] FIRED  c:\dev\abd-context-driven-delivery\grill_context\grill_context.py  — 1 manifest line(s)
2026-07-15T15:18:48Z [post] skip  c:\dev\abd-context-driven-delivery\sketch
2026-07-15T15:18:49Z [post] FIRED  c:\dev\abd-context-driven-delivery\grill_context\grill_context.py  — 1 manifest line(s)
2026-07-15T15:18:54Z [pre ] skip  c:\dev\abd-context-driven-delivery\sketch\__init__.py
2026-07-15T15:18:55Z [read] skip  c:\dev\abd-context-driven-delivery\sketch\__init__.py
2026-07-15T15:18:55Z [post] skip  c:\dev\abd-context-driven-delivery\grill_context
2026-07-15T15:18:56Z [post] skip  c:\dev\abd-context-driven-delivery\sketch\__init__.py
2026-07-15T15:19:00Z [pre ] skip  c:\dev\abd-context-driven-delivery\grill_context\__init__.py
2026-07-15T15:19:00Z [read] skip  c:\dev\abd-context-driven-delivery\grill_context\__init__.py
2026-07-15T15:19:01Z [post] skip  c:\dev\abd-context-driven-delivery\sketch
2026-07-15T15:19:01Z [post] skip  c:\dev\abd-context-driven-delivery\grill_context\__init__.py
2026-07-15T15:19:07Z [pre ] skip  c:\dev\abd-context-driven-delivery\sketch\_decorator.py
2026-07-15T15:19:07Z [read] skip  c:\dev\abd-context-driven-delivery\sketch\_decorator.py
2026-07-15T15:19:08Z [post] skip  c:\dev\abd-context-driven-delivery\grill_context
2026-07-15T15:19:08Z [post] skip  c:\dev\abd-context-driven-delivery\sketch\_decorator.py
2026-07-15T15:19:12Z [pre ] skip  c:\dev\abd-context-driven-delivery\grill_context\_decorator.py
2026-07-15T15:19:13Z [read] skip  c:\dev\abd-context-driven-delivery\grill_context\_decorator.py
2026-07-15T15:19:13Z [post] skip  c:\dev\abd-context-driven-delivery\action
2026-07-15T15:19:14Z [post] skip  c:\dev\abd-context-driven-delivery\grill_context\_decorator.py
2026-07-15T15:19:19Z [pre ] FIRED  c:\dev\abd-context-driven-delivery\action\action.py  — 5 manifest line(s)
2026-07-15T15:19:19Z [post] skip  c:\dev\abd-context-driven-delivery\generator
2026-07-15T15:19:20Z [read] FIRED  c:\dev\abd-context-driven-delivery\action\action.py  — 5 manifest line(s)
2026-07-15T15:19:21Z [post] FIRED  c:\dev\abd-context-driven-delivery\action\action.py  — 5 manifest line(s)
2026-07-15T15:21:47Z [post] skip  c:\dev\abd-context-driven-delivery\generator
2026-07-15T15:21:47Z [post] skip  c:\dev\abd-context-driven-delivery\ooad
2026-07-15T15:21:52Z [pre ] skip  c:\dev\abd-context-driven-delivery\generator\base-generator\generate.md
2026-07-15T15:21:53Z [read] skip  c:\dev\abd-context-driven-delivery\generator\base-generator\generate.md
2026-07-15T15:21:54Z [post] skip  c:\dev\abd-context-driven-delivery\focus
2026-07-15T15:21:54Z [post] skip  c:\dev\abd-context-driven-delivery\generator\base-generator\generate.md
2026-07-15T15:22:29Z [post] skip  c:\dev\abd-context-driven-delivery\primitives
2026-07-15T15:22:29Z [post] skip  c:\dev\abd-context-driven-delivery\primitives
2026-07-15T15:22:33Z [pre ] skip  c:\dev\abd-context-driven-delivery\primitives\instruction.py
2026-07-15T15:22:33Z [pre ] skip  c:\dev\abd-context-driven-delivery\primitives\asset_location.py
2026-07-15T15:22:37Z [read] skip  c:\dev\abd-context-driven-delivery\primitives\instruction.py
2026-07-15T15:22:37Z [read] skip  c:\dev\abd-context-driven-delivery\primitives\asset_location.py
2026-07-15T15:22:38Z [post] skip  c:\dev\abd-context-driven-delivery\primitives\asset_location.py
2026-07-15T15:22:38Z [post] skip  c:\dev\abd-context-driven-delivery\primitives\instruction.py
2026-07-15T15:22:59Z [post] skip  c:\dev\abd-context-driven-delivery\primitives
2026-07-15T15:23:22Z [pre ] skip  c:\dev\abd-context-driven-delivery\primitives\instruction_routing.py
2026-07-15T15:23:23Z [read] skip  c:\dev\abd-context-driven-delivery\primitives\instruction_routing.py
2026-07-15T15:23:24Z [post] skip  c:\dev\abd-context-driven-delivery\primitives\instruction_routing.py
2026-07-15T15:28:43Z [pre ] FIRED  c:\dev\abd-context-driven-delivery\generator\generator.py  — 1 manifest line(s)
2026-07-15T15:28:50Z [read] FIRED  c:\dev\abd-context-driven-delivery\generator\generator.py  — 1 manifest line(s)
2026-07-15T15:28:52Z [post] FIRED  c:\dev\abd-context-driven-delivery\generator\generator.py  — 1 manifest line(s)
2026-07-15T15:31:14Z [pre ] skip  c:\dev\abd-context-driven-delivery\.cursor\skills\echo\SKILL.md
2026-07-15T15:31:14Z [pre ] skip  c:\dev\abd-context-driven-delivery\.cursor\skills\bdd\SKILL.md
2026-07-15T15:31:15Z [read] skip  c:\dev\abd-context-driven-delivery\.cursor\skills\bdd\SKILL.md
2026-07-15T15:31:15Z [read] skip  c:\dev\abd-context-driven-delivery\.cursor\skills\echo\SKILL.md
2026-07-15T15:31:16Z [post] skip  c:\dev\abd-context-driven-delivery\.cursor\skills\echo\SKILL.md
2026-07-15T15:31:16Z [post] skip  c:\dev\abd-context-driven-delivery\.cursor\skills\bdd\SKILL.md
2026-07-15T15:31:29Z [post] skip  c:\dev\abd-context-driven-delivery\.cursor\skills
2026-07-15T15:31:33Z [pre ] skip  c:\dev\abd-context-driven-delivery\.cursor\skills\ooad\SKILL.md
2026-07-15T15:31:34Z [read] skip  c:\dev\abd-context-driven-delivery\.cursor\skills\ooad\SKILL.md
2026-07-15T15:31:34Z [post] skip  c:\dev\abd-context-driven-delivery\.cursor\skills\ooad\SKILL.md
2026-07-15T15:31:46Z [pre ] skip  c:\dev\abd-context-driven-delivery\_generate_request.yaml
2026-07-15T15:31:47Z [read] skip  c:\dev\abd-context-driven-delivery\_generate_request.yaml
2026-07-15T15:31:47Z [post] skip  c:\dev\abd-context-driven-delivery\_generate_request.yaml
2026-07-15T15:31:55Z [pre ] skip  c:\dev\abd-context-driven-delivery\.cursor\skills\clean-code\SKILL.md
2026-07-15T15:31:56Z [read] skip  c:\dev\abd-context-driven-delivery\.cursor\skills\clean-code\SKILL.md
2026-07-15T15:31:57Z [post] skip  c:\dev\abd-context-driven-delivery\.cursor\skills\clean-code\SKILL.md
2026-07-15T15:33:45Z [post] skip  c:\dev\abd-context-driven-delivery\focus\_decorator.py
2026-07-15T15:33:45Z [post] skip  c:\dev\abd-context-driven-delivery\focus\_decorator.py
2026-07-15T15:33:54Z [post] skip  c:\dev\abd-context-driven-delivery\focus\__init__.py
2026-07-15T15:33:54Z [post] skip  c:\dev\abd-context-driven-delivery\focus\__init__.py
2026-07-15T15:34:20Z [pre ] FIRED  c:\dev\abd-context-driven-delivery\action\action.py  — 5 manifest line(s)
2026-07-15T15:34:21Z [read] FIRED  c:\dev\abd-context-driven-delivery\action\action.py  — 5 manifest line(s)
2026-07-15T15:34:22Z [post] FIRED  c:\dev\abd-context-driven-delivery\action\action.py  — 5 manifest line(s)
2026-07-15T15:34:24Z [pre ] FIRED  c:\dev\abd-context-driven-delivery\action\action.py  — 5 manifest line(s)
2026-07-15T15:34:26Z [post] FIRED  c:\dev\abd-context-driven-delivery\action\action.py  — 5 manifest line(s)
2026-07-15T15:34:27Z [post] FIRED  c:\dev\abd-context-driven-delivery\action\action.py  — 5 manifest line(s)
2026-07-15T15:34:39Z [pre ] FIRED  c:\dev\abd-context-driven-delivery\action\action.py  — 5 manifest line(s)
2026-07-15T15:34:40Z [post] FIRED  c:\dev\abd-context-driven-delivery\action\action.py  — 5 manifest line(s)
2026-07-15T15:34:42Z [post] FIRED  c:\dev\abd-context-driven-delivery\action\action.py  — 5 manifest line(s)
2026-07-15T15:34:57Z [pre ] FIRED  c:\dev\abd-context-driven-delivery\ooad\ooad.py  — 5 manifest line(s)
2026-07-15T15:34:59Z [post] FIRED  c:\dev\abd-context-driven-delivery\ooad\ooad.py  — 5 manifest line(s)
2026-07-15T15:35:00Z [post] FIRED  c:\dev\abd-context-driven-delivery\ooad\ooad.py  — 5 manifest line(s)
2026-07-15T15:35:07Z [pre ] FIRED  c:\dev\abd-context-driven-delivery\ooad\ooad.py  — 5 manifest line(s)
2026-07-15T15:35:09Z [post] FIRED  c:\dev\abd-context-driven-delivery\ooad\ooad.py  — 5 manifest line(s)
2026-07-15T15:35:10Z [post] FIRED  c:\dev\abd-context-driven-delivery\ooad\ooad.py  — 5 manifest line(s)
2026-07-15T15:35:17Z [pre ] FIRED  c:\dev\abd-context-driven-delivery\ooad\ooad.py  — 5 manifest line(s)
2026-07-15T15:35:18Z [post] FIRED  c:\dev\abd-context-driven-delivery\ooad\ooad.py  — 5 manifest line(s)
2026-07-15T15:35:19Z [post] FIRED  c:\dev\abd-context-driven-delivery\ooad\ooad.py  — 5 manifest line(s)
2026-07-15T15:35:36Z [pre ] FIRED  c:\dev\abd-context-driven-delivery\ooad\ooad.py  — 5 manifest line(s)
2026-07-15T15:35:38Z [post] FIRED  c:\dev\abd-context-driven-delivery\ooad\ooad.py  — 5 manifest line(s)
2026-07-15T15:35:39Z [post] FIRED  c:\dev\abd-context-driven-delivery\ooad\ooad.py  — 5 manifest line(s)
2026-07-15T15:37:51Z [post] skip  c:\dev\abd-context-driven-delivery\.cursor\skills\clean-language\SKILL.md
2026-07-15T15:37:52Z [post] skip  c:\dev\abd-context-driven-delivery\.cursor\skills\clean-language\SKILL.md
2026-07-15T15:38:02Z [post] skip  c:\dev\abd-context-driven-delivery\.cursor\skills\clean-modules\SKILL.md
2026-07-15T15:38:03Z [post] skip  c:\dev\abd-context-driven-delivery\.cursor\skills\clean-modules\SKILL.md
2026-07-15T15:38:13Z [post] skip  c:\dev\abd-context-driven-delivery\.cursor\skills\clean-specification\SKILL.md
2026-07-15T15:38:14Z [post] skip  c:\dev\abd-context-driven-delivery\.cursor\skills\clean-specification\SKILL.md
2026-07-15T15:38:46Z [post] skip  c:\dev\abd-context-driven-delivery\_ooad_run.yaml
2026-07-15T15:38:47Z [post] skip  c:\dev\abd-context-driven-delivery\_ooad_run.yaml
2026-07-15T15:39:19Z [pre ] skip  c:\dev\abd-context-driven-delivery\_ooad_run.yaml
2026-07-15T15:39:20Z [post] skip  c:\dev\abd-context-driven-delivery\_ooad_run.yaml
2026-07-15T15:40:00Z [post] skip  c:\dev\abd-context-driven-delivery
2026-07-15T15:40:01Z [post] skip  c:\dev\abd-context-driven-delivery
2026-07-15T15:40:02Z [post] skip  c:\dev\abd-context-driven-delivery
2026-07-15T15:40:05Z [pre ] skip  c:\dev\abd-context-driven-delivery\hooks\manifest_gate_spec.py
2026-07-15T15:40:06Z [read] skip  c:\dev\abd-context-driven-delivery\hooks\manifest_gate_spec.py
2026-07-15T15:40:07Z [post] skip  c:\dev\abd-context-driven-delivery
2026-07-15T15:40:07Z [post] skip  c:\dev\abd-context-driven-delivery\hooks\manifest_gate_spec.py
2026-07-15T15:40:11Z [pre ] skip  c:\dev\abd-context-driven-delivery\hooks\manifest_gate_spec.py
2026-07-15T15:40:11Z [pre ] skip  c:\dev\abd-context-driven-delivery\_generate_request.yaml
2026-07-15T15:40:12Z [post] skip  c:\dev\abd-context-driven-delivery\hooks\manifest_gate_spec.py
2026-07-15T15:40:12Z [read] skip  c:\dev\abd-context-driven-delivery\_generate_request.yaml
2026-07-15T15:40:13Z [post] skip  c:\dev\abd-context-driven-delivery\_generate_request.yaml
2026-07-15T15:40:28Z [pre ] FIRED  c:\dev\abd-context-driven-delivery\sketch\sketch.py  — 1 manifest line(s)
2026-07-15T15:40:29Z [pre ] skip  c:\dev\abd-context-driven-delivery\_grill_request.yaml
2026-07-15T15:40:29Z [pre ] skip  c:\dev\abd-context-driven-delivery\grill_context\examples\demo.py
2026-07-15T15:40:30Z [post] FIRED  c:\dev\abd-context-driven-delivery\sketch\sketch.py  — 1 manifest line(s)
2026-07-15T15:40:30Z [read] skip  c:\dev\abd-context-driven-delivery\_grill_request.yaml
2026-07-15T15:40:30Z [post] skip  c:\dev\abd-context-driven-delivery\grill_context\examples\demo.py
2026-07-15T15:40:31Z [post] skip  c:\dev\abd-context-driven-delivery\_grill_request.yaml
2026-07-15T15:40:36Z [pre ] skip  c:\dev\abd-context-driven-delivery\_validate_request.yaml
2026-07-15T15:40:36Z [pre ] skip  c:\dev\abd-context-driven-delivery\_scan_request.yaml
2026-07-15T15:40:37Z [pre ] skip  c:\dev\abd-context-driven-delivery\_fence_call.yaml
2026-07-15T15:40:37Z [read] skip  c:\dev\abd-context-driven-delivery\_validate_request.yaml
2026-07-15T15:40:37Z [read] skip  c:\dev\abd-context-driven-delivery\_scan_request.yaml
2026-07-15T15:40:37Z [read] skip  c:\dev\abd-context-driven-delivery\_fence_call.yaml
2026-07-15T15:40:37Z [post] skip  c:\dev\abd-context-driven-delivery\_validate_request.yaml
2026-07-15T15:40:38Z [post] skip  c:\dev\abd-context-driven-delivery\_scan_request.yaml
2026-07-15T15:40:38Z [post] skip  c:\dev\abd-context-driven-delivery\_fence_call.yaml
2026-07-15T15:43:53Z [pre ] FIRED  c:\dev\abd-context-driven-delivery\clean_engineering\clean_engineering.py  — 5 manifest line(s)
2026-07-15T15:43:54Z [read] FIRED  c:\dev\abd-context-driven-delivery\clean_engineering\clean_engineering.py  — 5 manifest line(s)
2026-07-15T15:43:56Z [post] FIRED  c:\dev\abd-context-driven-delivery\clean_engineering\clean_engineering.py  — 5 manifest line(s)
2026-07-15T15:44:13Z [pre ] FIRED  c:\dev\abd-context-driven-delivery\clean_engineering\clean_engineering.py  — 5 manifest line(s)
2026-07-15T15:44:15Z [read] FIRED  c:\dev\abd-context-driven-delivery\clean_engineering\clean_engineering.py  — 5 manifest line(s)
2026-07-15T15:44:16Z [post] FIRED  c:\dev\abd-context-driven-delivery\clean_engineering\clean_engineering.py  — 5 manifest line(s)
2026-07-15T15:44:18Z [pre ] FIRED  c:\dev\abd-context-driven-delivery\clean_engineering\clean_engineering.py  — 5 manifest line(s)
2026-07-15T15:44:19Z [post] FIRED  c:\dev\abd-context-driven-delivery\clean_engineering\clean_engineering.py  — 5 manifest line(s)
2026-07-15T15:44:21Z [post] FIRED  c:\dev\abd-context-driven-delivery\clean_engineering\clean_engineering.py  — 5 manifest line(s)
2026-07-15T15:44:25Z [pre ] skip  c:\dev\abd-context-driven-delivery\clean_engineering\__init__.py
2026-07-15T15:44:25Z [pre ] skip  c:\dev\abd-context-driven-delivery\clean_engineering\formats\python\nodes.py
2026-07-15T15:44:26Z [read] skip  c:\dev\abd-context-driven-delivery\clean_engineering\__init__.py
2026-07-15T15:44:26Z [read] skip  c:\dev\abd-context-driven-delivery\clean_engineering\formats\python\nodes.py
2026-07-15T15:44:27Z [post] skip  c:\dev\abd-context-driven-delivery\clean_engineering\__init__.py
2026-07-15T15:44:27Z [post] skip  c:\dev\abd-context-driven-delivery\clean_engineering\formats\python\nodes.py
2026-07-15T15:44:34Z [post] skip  c:\dev\abd-context-driven-delivery\clean_engineering
2026-07-15T15:46:30Z [pre ] skip  c:\dev\abd-context-driven-delivery\.cursor\skills\clean-engineering\SKILL.md
2026-07-15T15:46:31Z [read] skip  c:\dev\abd-context-driven-delivery\.cursor\skills\clean-engineering\SKILL.md
2026-07-15T15:46:32Z [post] skip  c:\dev\abd-context-driven-delivery\.cursor\skills\clean-engineering\SKILL.md
2026-07-15T15:46:33Z [pre ] skip  c:\dev\abd-context-driven-delivery\.cursor\skills\clean-engineering\SKILL.md
2026-07-15T15:46:35Z [post] skip  c:\dev\abd-context-driven-delivery\.cursor\skills\clean-engineering\SKILL.md
2026-07-15T15:46:35Z [post] skip  c:\dev\you-tube-scraper
2026-07-15T15:46:35Z [post] skip  c:\dev\abd-context-driven-delivery\.cursor\skills\clean-engineering\SKILL.md
2026-07-15T15:46:37Z [post] skip  c:\dev\you-tube-scraper
2026-07-15T15:46:42Z [pre ] skip  c:\dev\abd-context-driven-delivery\.cursor\skills\clean-code\SKILL.md
2026-07-15T15:46:43Z [read] skip  c:\dev\abd-context-driven-delivery\.cursor\skills\clean-code\SKILL.md
2026-07-15T15:46:44Z [post] skip  c:\dev\abd-context-driven-delivery\.cursor\skills\clean-code\SKILL.md
2026-07-15T15:46:46Z [pre ] skip  c:\dev\abd-context-driven-delivery\.cursor\skills\clean-code\SKILL.md
2026-07-15T15:46:47Z [post] skip  c:\dev\abd-context-driven-delivery\.cursor\skills\clean-code\SKILL.md
2026-07-15T15:46:48Z [post] skip  c:\dev\abd-context-driven-delivery\.cursor\skills\clean-code\SKILL.md
2026-07-15T15:46:53Z [pre ] skip  c:\dev\abd-context-driven-delivery\.cursor\skills\clean-language\SKILL.md
2026-07-15T15:46:54Z [post] skip  c:\dev\abd-context-driven-delivery\.cursor\skills\clean-language\SKILL.md
2026-07-15T15:46:55Z [post] skip  c:\dev\abd-context-driven-delivery\.cursor\skills\clean-language\SKILL.md
2026-07-15T15:47:00Z [pre ] skip  c:\dev\abd-context-driven-delivery\.cursor\skills\clean-modules\SKILL.md
2026-07-15T15:47:01Z [post] skip  c:\dev\abd-context-driven-delivery\.cursor\skills\clean-modules\SKILL.md
2026-07-15T15:47:03Z [post] skip  c:\dev\abd-context-driven-delivery\.cursor\skills\clean-modules\SKILL.md
2026-07-15T15:47:08Z [pre ] skip  c:\dev\abd-context-driven-delivery\.cursor\skills\clean-specification\SKILL.md
2026-07-15T15:47:10Z [post] skip  c:\dev\abd-context-driven-delivery\.cursor\skills\clean-specification\SKILL.md
2026-07-15T15:47:10Z [post] skip  c:\dev\abd-context-driven-delivery\.cursor\skills\clean-specification\SKILL.md
2026-07-15T15:48:19Z [pre ] skip  c:\dev\abd-context-driven-delivery\tools\tool.py
2026-07-15T15:48:20Z [post] skip  c:\dev\abd-context-driven-delivery\tools\tool.py
2026-07-15T15:48:24Z [pre ] skip  c:\dev\abd-context-driven-delivery\tools\tool.py
2026-07-15T15:48:25Z [post] skip  c:\dev\abd-context-driven-delivery\tools\tool.py
2026-07-15T15:50:22Z [pre ] FIRED  c:\dev\abd-context-driven-delivery\clean_engineering\clean_engineering.py  — 5 manifest line(s)
2026-07-15T15:50:23Z [post] FIRED  c:\dev\abd-context-driven-delivery\clean_engineering\clean_engineering.py  — 5 manifest line(s)
2026-07-15T15:50:25Z [post] FIRED  c:\dev\abd-context-driven-delivery\clean_engineering\clean_engineering.py  — 5 manifest line(s)
2026-07-15T15:51:15Z [pre ] skip  c:\dev\abd-context-driven-delivery\clean_engineering\model\nodes.py
2026-07-15T15:51:16Z [read] skip  c:\dev\abd-context-driven-delivery\clean_engineering\model\nodes.py
2026-07-15T15:51:17Z [post] skip  c:\dev\abd-context-driven-delivery\clean_engineering\model\nodes.py
2026-07-15T15:51:24Z [pre ] skip  c:\dev\abd-context-driven-delivery\clean_engineering\model\nodes.py
2026-07-15T15:51:25Z [read] skip  c:\dev\abd-context-driven-delivery\clean_engineering\model\nodes.py
2026-07-15T15:51:26Z [post] skip  c:\dev\abd-context-driven-delivery\clean_engineering\model\nodes.py
2026-07-15T15:55:21Z [post] skip  c:\dev\abd-context-driven-delivery
2026-07-15T15:55:24Z [pre ] skip  c:\dev\abd-context-driven-delivery\agent_bdd\agent_bdd_generator_spec.py
2026-07-15T15:55:24Z [pre ] skip  c:\dev\abd-context-driven-delivery\primitives\asset_location.py
2026-07-15T15:55:25Z [read] skip  c:\dev\abd-context-driven-delivery\agent_bdd\agent_bdd_generator_spec.py
2026-07-15T15:55:25Z [read] skip  c:\dev\abd-context-driven-delivery\primitives\asset_location.py
2026-07-15T15:55:26Z [post] skip  c:\dev\abd-context-driven-delivery\agent_bdd\agent_bdd_generator_spec.py
2026-07-15T15:55:26Z [post] skip  c:\dev\abd-context-driven-delivery\primitives\asset_location.py
2026-07-15T15:55:39Z [pre ] skip  c:\dev\abd-context-driven-delivery\clean_engineering\model\node.py
2026-07-15T15:55:39Z [pre ] skip  c:\dev\abd-context-driven-delivery\clean_engineering\model\update_report.py
2026-07-15T15:55:40Z [read] skip  c:\dev\abd-context-driven-delivery\clean_engineering\model\update_report.py
2026-07-15T15:55:40Z [read] skip  c:\dev\abd-context-driven-delivery\clean_engineering\model\node.py
2026-07-15T15:55:41Z [post] skip  c:\dev\abd-context-driven-delivery\clean_engineering\model\update_report.py
2026-07-15T15:55:41Z [post] skip  c:\dev\abd-context-driven-delivery\clean_engineering\model\node.py
2026-07-15T15:55:41Z [post] skip  c:\dev\abd-context-driven-delivery
2026-07-15T15:55:45Z [pre ] skip  c:\dev\abd-context-driven-delivery\clean_engineering\formats\python\nodes.py
2026-07-15T15:55:45Z [pre ] skip  c:\dev\abd-context-driven-delivery\clean_engineering\formats\markdown\nodes.py
2026-07-15T15:55:46Z [read] skip  c:\dev\abd-context-driven-delivery\clean_engineering\formats\python\nodes.py
2026-07-15T15:55:46Z [read] skip  c:\dev\abd-context-driven-delivery\clean_engineering\formats\markdown\nodes.py
2026-07-15T15:55:47Z [post] skip  c:\dev\abd-context-driven-delivery\clean_engineering\formats\python\nodes.py
2026-07-15T15:55:47Z [post] skip  c:\dev\abd-context-driven-delivery\clean_engineering\formats\markdown\nodes.py
2026-07-15T15:55:54Z [pre ] FIRED  c:\dev\abd-context-driven-delivery\generator\generator.py  — 1 manifest line(s)
2026-07-15T15:55:56Z [read] FIRED  c:\dev\abd-context-driven-delivery\generator\generator.py  — 1 manifest line(s)
2026-07-15T15:55:57Z [post] FIRED  c:\dev\abd-context-driven-delivery\generator\generator.py  — 1 manifest line(s)
2026-07-15T15:55:58Z [pre ] FIRED  c:\dev\abd-context-driven-delivery\generator\generator.py  — 1 manifest line(s)
2026-07-15T15:55:59Z [post] skip  c:\dev\abd-context-driven-delivery\generator\generator.py  — manifest ran but produced no output
2026-07-15T15:56:00Z [post] skip  c:\dev\abd-context-driven-delivery\generator\generator.py  — manifest ran but produced no output
2026-07-15T15:56:04Z [pre ] skip  c:\dev\abd-context-driven-delivery\generator\generator.py  — manifest ran but produced no output
2026-07-15T15:56:06Z [post] FIRED  c:\dev\abd-context-driven-delivery\generator\generator.py  — 1 manifest line(s)
2026-07-15T15:56:07Z [post] FIRED  c:\dev\abd-context-driven-delivery\generator\generator.py  — 1 manifest line(s)
2026-07-15T15:56:14Z [pre ] skip  c:\dev\abd-context-driven-delivery\primitives\asset_location.py
2026-07-15T15:56:15Z [read] skip  c:\dev\abd-context-driven-delivery\primitives\asset_location.py
2026-07-15T15:56:15Z [post] skip  c:\dev\abd-context-driven-delivery\primitives\asset_location.py
2026-07-15T15:56:17Z [pre ] skip  c:\dev\abd-context-driven-delivery\primitives\asset_location.py
2026-07-15T15:56:18Z [post] skip  c:\dev\abd-context-driven-delivery\primitives\asset_location.py
2026-07-15T15:56:19Z [post] skip  c:\dev\abd-context-driven-delivery\primitives\asset_location.py
2026-07-15T15:56:23Z [pre ] skip  c:\dev\abd-context-driven-delivery\agent_bdd\agent_bdd_generator_spec.py
2026-07-15T15:56:24Z [read] skip  c:\dev\abd-context-driven-delivery\agent_bdd\agent_bdd_generator_spec.py
2026-07-15T15:56:25Z [post] skip  c:\dev\abd-context-driven-delivery\agent_bdd\agent_bdd_generator_spec.py
2026-07-15T15:56:26Z [pre ] skip  c:\dev\abd-context-driven-delivery\agent_bdd\agent_bdd_generator_spec.py
2026-07-15T15:56:27Z [post] skip  c:\dev\abd-context-driven-delivery\agent_bdd\agent_bdd_generator_spec.py
2026-07-15T15:56:27Z [pre ] skip  c:\dev\abd-context-driven-delivery\clean_engineering\formats\json\nodes.py
2026-07-15T15:56:28Z [post] skip  c:\dev\abd-context-driven-delivery\agent_bdd\agent_bdd_generator_spec.py
2026-07-15T15:56:28Z [read] skip  c:\dev\abd-context-driven-delivery\clean_engineering\formats\json\nodes.py
2026-07-15T15:56:29Z [post] skip  c:\dev\abd-context-driven-delivery\clean_engineering\formats\json\nodes.py
2026-07-15T15:56:37Z [pre ] FIRED  c:\dev\abd-context-driven-delivery\generator\generator.py  — 1 manifest line(s)
2026-07-15T15:56:38Z [post] FIRED  c:\dev\abd-context-driven-delivery\generator\generator.py  — 1 manifest line(s)
2026-07-15T15:56:39Z [post] FIRED  c:\dev\abd-context-driven-delivery\generator\generator.py  — 1 manifest line(s)
2026-07-15T15:56:45Z [pre ] FIRED  c:\dev\abd-context-driven-delivery\generator\generator.py  — 1 manifest line(s)
2026-07-15T15:56:46Z [post] FIRED  c:\dev\abd-context-driven-delivery\generator\generator.py  — 1 manifest line(s)
2026-07-15T15:56:48Z [post] FIRED  c:\dev\abd-context-driven-delivery\generator\generator.py  — 1 manifest line(s)
2026-07-15T15:56:54Z [pre ] skip  c:\dev\abd-context-driven-delivery\generator\base-generator\generate.md
2026-07-15T15:56:54Z [pre ] skip  c:\dev\abd-context-driven-delivery\generator\base-generator\validate.md
2026-07-15T15:56:54Z [read] skip  c:\dev\abd-context-driven-delivery\generator\base-generator\generate.md
2026-07-15T15:56:55Z [read] skip  c:\dev\abd-context-driven-delivery\generator\base-generator\validate.md
2026-07-15T15:56:55Z [post] skip  c:\dev\abd-context-driven-delivery\generator\base-generator\generate.md
2026-07-15T15:56:56Z [post] skip  c:\dev\abd-context-driven-delivery\generator\base-generator\validate.md
2026-07-15T15:57:06Z [post] skip  c:\dev\abd-context-driven-delivery\generator\base-generator\document.md
2026-07-15T15:57:07Z [post] skip  c:\dev\abd-context-driven-delivery\generator\base-generator\document.md
2026-07-15T15:57:07Z [pre ] skip  c:\dev\abd-context-driven-delivery\clean_engineering\model\nodes.py
2026-07-15T15:57:09Z [read] skip  c:\dev\abd-context-driven-delivery\clean_engineering\model\nodes.py
2026-07-15T15:57:10Z [post] skip  c:\dev\abd-context-driven-delivery\clean_engineering\model\nodes.py
2026-07-15T15:57:13Z [pre ] skip  c:\dev\abd-context-driven-delivery\clean_engineering\model\nodes.py
2026-07-15T15:57:13Z [post] skip  c:\dev\abd-context-driven-delivery\clean_engineering\model\nodes.py
2026-07-15T15:57:14Z [post] skip  c:\dev\abd-context-driven-delivery\clean_engineering\model\nodes.py
2026-07-15T15:57:57Z [pre ] skip  c:\dev\abd-context-driven-delivery\clean_engineering\formats\markdown\nodes.py
2026-07-15T15:57:58Z [read] skip  c:\dev\abd-context-driven-delivery\clean_engineering\formats\markdown\nodes.py
2026-07-15T15:57:59Z [post] skip  c:\dev\abd-context-driven-delivery\clean_engineering\formats\markdown\nodes.py
2026-07-15T15:58:00Z [pre ] skip  c:\dev\abd-context-driven-delivery\clean_engineering\formats\markdown\nodes.py
2026-07-15T15:58:01Z [post] skip  c:\dev\abd-context-driven-delivery\clean_engineering\formats\markdown\nodes.py
2026-07-15T15:58:02Z [post] skip  c:\dev\abd-context-driven-delivery\clean_engineering\formats\markdown\nodes.py
2026-07-15T15:58:31Z [pre ] skip  c:\dev\abd-context-driven-delivery\clean_engineering\formats\python\nodes.py
2026-07-15T15:58:32Z [read] skip  c:\dev\abd-context-driven-delivery\clean_engineering\formats\python\nodes.py
2026-07-15T15:58:33Z [post] skip  c:\dev\abd-context-driven-delivery\clean_engineering\formats\python\nodes.py
2026-07-15T15:58:34Z [pre ] skip  c:\dev\abd-context-driven-delivery\clean_engineering\formats\python\nodes.py
2026-07-15T15:58:35Z [post] skip  c:\dev\abd-context-driven-delivery\clean_engineering\formats\python\nodes.py
2026-07-15T15:58:36Z [post] skip  c:\dev\abd-context-driven-delivery\clean_engineering\formats\python\nodes.py
2026-07-15T15:58:41Z [pre ] skip  c:\dev\abd-context-driven-delivery\clean_engineering\formats\json\nodes.py
2026-07-15T15:58:42Z [read] skip  c:\dev\abd-context-driven-delivery\clean_engineering\formats\json\nodes.py
2026-07-15T15:58:43Z [post] skip  c:\dev\abd-context-driven-delivery\clean_engineering\formats\json\nodes.py
2026-07-15T15:58:58Z [pre ] skip  c:\dev\abd-context-driven-delivery\clean_engineering\formats\json\nodes.py
2026-07-15T15:58:59Z [read] skip  c:\dev\abd-context-driven-delivery\clean_engineering\formats\json\nodes.py
2026-07-15T15:58:59Z [post] skip  c:\dev\abd-context-driven-delivery\clean_engineering\formats\json\nodes.py
2026-07-15T15:59:00Z [pre ] skip  c:\dev\abd-context-driven-delivery\clean_engineering\formats\json\nodes.py
2026-07-15T15:59:01Z [post] skip  c:\dev\abd-context-driven-delivery\clean_engineering\formats\json\nodes.py
2026-07-15T15:59:02Z [post] skip  c:\dev\abd-context-driven-delivery\clean_engineering\formats\json\nodes.py
2026-07-15T15:59:18Z [pre ] skip  c:\dev\abd-context-driven-delivery\clean_engineering\formats\json\nodes.py
2026-07-15T15:59:18Z [post] skip  c:\dev\abd-context-driven-delivery\clean_engineering\formats\json\nodes.py
2026-07-15T15:59:19Z [post] skip  c:\dev\abd-context-driven-delivery\clean_engineering\formats\json\nodes.py
2026-07-15T16:13:52Z [pre ] skip  c:\dev\abd-context-driven-delivery\.cursor\skills\clean-engineering\SKILL.md
2026-07-15T16:13:52Z [pre ] skip  c:\dev\abd-context-driven-delivery\.cursor\skills\clean-code\SKILL.md
2026-07-15T16:13:55Z [read] skip  c:\dev\abd-context-driven-delivery\.cursor\skills\clean-engineering\SKILL.md
2026-07-15T16:13:55Z [read] skip  c:\dev\abd-context-driven-delivery\.cursor\skills\clean-code\SKILL.md
2026-07-15T16:13:56Z [post] skip  c:\dev\abd-context-driven-delivery\.cursor\skills\clean-engineering\SKILL.md
2026-07-15T16:13:56Z [post] skip  c:\dev\abd-context-driven-delivery\.cursor\skills\clean-code\SKILL.md
2026-07-15T16:14:11Z [pre ] skip  C:\Users\thoma\.cursor\skills-cursor\automate\SKILL.md
2026-07-15T16:14:12Z [read] skip  C:\Users\thoma\.cursor\skills-cursor\automate\SKILL.md
2026-07-15T16:14:13Z [post] skip  C:\Users\thoma\.cursor\skills-cursor\automate\SKILL.md
2026-07-15T16:14:26Z [pre ] skip  C:\Users\thoma\.cursor\skills-cursor\automate\SKILL.md
2026-07-15T16:14:27Z [read] skip  C:\Users\thoma\.cursor\skills-cursor\automate\SKILL.md
2026-07-15T16:14:28Z [post] skip  C:\Users\thoma\.cursor\skills-cursor\automate\SKILL.md
2026-07-15T16:17:15Z [pre ] skip  c:\dev\abd-context-driven-delivery\.cursor\skills\sketch\SKILL.md
2026-07-15T16:17:16Z [read] skip  c:\dev\abd-context-driven-delivery\.cursor\skills\sketch\SKILL.md
2026-07-15T16:17:17Z [post] skip  c:\dev\abd-context-driven-delivery\.cursor\skills\sketch\SKILL.md
2026-07-15T16:19:15Z [post] skip  c:\dev\abd-context-driven-delivery
2026-07-15T16:20:06Z [post] skip  C:\Users\thoma\.cursor\projects\c-dev-abd-context-driven-delivery\agent-tools\40a5de04-9003-459a-9ce2-0d8bd53ecc53.txt
2026-07-15T16:20:07Z [post] skip  C:\Users\thoma\.cursor\projects\c-dev-abd-context-driven-delivery\agent-tools\40a5de04-9003-459a-9ce2-0d8bd53ecc53.txt
2026-07-15T16:20:11Z [post] skip  C:\Users\thoma\.cursor\projects\c-dev-abd-context-driven-delivery\agent-tools\92ec70f9-8e97-4b3b-98b6-b42219bf82ca.txt
2026-07-15T16:20:12Z [post] skip  C:\Users\thoma\.cursor\projects\c-dev-abd-context-driven-delivery\agent-tools\92ec70f9-8e97-4b3b-98b6-b42219bf82ca.txt
2026-07-15T16:33:49Z [pre ] skip  c:\dev\abd-context-driven-delivery\.cursor\skills\clean-code\SKILL.md
2026-07-15T16:33:49Z [pre ] skip  c:\dev\abd-context-driven-delivery\.cursor\skills\clean-engineering\SKILL.md
2026-07-15T16:33:51Z [post] skip  c:\dev\abd-context-driven-delivery
2026-07-15T16:33:52Z [read] skip  c:\dev\abd-context-driven-delivery\.cursor\skills\clean-code\SKILL.md
2026-07-15T16:33:52Z [read] skip  c:\dev\abd-context-driven-delivery\.cursor\skills\clean-engineering\SKILL.md
2026-07-15T16:33:53Z [post] skip  c:\dev\abd-context-driven-delivery
2026-07-15T16:33:54Z [post] skip  c:\dev\abd-context-driven-delivery\.cursor\skills\clean-code\SKILL.md
2026-07-15T16:33:54Z [post] skip  c:\dev\abd-context-driven-delivery\.cursor\skills\clean-engineering\SKILL.md
2026-07-15T16:33:58Z [pre ] FIRED  c:\dev\abd-context-driven-delivery\clean_engineering\clean_engineering.py  — 5 manifest line(s)
2026-07-15T16:33:59Z [post] skip  c:\dev\abd-context-driven-delivery
2026-07-15T16:34:00Z [read] FIRED  c:\dev\abd-context-driven-delivery\clean_engineering\clean_engineering.py  — 5 manifest line(s)
2026-07-15T16:34:02Z [post] FIRED  c:\dev\abd-context-driven-delivery\clean_engineering\clean_engineering.py  — 5 manifest line(s)
2026-07-15T16:34:24Z [pre ] skip  c:\dev\abd-context-driven-delivery\tools\context.md
2026-07-15T16:34:24Z [pre ] skip  c:\dev\abd-context-driven-delivery\agent-skills\agent_skills_spec.py
2026-07-15T16:34:24Z [pre ] skip  c:\dev\abd-context-driven-delivery\agent-skills\agent_skills.py  — manifest ran but produced no output
2026-07-15T16:34:25Z [read] skip  c:\dev\abd-context-driven-delivery\tools\context.md
2026-07-15T16:34:25Z [read] skip  c:\dev\abd-context-driven-delivery\agent-skills\agent_skills_spec.py
2026-07-15T16:34:26Z [read] skip  c:\dev\abd-context-driven-delivery\agent-skills\agent_skills.py  — manifest ran but produced no output
2026-07-15T16:34:27Z [post] skip  c:\dev\abd-context-driven-delivery\tools\context.md
2026-07-15T16:34:27Z [post] skip  c:\dev\abd-context-driven-delivery\agent-skills\agent_skills_spec.py
2026-07-15T16:34:27Z [post] skip  c:\dev\abd-context-driven-delivery\agent-skills\agent_skills.py  — manifest ran but produced no output
2026-07-15T16:35:31Z [post] skip  c:\dev\abd-skills
2026-07-15T16:36:18Z [pre ] skip  c:\dev\abd-context-driven-delivery\agent-skills\agent_skills.py  — manifest ran but produced no output
2026-07-15T16:36:20Z [post] skip  c:\dev\abd-context-driven-delivery
2026-07-15T16:36:20Z [post] skip  c:\dev\abd-context-driven-delivery
2026-07-15T16:36:20Z [read] skip  c:\dev\abd-context-driven-delivery\agent-skills\agent_skills.py  — manifest ran but produced no output
2026-07-15T16:36:22Z [post] skip  c:\dev\abd-context-driven-delivery\agent-skills\agent_skills.py  — manifest ran but produced no output
2026-07-15T16:36:45Z [pre ] skip  c:\dev\abd-context-driven-delivery\.cursor\skills\agent-skills\SKILL.md
2026-07-15T16:36:47Z [read] skip  c:\dev\abd-context-driven-delivery\.cursor\skills\agent-skills\SKILL.md
2026-07-15T16:36:47Z [post] skip  c:\dev\abd-context-driven-delivery
2026-07-15T16:36:47Z [post] skip  c:\dev\abd-context-driven-delivery
2026-07-15T16:36:48Z [post] skip  c:\dev\abd-context-driven-delivery\.cursor\skills\agent-skills\SKILL.md
2026-07-15T16:37:15Z [post] skip  c:\dev\abd-context-driven-delivery
2026-07-15T16:37:16Z [post] skip  c:\dev\abd-skills
2026-07-15T16:37:54Z [pre ] skip  c:\dev\abd-context-driven-delivery\agent-skills\agent_skills.py  — manifest ran but produced no output
2026-07-15T16:37:55Z [read] skip  c:\dev\abd-context-driven-delivery\agent-skills\agent_skills.py  — manifest ran but produced no output
2026-07-15T16:37:57Z [post] skip  c:\dev\abd-context-driven-delivery\agent-skills\agent_skills.py  — manifest ran but produced no output
2026-07-15T16:38:02Z [pre ] skip  c:\dev\abd-context-driven-delivery\agent-skills\agent_skills.py  — manifest ran but produced no output
2026-07-15T16:38:04Z [post] skip  c:\dev\abd-context-driven-delivery\agent-skills\agent_skills.py  — manifest ran but produced no output
2026-07-15T16:38:05Z [post] skip  c:\dev\abd-context-driven-delivery\agent-skills\agent_skills.py  — manifest ran but produced no output
2026-07-15T16:38:12Z [pre ] skip  c:\dev\abd-context-driven-delivery\focus\_decorator.py
2026-07-15T16:38:14Z [post] skip  c:\dev\abd-context-driven-delivery\focus\_decorator.py
2026-07-15T16:38:15Z [post] skip  c:\dev\abd-context-driven-delivery\focus\_decorator.py
2026-07-15T16:38:20Z [pre ] skip  c:\dev\abd-context-driven-delivery\agent-skills\agent_skills_spec.py
2026-07-15T16:38:21Z [read] skip  c:\dev\abd-context-driven-delivery\agent-skills\agent_skills_spec.py
2026-07-15T16:38:23Z [post] skip  c:\dev\abd-context-driven-delivery\agent-skills\agent_skills_spec.py
2026-07-15T16:38:25Z [pre ] skip  c:\dev\abd-context-driven-delivery\agent-skills\agent_skills_spec.py
2026-07-15T16:38:26Z [post] skip  c:\dev\abd-context-driven-delivery\agent-skills\agent_skills_spec.py
2026-07-15T16:38:27Z [post] skip  c:\dev\abd-context-driven-delivery\agent-skills\agent_skills_spec.py
2026-07-15T16:38:32Z [pre ] skip  c:\dev\abd-context-driven-delivery\agent-skills\.deploy-state.json
2026-07-15T16:38:33Z [read] skip  c:\dev\abd-context-driven-delivery\agent-skills\.deploy-state.json
2026-07-15T16:38:35Z [post] skip  c:\dev\abd-context-driven-delivery\agent-skills\.deploy-state.json
2026-07-15T16:39:05Z [post] skip  c:\dev\abd-context-driven-delivery
2026-07-15T18:30:51Z [post] skip  c:\dev\abd-context-driven-delivery
2026-07-15T18:30:51Z [post] skip  c:\dev\abd-context-driven-delivery\tools
2026-07-15T21:17:45Z [pre ] skip  c:\dev\abd-context-driven-delivery\.cursor\skills\clean-engineering\SKILL.md
2026-07-15T21:17:46Z [pre ] FIRED  c:\dev\abd-context-driven-delivery\clean_engineering\clean_engineering.py  — 5 manifest line(s)
2026-07-15T21:17:48Z [read] skip  c:\dev\abd-context-driven-delivery\.cursor\skills\clean-engineering\SKILL.md
2026-07-15T21:17:49Z [post] skip  c:\dev\abd-context-driven-delivery\clean_engineering
2026-07-15T21:17:53Z [read] FIRED  c:\dev\abd-context-driven-delivery\clean_engineering\clean_engineering.py  — 5 manifest line(s)
2026-07-15T21:17:53Z [post] skip  c:\dev\abd-context-driven-delivery\.cursor\skills\clean-engineering\SKILL.md
2026-07-15T21:17:57Z [post] FIRED  c:\dev\abd-context-driven-delivery\clean_engineering\clean_engineering.py  — 5 manifest line(s)
2026-07-15T21:18:03Z [pre ] skip  c:\dev\abd-context-driven-delivery\.cursor\skills\clean-specification\SKILL.md
2026-07-15T21:18:04Z [pre ] skip  c:\dev\abd-context-driven-delivery\.cursor\skills\clean-language\SKILL.md
2026-07-15T21:18:07Z [read] skip  c:\dev\abd-context-driven-delivery\.cursor\skills\clean-specification\SKILL.md
2026-07-15T21:18:07Z [read] skip  c:\dev\abd-context-driven-delivery\.cursor\skills\clean-language\SKILL.md
2026-07-15T21:18:10Z [post] skip  c:\dev\abd-context-driven-delivery\.cursor\skills\clean-specification\SKILL.md
2026-07-15T21:18:10Z [post] skip  c:\dev\abd-context-driven-delivery\.cursor\skills\clean-language\SKILL.md
2026-07-15T21:18:17Z [pre ] skip  c:\dev\abd-context-driven-delivery\.cursor\skills\clean-engineering\SKILL.md
2026-07-15T21:18:19Z [read] skip  c:\dev\abd-context-driven-delivery\.cursor\skills\clean-engineering\SKILL.md
2026-07-15T21:18:20Z [post] skip  c:\dev\abd-context-driven-delivery\.cursor\skills\clean-engineering\SKILL.md
2026-07-15T21:18:24Z [pre ] skip  c:\dev\abd-context-driven-delivery\.cursor\skills\clean-engineering\SKILL.md
2026-07-15T21:18:27Z [post] skip  c:\dev\abd-context-driven-delivery\.cursor\skills\clean-engineering\SKILL.md
2026-07-15T21:18:29Z [post] skip  c:\dev\abd-context-driven-delivery\.cursor\skills\clean-engineering\SKILL.md
2026-07-15T22:31:55Z [pre ] skip  c:\Users\thoma\.cursor\projects\c-dev-abd-context-driven-delivery\terminals\3.txt
2026-07-15T22:31:57Z [post] skip  C:\dev\you-tube-scraper\summary
2026-07-15T22:31:57Z [read] skip  c:\Users\thoma\.cursor\projects\c-dev-abd-context-driven-delivery\terminals\3.txt
2026-07-15T22:31:57Z [post] skip  C:\dev\you-tube-scraper\transcripts
2026-07-15T22:31:59Z [post] skip  c:\Users\thoma\.cursor\projects\c-dev-abd-context-driven-delivery\terminals\3.txt
2026-07-15T22:32:27Z [post] skip  C:\dev\you-tube-scraper
2026-07-15T22:32:36Z [post] skip  C:\dev\you-tube-scraper
2026-07-15T22:32:45Z [pre ] skip  C:\dev\you-tube-scraper\README.md
2026-07-15T22:32:47Z [read] skip  C:\dev\you-tube-scraper\README.md
2026-07-15T22:32:48Z [post] skip  C:\dev\you-tube-scraper\README.md
2026-07-15T22:33:01Z [pre ] skip  C:\dev\you-tube-scraper\README.md
2026-07-15T22:33:03Z [read] skip  C:\dev\you-tube-scraper\README.md
2026-07-15T22:33:05Z [post] skip  C:\dev\you-tube-scraper\README.md
2026-07-15T22:33:17Z [pre ] skip  C:\Users\thoma\.agents\skills\find-skills\SKILL.md
2026-07-15T22:33:19Z [read] skip  C:\Users\thoma\.agents\skills\find-skills\SKILL.md
2026-07-15T22:33:21Z [post] skip  C:\Users\thoma\.agents\skills\find-skills\SKILL.md
2026-07-15T22:33:42Z [post] skip  C:\dev\you-tube-scraper\transcripts
2026-07-15T22:33:42Z [post] skip  C:\dev\you-tube-scraper\transcripts
2026-07-15T22:33:42Z [post] skip  C:\dev\you-tube-scraper\transcripts
2026-07-15T22:33:42Z [post] skip  C:\dev\you-tube-scraper\transcripts
2026-07-15T22:33:42Z [post] skip  C:\dev\you-tube-scraper\transcripts
2026-07-15T22:33:42Z [post] skip  C:\dev\you-tube-scraper\transcripts
2026-07-15T22:33:42Z [post] skip  C:\dev\you-tube-scraper\transcripts
2026-07-15T22:33:42Z [post] skip  C:\dev\you-tube-scraper\transcripts
2026-07-15T22:33:42Z [post] skip  C:\dev\you-tube-scraper\transcripts
2026-07-15T22:33:43Z [post] skip  C:\dev\you-tube-scraper\transcripts
2026-07-15T22:33:43Z [post] skip  C:\dev\you-tube-scraper\transcripts
2026-07-15T22:33:43Z [post] skip  C:\dev\you-tube-scraper\transcripts
2026-07-15T22:33:43Z [post] skip  C:\dev\you-tube-scraper\transcripts
2026-07-15T22:33:43Z [post] skip  C:\dev\you-tube-scraper\transcripts
2026-07-15T22:33:43Z [post] skip  C:\dev\you-tube-scraper\transcripts
2026-07-15T22:33:43Z [post] skip  C:\dev\you-tube-scraper\transcripts
2026-07-15T22:33:44Z [pre ] skip  C:\dev\you-tube-scraper\transcripts\UzMNBN6xLLA__9-things-people-get-wrong-with-my-grill--skills.txt
2026-07-15T22:33:48Z [read] skip  C:\dev\you-tube-scraper\transcripts\UzMNBN6xLLA__9-things-people-get-wrong-with-my-grill--skills.txt
2026-07-15T22:33:49Z [pre ] skip  C:\dev\you-tube-scraper\transcripts\A8mokin_YOs__new-skills-v1.1-brings-wayfinder-research-implement-to-spec-.txt
2026-07-15T22:33:49Z [pre ] skip  C:\dev\you-tube-scraper\transcripts\s5T5oQJcJ6U__learn-anything-with-the-teach-skill.txt
2026-07-15T22:33:49Z [pre ] skip  C:\dev\you-tube-scraper\transcripts\dtAJ2dOd3ko__handoff-is-my-new-favourite-skill.txt
2026-07-15T22:33:54Z [pre ] skip  C:\dev\you-tube-scraper\transcripts\mh5XZ-L5SFQ__can-cursor-s-hardcore-review-skill-stop-the-slop.txt
2026-07-15T22:33:54Z [pre ] skip  C:\dev\you-tube-scraper\transcripts\UzMNBN6xLLA__9-things-people-get-wrong-with-my-grill--skills.txt
2026-07-15T22:33:56Z [post] skip  C:\dev\you-tube-scraper\transcripts\UzMNBN6xLLA__9-things-people-get-wrong-with-my-grill--skills.txt
2026-07-15T22:33:57Z [read] skip  C:\dev\you-tube-scraper\transcripts\A8mokin_YOs__new-skills-v1.1-brings-wayfinder-research-implement-to-spec-.txt
2026-07-15T22:33:58Z [read] skip  C:\dev\you-tube-scraper\transcripts\s5T5oQJcJ6U__learn-anything-with-the-teach-skill.txt
2026-07-15T22:34:00Z [read] skip  C:\dev\you-tube-scraper\transcripts\dtAJ2dOd3ko__handoff-is-my-new-favourite-skill.txt
2026-07-15T22:34:04Z [read] skip  C:\dev\you-tube-scraper\transcripts\mh5XZ-L5SFQ__can-cursor-s-hardcore-review-skill-stop-the-slop.txt
2026-07-15T22:34:04Z [read] skip  C:\dev\you-tube-scraper\transcripts\UzMNBN6xLLA__9-things-people-get-wrong-with-my-grill--skills.txt
2026-07-15T22:34:08Z [post] skip  C:\dev\you-tube-scraper\transcripts\s5T5oQJcJ6U__learn-anything-with-the-teach-skill.txt
2026-07-15T22:34:09Z [post] skip  C:\dev\you-tube-scraper\transcripts\A8mokin_YOs__new-skills-v1.1-brings-wayfinder-research-implement-to-spec-.txt
2026-07-15T22:34:11Z [post] skip  C:\dev\you-tube-scraper\transcripts\dtAJ2dOd3ko__handoff-is-my-new-favourite-skill.txt
2026-07-15T22:34:15Z [post] skip  C:\dev\you-tube-scraper\transcripts\mh5XZ-L5SFQ__can-cursor-s-hardcore-review-skill-stop-the-slop.txt
2026-07-15T22:34:17Z [post] skip  C:\dev\you-tube-scraper\transcripts\UzMNBN6xLLA__9-things-people-get-wrong-with-my-grill--skills.txt
2026-07-15T22:34:54Z [pre ] skip  C:\Users\thoma\.cursor\projects\c-dev-abd-context-driven-delivery\terminals\703425.txt
2026-07-15T22:34:55Z [read] skip  C:\Users\thoma\.cursor\projects\c-dev-abd-context-driven-delivery\terminals\703425.txt
2026-07-15T22:34:57Z [post] skip  C:\Users\thoma\.cursor\projects\c-dev-abd-context-driven-delivery\terminals\703425.txt
2026-07-15T22:35:31Z [post] skip  C:\dev\you-tube-scraper\summary\key-points.md
2026-07-15T22:35:33Z [post] skip  C:\dev\you-tube-scraper\summary\key-points.md
2026-07-15T22:37:25Z [pre ] skip  c:\dev\abd-context-driven-delivery\.cursor\skills\clean-modules\SKILL.md
2026-07-15T22:37:27Z [read] skip  c:\dev\abd-context-driven-delivery\.cursor\skills\clean-modules\SKILL.md
2026-07-15T22:37:29Z [post] skip  c:\dev\abd-context-driven-delivery\.cursor\skills\clean-modules\SKILL.md
2026-07-15T22:37:56Z [post] skip  C:\dev\abd-context-driven-delivery
2026-07-15T22:37:56Z [post] skip  C:\dev\abd-context-driven-delivery
2026-07-15T22:37:56Z [post] skip  C:\dev\abd-context-driven-delivery
2026-07-15T22:38:01Z [pre ] skip  C:\dev\abd-context-driven-delivery\generator\base-generator\generate.md
2026-07-15T22:38:02Z [pre ] FIRED  C:\dev\abd-context-driven-delivery\clean_engineering\clean_engineering.py  — 5 manifest line(s)
2026-07-15T22:38:03Z [read] skip  C:\dev\abd-context-driven-delivery\generator\base-generator\generate.md
2026-07-15T22:38:04Z [post] skip  C:\dev\abd-context-driven-delivery
2026-07-15T22:38:05Z [read] FIRED  C:\dev\abd-context-driven-delivery\clean_engineering\clean_engineering.py  — 5 manifest line(s)
2026-07-15T22:38:05Z [post] skip  C:\dev\abd-context-driven-delivery\generator\base-generator\generate.md
2026-07-15T22:38:07Z [post] FIRED  C:\dev\abd-context-driven-delivery\clean_engineering\clean_engineering.py  — 5 manifest line(s)
2026-07-15T22:38:13Z [pre ] skip  C:\dev\abd-context-driven-delivery\clean_engineering\fidelities\modules.md
2026-07-15T22:38:13Z [pre ] skip  C:\dev\abd-context-driven-delivery\clean_engineering\sketch-template.md
2026-07-15T22:38:13Z [pre ] skip  C:\dev\abd-context-driven-delivery\sketch\sketch.md
2026-07-15T22:38:15Z [read] skip  C:\dev\abd-context-driven-delivery\clean_engineering\sketch-template.md
2026-07-15T22:38:16Z [read] skip  C:\dev\abd-context-driven-delivery\sketch\sketch.md
2026-07-15T22:38:16Z [read] skip  C:\dev\abd-context-driven-delivery\clean_engineering\fidelities\modules.md
2026-07-15T22:38:18Z [post] skip  C:\dev\abd-context-driven-delivery\sketch\sketch.md
2026-07-15T22:38:18Z [post] skip  C:\dev\abd-context-driven-delivery\clean_engineering\sketch-template.md
2026-07-15T22:38:18Z [post] skip  C:\dev\abd-context-driven-delivery\clean_engineering\fidelities\modules.md
2026-07-15T22:38:32Z [pre ] skip  C:\dev\abd-context-driven-delivery\sketch\_decorator.py
2026-07-15T22:38:32Z [pre ] skip  C:\dev\abd-context-driven-delivery\.cursor\skills\sketch\SKILL.md
2026-07-15T22:38:35Z [read] skip  C:\dev\abd-context-driven-delivery\sketch\_decorator.py
2026-07-15T22:38:35Z [read] skip  C:\dev\abd-context-driven-delivery\.cursor\skills\sketch\SKILL.md
2026-07-15T22:38:37Z [post] skip  C:\dev\abd-context-driven-delivery
2026-07-15T22:38:37Z [post] skip  C:\dev\abd-context-driven-delivery\.cursor\skills\sketch\SKILL.md
2026-07-15T22:38:37Z [post] skip  C:\dev\abd-context-driven-delivery\sketch\_decorator.py
2026-07-15T22:38:46Z [pre ] skip  C:\dev\abd-context-driven-delivery\.cursor\skills\grill-context\SKILL.md
2026-07-15T22:38:46Z [pre ] FIRED  C:\dev\abd-context-driven-delivery\sketch\sketch.py  — 1 manifest line(s)
2026-07-15T22:38:48Z [read] skip  C:\dev\abd-context-driven-delivery\.cursor\skills\grill-context\SKILL.md
2026-07-15T22:38:49Z [post] skip  C:\dev\abd-context-driven-delivery\action
2026-07-15T22:38:49Z [read] FIRED  C:\dev\abd-context-driven-delivery\sketch\sketch.py  — 1 manifest line(s)
2026-07-15T22:38:50Z [post] skip  C:\dev\abd-context-driven-delivery\.cursor\skills\grill-context\SKILL.md
2026-07-15T22:38:51Z [post] FIRED  C:\dev\abd-context-driven-delivery\sketch\sketch.py  — 1 manifest line(s)
2026-07-15T22:39:13Z [pre ] FIRED  C:\dev\abd-context-driven-delivery\clean_engineering\formats\python\ooad-examples.py  — 3 manifest line(s)
2026-07-15T22:39:21Z [post] skip  C:\dev\abd-context-driven-delivery
2026-07-15T22:39:22Z [read] FIRED  C:\dev\abd-context-driven-delivery\clean_engineering\formats\python\ooad-examples.py  — 3 manifest line(s)
2026-07-15T22:39:28Z [post] FIRED  C:\dev\abd-context-driven-delivery\clean_engineering\formats\python\ooad-examples.py  — 3 manifest line(s)
2026-07-15T22:43:37Z [pre ] skip  C:\dev\you-tube-scraper\summary\key-points.md
2026-07-15T22:43:38Z [post] skip  C:\dev\you-tube-scraper\summary\key-points.md
2026-07-15T22:43:40Z [post] skip  C:\dev\you-tube-scraper\summary\key-points.md
2026-07-15T22:45:51Z [pre ] skip  C:\dev\abd-context-driven-delivery\sandbox\.context\mm3e-core-mechanics-sketch.md
2026-07-15T22:45:54Z [post] skip  C:\dev\abd-context-driven-delivery\sandbox\.context\mm3e-core-mechanics-sketch.md
2026-07-15T22:48:47Z [pre ] skip  C:\dev\abd-context-driven-delivery\sandbox\.context\mm3e-resolution-sketch.md
2026-07-15T22:48:48Z [read] skip  C:\dev\abd-context-driven-delivery\sandbox\.context\mm3e-resolution-sketch.md
2026-07-15T22:48:50Z [post] skip  C:\dev\abd-context-driven-delivery\sandbox\.context\mm3e-resolution-sketch.md
2026-07-15T22:48:56Z [pre ] skip  C:\dev\abd-context-driven-delivery\sandbox\.context\mm3e-measurement-sketch.md
2026-07-15T22:48:56Z [pre ] skip  C:\dev\abd-context-driven-delivery\sandbox\.context\mm3e-resolution-sketch.md
2026-07-15T22:48:58Z [post] skip  C:\dev\abd-context-driven-delivery\sandbox\.context\mm3e-measurement-sketch.md
2026-07-15T22:48:59Z [post] skip  C:\dev\abd-context-driven-delivery\sandbox\.context\mm3e-resolution-sketch.md
2026-07-15T22:51:57Z [pre ] skip  C:\dev\abd-context-driven-delivery\sandbox\mm3e - core mechanics.md
2026-07-15T22:51:57Z [pre ] skip  C:\dev\mm3e-experiment\markdown\HeroesHandbook.md
2026-07-15T22:51:59Z [post] skip  C:\dev\abd-context-driven-delivery\sandbox\mm3e - core mechanics.md
2026-07-15T22:51:59Z [post] skip  C:\dev\mm3e-experiment\markdown\HeroesHandbook.md
2026-07-15T22:52:03Z [pre ] skip  C:\dev\mm3e-experiment\markdown\HeroesHandbook.md
2026-07-15T22:52:03Z [pre ] skip  C:\dev\mm3e-experiment\markdown\HeroesHandbook.md
2026-07-15T22:52:05Z [read] skip  C:\dev\mm3e-experiment\markdown\HeroesHandbook.md
2026-07-15T22:52:07Z [post] skip  C:\dev\mm3e-experiment\markdown\HeroesHandbook.md
2026-07-15T22:52:07Z [post] skip  C:\dev\mm3e-experiment\markdown\HeroesHandbook.md
2026-07-15T22:59:38Z [pre ] skip  C:\dev\abd-context-driven-delivery\sketch\sketch.md
2026-07-15T22:59:38Z [pre ] FIRED  C:\dev\abd-context-driven-delivery\sketch\sketch.py  — 1 manifest line(s)
2026-07-15T22:59:40Z [read] skip  C:\dev\abd-context-driven-delivery\sketch\sketch.md
2026-07-15T22:59:40Z [post] skip  C:\dev\abd-context-driven-delivery
2026-07-15T22:59:41Z [read] FIRED  C:\dev\abd-context-driven-delivery\sketch\sketch.py  — 1 manifest line(s)
2026-07-15T22:59:42Z [post] skip  C:\dev\abd-context-driven-delivery\sketch\sketch.md
2026-07-15T22:59:43Z [post] FIRED  C:\dev\abd-context-driven-delivery\sketch\sketch.py  — 1 manifest line(s)
2026-07-15T22:59:50Z [pre ] skip  C:\dev\abd-context-driven-delivery\.cursor\skills\grill-context\SKILL.md
2026-07-15T22:59:51Z [pre ] skip  C:\dev\abd-context-driven-delivery\sketch\.context\sketch-behavior.md
2026-07-15T22:59:53Z [read] skip  C:\dev\abd-context-driven-delivery\.cursor\skills\grill-context\SKILL.md
2026-07-15T22:59:53Z [read] skip  C:\dev\abd-context-driven-delivery\sketch\.context\sketch-behavior.md
2026-07-15T22:59:54Z [post] skip  C:\dev\abd-context-driven-delivery\grill_context
2026-07-15T22:59:54Z [post] skip  C:\dev\abd-context-driven-delivery
2026-07-15T22:59:55Z [post] skip  C:\dev\abd-context-driven-delivery\sketch
2026-07-15T22:59:55Z [post] skip  C:\dev\abd-context-driven-delivery\.cursor\skills\grill-context\SKILL.md
2026-07-15T22:59:56Z [post] skip  C:\dev\abd-context-driven-delivery\sketch\.context\sketch-behavior.md
2026-07-15T22:59:59Z [pre ] skip  C:\dev\abd-context-driven-delivery\sketch\sketch_spec.py
2026-07-15T22:59:59Z [pre ] skip  C:\dev\abd-context-driven-delivery\grill_context\grill_context_decorator_spec.py
2026-07-15T23:00:01Z [read] skip  C:\dev\abd-context-driven-delivery\sketch\sketch_spec.py
2026-07-15T23:00:01Z [read] skip  C:\dev\abd-context-driven-delivery\grill_context\grill_context_decorator_spec.py
2026-07-15T23:00:02Z [post] skip  C:\dev\abd-context-driven-delivery\sketch\sketch_spec.py
2026-07-15T23:00:02Z [post] skip  C:\dev\abd-context-driven-delivery\grill_context\grill_context_decorator_spec.py
2026-07-15T23:00:15Z [pre ] FIRED  C:\dev\abd-context-driven-delivery\grill_context\grill_context.py  — 1 manifest line(s)
2026-07-15T23:00:17Z [post] FIRED  C:\dev\abd-context-driven-delivery\grill_context\grill_context.py  — 1 manifest line(s)
2026-07-15T23:00:19Z [post] FIRED  C:\dev\abd-context-driven-delivery\grill_context\grill_context.py  — 1 manifest line(s)
2026-07-15T23:00:20Z [pre ] skip  C:\dev\abd-context-driven-delivery\sketch\sketch.md
2026-07-15T23:00:22Z [read] skip  C:\dev\abd-context-driven-delivery\sketch\sketch.md
2026-07-15T23:00:23Z [pre ] FIRED  C:\dev\abd-context-driven-delivery\sketch\sketch.py  — 1 manifest line(s)
2026-07-15T23:00:23Z [post] skip  C:\dev\abd-context-driven-delivery\sketch\sketch.md
2026-07-15T23:00:25Z [read] FIRED  C:\dev\abd-context-driven-delivery\sketch\sketch.py  — 1 manifest line(s)
2026-07-15T23:00:25Z [pre ] skip  C:\dev\abd-context-driven-delivery\sketch\sketch.md
2026-07-15T23:00:27Z [post] FIRED  C:\dev\abd-context-driven-delivery\sketch\sketch.py  — 1 manifest line(s)
2026-07-15T23:00:27Z [post] skip  C:\dev\abd-context-driven-delivery\sketch\sketch.md
2026-07-15T23:00:29Z [post] skip  C:\dev\abd-context-driven-delivery\sketch\sketch.md
2026-07-15T23:00:29Z [pre ] FIRED  C:\dev\abd-context-driven-delivery\sketch\sketch.py  — 1 manifest line(s)
2026-07-15T23:00:31Z [post] FIRED  C:\dev\abd-context-driven-delivery\sketch\sketch.py  — 1 manifest line(s)
2026-07-15T23:00:33Z [post] FIRED  C:\dev\abd-context-driven-delivery\sketch\sketch.py  — 1 manifest line(s)
2026-07-15T23:00:52Z [post] skip  C:\dev\abd-context-driven-delivery
2026-07-15T23:00:54Z [pre ] FIRED  C:\dev\abd-context-driven-delivery\grill_context\grill_context.py  — 1 manifest line(s)
2026-07-15T23:00:56Z [post] FIRED  C:\dev\abd-context-driven-delivery\grill_context\grill_context.py  — 1 manifest line(s)
2026-07-15T23:00:58Z [post] FIRED  C:\dev\abd-context-driven-delivery\grill_context\grill_context.py  — 1 manifest line(s)
2026-07-15T23:01:20Z [pre ] FIRED  C:\dev\abd-context-driven-delivery\grill_context\grill_context.py  — 1 manifest line(s)
2026-07-15T23:01:22Z [post] FIRED  C:\dev\abd-context-driven-delivery\grill_context\grill_context.py  — 1 manifest line(s)
2026-07-15T23:01:24Z [post] FIRED  C:\dev\abd-context-driven-delivery\grill_context\grill_context.py  — 1 manifest line(s)
2026-07-15T23:01:53Z [pre ] skip  C:\dev\abd-context-driven-delivery\clean_engineering\fidelities\modules.md
2026-07-15T23:01:55Z [read] skip  C:\dev\abd-context-driven-delivery\clean_engineering\fidelities\modules.md
2026-07-15T23:01:56Z [post] skip  C:\dev\abd-context-driven-delivery\clean_engineering\fidelities\modules.md
2026-07-15T23:13:48Z [pre ] skip  C:\dev\abd-context-driven-delivery\sandbox\.context\grill-answers.md
2026-07-15T23:13:49Z [read] skip  C:\dev\abd-context-driven-delivery\sandbox\.context\grill-answers.md
2026-07-15T23:13:50Z [post] skip  C:\dev\abd-context-driven-delivery\sandbox\.context\grill-answers.md
2026-07-15T23:17:20Z [pre ] skip  C:\dev\abd-context-driven-delivery\sandbox\.context\mm3e-core-mechanics-sketch.md
2026-07-15T23:17:21Z [post] skip  C:\dev\abd-context-driven-delivery\sandbox\.context\mm3e-core-mechanics-sketch.md
2026-07-15T23:17:23Z [post] skip  C:\dev\abd-context-driven-delivery\sandbox\.context\mm3e-core-mechanics-sketch.md
2026-07-15T23:19:22Z [pre ] skip  C:\dev\abd-context-driven-delivery\clean_engineering\sketch-template.md
2026-07-15T23:19:22Z [pre ] skip  C:\dev\abd-context-driven-delivery\sketch\sketch-template.md
2026-07-15T23:19:23Z [read] skip  C:\dev\abd-context-driven-delivery\sketch\sketch-template.md
2026-07-15T23:19:23Z [read] skip  C:\dev\abd-context-driven-delivery\clean_engineering\sketch-template.md
2026-07-15T23:19:25Z [post] skip  C:\dev\abd-context-driven-delivery\sketch\sketch-template.md
2026-07-15T23:19:25Z [post] skip  C:\dev\abd-context-driven-delivery\clean_engineering\sketch-template.md
2026-07-15T23:19:34Z [pre ] skip  C:\dev\abd-context-driven-delivery\sandbox\.context\mm3e-core-mechanics-sketch.md
2026-07-15T23:19:35Z [post] skip  C:\dev\abd-context-driven-delivery\sandbox\.context\mm3e-core-mechanics-sketch.md
2026-07-15T23:19:36Z [post] skip  C:\dev\abd-context-driven-delivery\sandbox\.context\mm3e-core-mechanics-sketch.md
2026-07-15T23:19:41Z [pre ] skip  C:\dev\abd-context-driven-delivery\clean_engineering\sketch-template.md
2026-07-15T23:19:42Z [read] skip  C:\dev\abd-context-driven-delivery\clean_engineering\sketch-template.md
2026-07-15T23:19:43Z [post] skip  C:\dev\abd-context-driven-delivery\clean_engineering\sketch-template.md
2026-07-15T23:19:44Z [pre ] skip  C:\dev\abd-context-driven-delivery\clean_engineering\sketch-template.md
2026-07-15T23:19:45Z [post] skip  C:\dev\abd-context-driven-delivery\clean_engineering\sketch-template.md
2026-07-15T23:19:46Z [post] skip  C:\dev\abd-context-driven-delivery\clean_engineering\sketch-template.md
2026-07-15T23:19:52Z [pre ] skip  C:\dev\abd-context-driven-delivery\sandbox\.context\mm3e-core-mechanics-sketch.md
2026-07-15T23:19:53Z [post] skip  C:\dev\abd-context-driven-delivery\sandbox\.context\mm3e-core-mechanics-sketch.md
2026-07-15T23:19:54Z [post] skip  C:\dev\abd-context-driven-delivery\sandbox\.context\mm3e-core-mechanics-sketch.md
2026-07-15T23:23:48Z [pre ] skip  C:\dev\abd-context-driven-delivery\sandbox\.context\mm3e-core-mechanics-sketch.md
2026-07-15T23:23:50Z [post] skip  C:\dev\abd-context-driven-delivery\sandbox\.context\mm3e-core-mechanics-sketch.md
2026-07-15T23:23:51Z [post] skip  C:\dev\abd-context-driven-delivery\sandbox\.context\mm3e-core-mechanics-sketch.md
2026-07-15T23:27:13Z [pre ] skip  C:\dev\abd-context-driven-delivery\sandbox\.context\mm3e-core-mechanics-sketch.md
2026-07-15T23:27:15Z [post] skip  C:\dev\abd-context-driven-delivery\sandbox\.context\mm3e-core-mechanics-sketch.md
2026-07-15T23:27:16Z [post] skip  C:\dev\abd-context-driven-delivery\sandbox\.context\mm3e-core-mechanics-sketch.md
2026-07-15T23:28:15Z [pre ] skip  C:\dev\abd-context-driven-delivery\sandbox\.context\mm3e-core-mechanics-sketch.md
2026-07-15T23:28:17Z [post] skip  C:\dev\abd-context-driven-delivery\sandbox\.context\mm3e-core-mechanics-sketch.md
2026-07-15T23:28:18Z [post] skip  C:\dev\abd-context-driven-delivery\sandbox\.context\mm3e-core-mechanics-sketch.md
2026-07-15T23:28:26Z [pre ] skip  C:\dev\abd-context-driven-delivery\sandbox\.context\mm3e-core-mechanics-sketch.md
2026-07-15T23:28:27Z [post] skip  C:\dev\abd-context-driven-delivery\sandbox\.context\mm3e-core-mechanics-sketch.md
2026-07-15T23:28:28Z [post] skip  C:\dev\abd-context-driven-delivery\sandbox\.context\mm3e-core-mechanics-sketch.md
2026-07-15T23:29:00Z [pre ] skip  C:\dev\abd-context-driven-delivery\sandbox\.context\mm3e-core-mechanics-sketch.md
2026-07-15T23:29:02Z [post] skip  C:\dev\abd-context-driven-delivery\sandbox\.context\mm3e-core-mechanics-sketch.md
2026-07-15T23:29:03Z [post] skip  C:\dev\abd-context-driven-delivery\sandbox\.context\mm3e-core-mechanics-sketch.md
2026-07-15T23:32:07Z [pre ] skip  C:\dev\abd-context-driven-delivery\sandbox\.context\mm3e-core-mechanics-sketch.md
2026-07-15T23:32:08Z [post] skip  C:\dev\abd-context-driven-delivery\sandbox\.context\mm3e-core-mechanics-sketch.md
2026-07-15T23:32:09Z [post] skip  C:\dev\abd-context-driven-delivery\sandbox\.context\mm3e-core-mechanics-sketch.md
2026-07-15T23:35:40Z [pre ] skip  C:\dev\abd-context-driven-delivery\sandbox\.context\mm3e-core-mechanics-sketch.md
2026-07-15T23:35:42Z [post] skip  C:\dev\abd-context-driven-delivery\sandbox\.context\mm3e-core-mechanics-sketch.md
2026-07-15T23:35:43Z [post] skip  C:\dev\abd-context-driven-delivery\sandbox\.context\mm3e-core-mechanics-sketch.md
2026-07-15T23:45:46Z [pre ] FIRED  C:\dev\abd-context-driven-delivery\clean_engineering\formats\python\ooad-template.py  — 3 manifest line(s)
2026-07-15T23:45:48Z [read] FIRED  C:\dev\abd-context-driven-delivery\clean_engineering\formats\python\ooad-template.py  — 3 manifest line(s)
2026-07-15T23:45:48Z [post] skip  C:\dev\abd-context-driven-delivery\clean_engineering
2026-07-15T23:45:49Z [post] FIRED  C:\dev\abd-context-driven-delivery\clean_engineering\formats\python\ooad-template.py  — 3 manifest line(s)
2026-07-15T23:45:57Z [pre ] skip  C:\dev\abd-context-driven-delivery\clean_engineering\formats\python\scanners\named_seam_and_constraint_scanner.py
2026-07-15T23:45:58Z [pre ] skip  C:\dev\abd-context-driven-delivery\clean_engineering\fidelities\modules.md
2026-07-15T23:45:58Z [pre ] FIRED  C:\dev\abd-context-driven-delivery\clean_engineering\formats\python\ooad-examples.py  — 3 manifest line(s)
2026-07-15T23:45:59Z [read] skip  C:\dev\abd-context-driven-delivery\clean_engineering\formats\python\scanners\named_seam_and_constraint_scanner.py
2026-07-15T23:45:59Z [read] skip  C:\dev\abd-context-driven-delivery\clean_engineering\fidelities\modules.md
2026-07-15T23:46:00Z [read] FIRED  C:\dev\abd-context-driven-delivery\clean_engineering\formats\python\ooad-examples.py  — 3 manifest line(s)
2026-07-15T23:46:00Z [post] skip  C:\dev\abd-context-driven-delivery\clean_engineering\fidelities\modules.md
2026-07-15T23:46:01Z [post] skip  C:\dev\abd-context-driven-delivery\clean_engineering\formats\python\scanners\named_seam_and_constraint_scanner.py
2026-07-15T23:46:01Z [post] FIRED  C:\dev\abd-context-driven-delivery\clean_engineering\formats\python\ooad-examples.py  — 3 manifest line(s)
2026-07-15T23:46:15Z [pre ] skip  C:\dev\abd-context-driven-delivery\clean_engineering\formats\python\scanners\physical_folder_scanner.py
2026-07-15T23:46:15Z [pre ] skip  C:\dev\abd-context-driven-delivery\clean_engineering\formats\python\scanners\deep_module_scanner.py
2026-07-15T23:46:17Z [read] skip  C:\dev\abd-context-driven-delivery\clean_engineering\formats\python\scanners\deep_module_scanner.py
2026-07-15T23:46:17Z [read] skip  C:\dev\abd-context-driven-delivery\clean_engineering\formats\python\scanners\physical_folder_scanner.py
2026-07-15T23:46:18Z [post] skip  C:\dev\abd-context-driven-delivery\clean_engineering\formats\python\scanners\deep_module_scanner.py
2026-07-15T23:46:18Z [post] skip  C:\dev\abd-context-driven-delivery\clean_engineering\formats\python\scanners\physical_folder_scanner.py
2026-07-15T23:46:29Z [pre ] skip  C:\dev\abd-context-driven-delivery\clean_engineering\formats\python\scanners\complexity_absorption_scanner.py
2026-07-15T23:46:30Z [read] skip  C:\dev\abd-context-driven-delivery\clean_engineering\formats\python\scanners\complexity_absorption_scanner.py
2026-07-15T23:46:30Z [post] skip  C:\dev\abd-context-driven-delivery
2026-07-15T23:46:31Z [post] skip  C:\dev\abd-context-driven-delivery\clean_engineering\formats\python\scanners\complexity_absorption_scanner.py
2026-07-15T23:46:45Z [post] skip  C:\dev\abd-context-driven-delivery\sandbox\core_mechanics\.context\module-context.md
2026-07-15T23:46:46Z [post] skip  C:\dev\abd-context-driven-delivery\sandbox\core_mechanics\.context\module-context.md
2026-07-15T23:46:54Z [post] FIRED  C:\dev\abd-context-driven-delivery\sandbox\core_mechanics\check.py  — 3 manifest line(s)
2026-07-15T23:46:56Z [post] FIRED  C:\dev\abd-context-driven-delivery\sandbox\core_mechanics\check.py  — 3 manifest line(s)
2026-07-15T23:47:03Z [post] FIRED  C:\dev\abd-context-driven-delivery\sandbox\core_mechanics\trait.py  — 3 manifest line(s)
2026-07-15T23:47:07Z [post] FIRED  C:\dev\abd-context-driven-delivery\sandbox\core_mechanics\trait.py  — 3 manifest line(s)
2026-07-15T23:47:07Z [post] FIRED  C:\dev\abd-context-driven-delivery\sandbox\core_mechanics\modifier.py  — 3 manifest line(s)
2026-07-15T23:47:09Z [post] FIRED  C:\dev\abd-context-driven-delivery\sandbox\core_mechanics\difficulty_class.py  — 3 manifest line(s)
2026-07-15T23:47:10Z [post] FIRED  C:\dev\abd-context-driven-delivery\sandbox\core_mechanics\modifier.py  — 3 manifest line(s)
2026-07-15T23:47:10Z [post] FIRED  C:\dev\abd-context-driven-delivery\sandbox\core_mechanics\measure.py  — 3 manifest line(s)
2026-07-15T23:47:11Z [post] FIRED  C:\dev\abd-context-driven-delivery\sandbox\core_mechanics\check_result.py  — 3 manifest line(s)
2026-07-15T23:47:11Z [post] FIRED  C:\dev\abd-context-driven-delivery\sandbox\core_mechanics\difficulty_class.py  — 3 manifest line(s)
2026-07-15T23:47:12Z [post] FIRED  C:\dev\abd-context-driven-delivery\sandbox\core_mechanics\measurements_table.py  — 3 manifest line(s)
2026-07-15T23:47:13Z [post] FIRED  C:\dev\abd-context-driven-delivery\sandbox\core_mechanics\measure.py  — 3 manifest line(s)
2026-07-15T23:47:13Z [post] FIRED  C:\dev\abd-context-driven-delivery\sandbox\core_mechanics\rank.py  — 3 manifest line(s)
ine(s)
2026-07-15T23:47:14Z [post] FIRED  C:\dev\abd-context-driven-delivery\sandbox\core_mechanics\measurements_table.py  — 3 manifest line(s)
2026-07-15T23:47:15Z [post] FIRED  C:\dev\abd-context-driven-delivery\sandbox\core_mechanics\rank.py  — 3 manifest line(s)
2026-07-15T23:47:21Z [pre ] FIRED  C:\dev\abd-context-driven-delivery\sandbox\core_mechanics\measurements_table.py  — 3 manifest line(s)
2026-07-15T23:47:22Z [post] FIRED  C:\dev\abd-context-driven-delivery\sandbox\core_mechanics\measurements_table.py  — 3 manifest line(s)
2026-07-15T23:47:24Z [post] FIRED  C:\dev\abd-context-driven-delivery\sandbox\core_mechanics\measurements_table.py  — 3 manifest line(s)
2026-07-16T00:01:17Z [pre ] skip  C:\dev\abd-context-driven-delivery\clean_engineering\fidelities\modules.md
2026-07-16T00:01:17Z [pre ] skip  C:\dev\abd-context-driven-delivery\clean_engineering\formats\python\scanners\named_seam_and_constraint_scanner.py
2026-07-16T00:01:19Z [read] skip  C:\dev\abd-context-driven-delivery\clean_engineering\formats\python\scanners\named_seam_and_constraint_scanner.py
2026-07-16T00:01:19Z [read] skip  C:\dev\abd-context-driven-delivery\clean_engineering\fidelities\modules.md
2026-07-16T00:01:19Z [post] skip  C:\dev\abd-context-driven-delivery\clean_engineering
2026-07-16T00:01:20Z [post] skip  C:\dev\abd-context-driven-delivery\clean_engineering\fidelities\modules.md
2026-07-16T00:01:20Z [post] skip  C:\dev\abd-context-driven-delivery\clean_engineering\formats\python\scanners\named_seam_and_constraint_scanner.py
2026-07-16T00:01:31Z [pre ] skip  C:\dev\abd-context-driven-delivery\clean_engineering\formats\python\scanners\module_scanners_spec.py
2026-07-16T00:01:31Z [pre ] skip  C:\dev\abd-context-driven-delivery\clean_engineering\fidelities\language.md
2026-07-16T00:01:32Z [read] skip  C:\dev\abd-context-driven-delivery\clean_engineering\formats\python\scanners\module_scanners_spec.py
2026-07-16T00:01:32Z [post] skip  C:\dev\abd-context-driven-delivery\clean_engineering
2026-07-16T00:01:32Z [read] skip  C:\dev\abd-context-driven-delivery\clean_engineering\fidelities\language.md
2026-07-16T00:01:33Z [post] skip  C:\dev\abd-context-driven-delivery\clean_engineering\formats\python\scanners\module_scanners_spec.py
2026-07-16T00:01:33Z [post] skip  C:\dev\abd-context-driven-delivery\clean_engineering\fidelities\language.md
2026-07-16T00:01:45Z [pre ] skip  C:\dev\abd-context-driven-delivery\clean_engineering\fidelities\modules.md
2026-07-16T00:01:46Z [read] skip  C:\dev\abd-context-driven-delivery\clean_engineering\fidelities\modules.md
2026-07-16T00:01:47Z [post] skip  C:\dev\abd-context-driven-delivery\clean_engineering\fidelities\modules.md
2026-07-16T00:01:48Z [pre ] skip  C:\dev\abd-context-driven-delivery\clean_engineering\fidelities\modules.md
2026-07-16T00:01:49Z [pre ] skip  C:\dev\abd-context-driven-delivery\sandbox\core_mechanics\.context\module-context.md
2026-07-16T00:01:49Z [pre ] skip  C:\dev\abd-context-driven-delivery\clean_engineering\formats\python\scanners\named_seam_and_constraint_scanner.py
2026-07-16T00:01:49Z [post] skip  C:\dev\abd-context-driven-delivery\clean_engineering\fidelities\modules.md
2026-07-16T00:01:50Z [post] skip  C:\dev\abd-context-driven-delivery\sandbox\core_mechanics\.context\module-context.md
2026-07-16T00:01:50Z [read] skip  C:\dev\abd-context-driven-delivery\clean_engineering\formats\python\scanners\named_seam_and_constraint_scanner.py
2026-07-16T00:01:51Z [post] skip  C:\dev\abd-context-driven-delivery\clean_engineering\fidelities\modules.md
2026-07-16T00:01:51Z [post] skip  C:\dev\abd-context-driven-delivery\sandbox\core_mechanics\.context\module-context.md
2026-07-16T00:01:51Z [post] skip  C:\dev\abd-context-driven-delivery\clean_engineering\formats\python\scanners\named_seam_and_constraint_scanner.py
2026-07-16T00:01:58Z [pre ] skip  C:\dev\abd-context-driven-delivery\clean_engineering\formats\python\scanners\named_seam_and_constraint_scanner.py
2026-07-16T00:01:59Z [read] skip  C:\dev\abd-context-driven-delivery\clean_engineering\formats\python\scanners\named_seam_and_constraint_scanner.py
2026-07-16T00:02:00Z [post] skip  C:\dev\abd-context-driven-delivery\clean_engineering\formats\python\scanners\named_seam_and_constraint_scanner.py
2026-07-16T00:02:01Z [pre ] skip  C:\dev\abd-context-driven-delivery\clean_engineering\formats\python\scanners\named_seam_and_constraint_scanner.py
2026-07-16T00:02:02Z [post] skip  C:\dev\abd-context-driven-delivery\clean_engineering\formats\python\scanners\named_seam_and_constraint_scanner.py
2026-07-16T00:02:03Z [post] skip  C:\dev\abd-context-driven-delivery\clean_engineering\formats\python\scanners\named_seam_and_constraint_scanner.py
2026-07-16T00:02:35Z [pre ] skip  C:\dev\abd-context-driven-delivery\sandbox\core_mechanics\.context\module-context.md
2026-07-16T00:02:36Z [post] skip  C:\dev\abd-context-driven-delivery\sandbox\core_mechanics\.context\module-context.md
2026-07-16T00:02:37Z [post] skip  C:\dev\abd-context-driven-delivery\sandbox\core_mechanics\.context\module-context.md
2026-07-16T00:03:15Z [pre ] skip  C:\dev\abd-context-driven-delivery\clean_engineering\fidelities\modules.md
2026-07-16T00:03:16Z [post] skip  C:\dev\abd-context-driven-delivery\clean_engineering\fidelities\modules.md
2026-07-16T00:03:18Z [post] skip  C:\dev\abd-context-driven-delivery\clean_engineering\fidelities\modules.md
2026-07-16T00:04:17Z [pre ] skip  C:\dev\abd-context-driven-delivery\sandbox\core_mechanics\.context\module-context.md
2026-07-16T00:04:18Z [post] skip  C:\dev\abd-context-driven-delivery\sandbox\core_mechanics\.context\module-context.md
2026-07-16T00:04:18Z [pre ] skip  C:\dev\abd-context-driven-delivery\clean_engineering\fidelities\modules.md
2026-07-16T00:04:19Z [post] skip  C:\dev\abd-context-driven-delivery\sandbox\core_mechanics\.context\module-context.md
2026-07-16T00:04:20Z [post] skip  C:\dev\abd-context-driven-delivery\clean_engineering\fidelities\modules.md
2026-07-16T00:04:21Z [post] skip  C:\dev\abd-context-driven-delivery\clean_engineering\fidelities\modules.md
2026-07-16T00:33:29Z [pre ] skip  C:\dev\abd-context-driven-delivery\sandbox\core_mechanics\.context\module-context.md
2026-07-16T00:33:31Z [pre ] skip  C:\dev\abd-context-driven-delivery\clean_engineering\fidelities\modules.md
2026-07-16T00:33:31Z [post] skip  C:\dev\abd-context-driven-delivery\sandbox\core_mechanics\.context\module-context.md
2026-07-16T00:33:32Z [post] skip  C:\dev\abd-context-driven-delivery\clean_engineering\fidelities\modules.md
2026-07-16T00:33:32Z [post] skip  C:\dev\abd-context-driven-delivery\sandbox\core_mechanics\.context\module-context.md
2026-07-16T00:33:33Z [post] skip  C:\dev\abd-context-driven-delivery\clean_engineering\fidelities\modules.md
2026-07-16T01:05:24Z [pre ] FIRED  C:\dev\abd-context-driven-delivery\clean_engineering\formats\python\ooad-examples.py  — 3 manifest line(s)
2026-07-16T01:05:24Z [pre ] FIRED  C:\dev\abd-context-driven-delivery\clean_engineering\formats\python\ooad-template.py  — 3 manifest line(s)
2026-07-16T01:05:24Z [pre ] FIRED  C:\dev\abd-context-driven-delivery\sandbox\core_mechanics\check_result.py  — 3 manifest line(s)
2026-07-16T01:05:26Z [post] skip  C:\dev\abd-context-driven-delivery\clean_engineering\fidelities
2026-07-16T01:05:26Z [read] FIRED  C:\dev\abd-context-driven-delivery\clean_engineering\formats\python\ooad-template.py  — 3 manifest line(s)
2026-07-16T01:05:26Z [read] FIRED  C:\dev\abd-context-driven-delivery\sandbox\core_mechanics\check_result.py  — 3 manifest line(s)
2026-07-16T01:05:26Z [read] FIRED  C:\dev\abd-context-driven-delivery\clean_engineering\formats\python\ooad-examples.py  — 3 manifest line(s)
2026-07-16T01:05:28Z [post] FIRED  C:\dev\abd-context-driven-delivery\sandbox\core_mechanics\check_result.py  — 3 manifest line(s)
2026-07-16T01:05:28Z [post] FIRED  C:\dev\abd-context-driven-delivery\clean_engineering\formats\python\ooad-template.py  — 3 manifest line(s)
2026-07-16T01:05:28Z [post] FIRED  C:\dev\abd-context-driven-delivery\clean_engineering\formats\python\ooad-examples.py  — 3 manifest line(s)
2026-07-16T01:05:42Z [pre ] FIRED  C:\dev\abd-context-driven-delivery\sandbox\core_mechanics\difficulty_class.py  — 3 manifest line(s)
2026-07-16T01:05:43Z [post] skip  C:\dev\abd-context-driven-delivery
2026-07-16T01:05:43Z [read] FIRED  C:\dev\abd-context-driven-delivery\sandbox\core_mechanics\difficulty_class.py  — 3 manifest line(s)
2026-07-16T01:05:45Z [post] FIRED  C:\dev\abd-context-driven-delivery\sandbox\core_mechanics\difficulty_class.py  — 3 manifest line(s)
2026-07-16T01:06:04Z [pre ] FIRED  C:\dev\abd-context-driven-delivery\clean_engineering\formats\python\ooad-template.py  — 3 manifest line(s)
2026-07-16T01:06:05Z [read] FIRED  C:\dev\abd-context-driven-delivery\clean_engineering\formats\python\ooad-template.py  — 3 manifest line(s)
2026-07-16T01:06:06Z [pre ] skip  C:\dev\abd-context-driven-delivery\clean_engineering\fidelities\modules.md
2026-07-16T01:06:07Z [post] FIRED  C:\dev\abd-context-driven-delivery\clean_engineering\formats\python\ooad-template.py  — 3 manifest line(s)
2026-07-16T01:06:07Z [post] skip  C:\dev\abd-context-driven-delivery\clean_engineering\fidelities\modules.md
2026-07-16T01:06:08Z [post] skip  C:\dev\abd-context-driven-delivery\clean_engineering\fidelities\modules.md
2026-07-16T01:06:08Z [pre ] FIRED  C:\dev\abd-context-driven-delivery\clean_engineering\formats\python\ooad-template.py  — 3 manifest line(s)
2026-07-16T01:06:10Z [post] FIRED  C:\dev\abd-context-driven-delivery\clean_engineering\formats\python\ooad-template.py  — 3 manifest line(s)
2026-07-16T01:06:11Z [post] FIRED  C:\dev\abd-context-driven-delivery\clean_engineering\formats\python\ooad-template.py  — 3 manifest line(s)
2026-07-16T01:06:15Z [pre ] FIRED  C:\dev\abd-context-driven-delivery\clean_engineering\formats\python\ooad-examples.py  — 3 manifest line(s)
2026-07-16T01:06:15Z [pre ] skip  C:\dev\abd-context-driven-delivery\clean_engineering\fidelities\specification.md
2026-07-16T01:06:16Z [read] skip  C:\dev\abd-context-driven-delivery\clean_engineering\fidelities\specification.md
2026-07-16T01:06:16Z [read] FIRED  C:\dev\abd-context-driven-delivery\clean_engineering\formats\python\ooad-examples.py  — 3 manifest line(s)
2026-07-16T01:06:17Z [post] skip  C:\dev\abd-context-driven-delivery\clean_engineering\fidelities\specification.md
2026-07-16T01:06:17Z [post] FIRED  C:\dev\abd-context-driven-delivery\clean_engineering\formats\python\ooad-examples.py  — 3 manifest line(s)
2026-07-16T01:06:18Z [pre ] skip  C:\dev\abd-context-driven-delivery\clean_engineering\fidelities\specification.md
2026-07-16T01:06:19Z [post] skip  C:\dev\abd-context-driven-delivery\clean_engineering\fidelities\specification.md
2026-07-16T01:06:20Z [post] skip  C:\dev\abd-context-driven-delivery\clean_engineering\fidelities\specification.md
2026-07-16T01:06:31Z [pre ] FIRED  C:\dev\abd-context-driven-delivery\clean_engineering\formats\python\ooad-examples.py  — 3 manifest line(s)
2026-07-16T01:06:32Z [read] FIRED  C:\dev\abd-context-driven-delivery\clean_engineering\formats\python\ooad-examples.py  — 3 manifest line(s)
2026-07-16T01:06:33Z [post] FIRED  C:\dev\abd-context-driven-delivery\clean_engineering\formats\python\ooad-examples.py  — 3 manifest line(s)
2026-07-16T01:06:35Z [pre ] FIRED  C:\dev\abd-context-driven-delivery\clean_engineering\formats\python\ooad-examples.py  — 3 manifest line(s)
2026-07-16T01:06:35Z [pre ] FIRED  C:\dev\abd-context-driven-delivery\sandbox\core_mechanics\check.py  — 3 manifest line(s)
2026-07-16T01:06:36Z [post] FIRED  C:\dev\abd-context-driven-delivery\clean_engineering\formats\python\ooad-examples.py  — 3 manifest line(s)
2026-07-16T01:06:37Z [pre ] FIRED  C:\dev\abd-context-driven-delivery\sandbox\core_mechanics\check_result.py  — 3 manifest line(s)
2026-07-16T01:06:37Z [post] FIRED  C:\dev\abd-context-driven-delivery\sandbox\core_mechanics\check.py  — 3 manifest line(s)
2026-07-16T01:06:38Z [pre ] FIRED  C:\dev\abd-context-driven-delivery\sandbox\core_mechanics\trait.py  — 3 manifest line(s)
2026-07-16T01:06:39Z [post] FIRED  C:\dev\abd-context-driven-delivery\clean_engineering\formats\python\ooad-examples.py  — 3 manifest line(s)
2026-07-16T01:06:39Z [post] FIRED  C:\dev\abd-context-driven-delivery\sandbox\core_mechanics\check.py  — 3 manifest line(s)
2026-07-16T01:06:39Z [read] FIRED  C:\dev\abd-context-driven-delivery\sandbox\core_mechanics\check_result.py  — 3 manifest line(s)
2026-07-16T01:06:40Z [pre ] FIRED  C:\dev\abd-context-driven-delivery\sandbox\core_mechanics\modifier.py  — 3 manifest line(s)
2026-07-16T01:06:41Z [pre ] FIRED  C:\dev\abd-context-driven-delivery\sandbox\core_mechanics\difficulty_class.py  — 3 manifest line(s)
2026-07-16T01:06:41Z [post] FIRED  C:\dev\abd-context-driven-delivery\sandbox\core_mechanics\trait.py  — 3 manifest line(s)
2026-07-16T01:06:42Z [post] FIRED  C:\dev\abd-context-driven-delivery\sandbox\core_mechanics\check_result.py  — 3 manifest line(s)
2026-07-16T01:06:43Z [read] FIRED  C:\dev\abd-context-driven-delivery\sandbox\core_mechanics\difficulty_class.py  — 3 manifest line(s)
2026-07-16T01:06:43Z [post] FIRED  C:\dev\abd-context-driven-delivery\sandbox\core_mechanics\modifier.py  — 3 manifest line(s)
2026-07-16T01:06:44Z [post] FIRED  C:\dev\abd-context-driven-delivery\sandbox\core_mechanics\trait.py  — 3 manifest line(s)
2026-07-16T01:06:45Z [pre ] FIRED  C:\dev\abd-context-driven-delivery\sandbox\core_mechanics\check_result.py  — 3 manifest line(s)
2026-07-16T01:06:46Z [pre ] FIRED  C:\dev\abd-context-driven-delivery\sandbox\core_mechanics\measure.py  — 3 manifest line(s)
2026-07-16T01:06:46Z [post] FIRED  C:\dev\abd-context-driven-delivery\sandbox\core_mechanics\difficulty_class.py  — 3 manifest line(s)
2026-07-16T01:06:46Z [post] FIRED  C:\dev\abd-context-driven-delivery\sandbox\core_mechanics\modifier.py  — 3 manifest line(s)
2026-07-16T01:06:46Z [pre ] FIRED  C:\dev\abd-context-driven-delivery\sandbox\core_mechanics\measurements_table.py  — 3 manifest line(s)
2026-07-16T01:06:47Z [post] FIRED  C:\dev\abd-context-driven-delivery\sandbox\core_mechanics\rank.py  — 3 manifest line(s)
2026-07-16T01:06:48Z [post] FIRED  C:\dev\abd-context-driven-delivery\sandbox\core_mechanics\measure.py  — 3 manifest line(s)
2026-07-16T01:06:48Z [post] FIRED  C:\dev\abd-context-driven-delivery\sandbox\core_mechanics\check_result.py  — 3 manifest line(s)
2026-07-16T01:06:48Z [post] FIRED  C:\dev\abd-context-driven-delivery\sandbox\core_mechanics\measurements_table.py  — 3 manifest line(s)
2026-07-16T01:06:49Z [pre ] FIRED  C:\dev\abd-context-driven-delivery\sandbox\core_mechanics\difficulty_class.py  — 3 manifest line(s)
2026-07-16T01:06:50Z [post] FIRED  C:\dev\abd-context-driven-delivery\sandbox\core_mechanics\rank.py  — 3 manifest line(s)
2026-07-16T01:06:50Z [post] FIRED  C:\dev\abd-context-driven-delivery\sandbox\core_mechanics\measure.py  — 3 manifest line(s)
2026-07-16T01:06:50Z [post] FIRED  C:\dev\abd-context-driven-delivery\sandbox\core_mechanics\check_result.py  — 3 manifest line(s)
2026-07-16T01:06:50Z [post] FIRED  C:\dev\abd-context-driven-delivery\sandbox\core_mechanics\measurements_table.py  — 3 manifest line(s)
2026-07-16T01:06:51Z [post] FIRED  C:\dev\abd-context-driven-delivery\sandbox\core_mechanics\difficulty_class.py  — 3 manifest line(s)
2026-07-16T01:06:52Z [post] FIRED  C:\dev\abd-context-driven-delivery\sandbox\core_mechanics\difficulty_class.py  — 3 manifest line(s)
2026-07-16T01:06:57Z [pre ] skip  C:\dev\abd-context-driven-delivery\clean_engineering\fidelities\language.md
2026-07-16T01:06:58Z [read] skip  C:\dev\abd-context-driven-delivery\clean_engineering\fidelities\language.md
2026-07-16T01:06:59Z [post] skip  C:\dev\abd-context-driven-delivery\clean_engineering\fidelities\language.md
2026-07-16T01:07:00Z [pre ] skip  C:\dev\abd-context-driven-delivery\clean_engineering\fidelities\language.md
2026-07-16T01:07:01Z [post] skip  C:\dev\abd-context-driven-delivery\clean_engineering\fidelities\language.md
2026-07-16T01:07:02Z [post] skip  C:\dev\abd-context-driven-delivery\clean_engineering\fidelities\language.md
2026-07-16T01:07:10Z [pre ] skip  C:\dev\abd-context-driven-delivery\clean_engineering\clean_engineering.md
2026-07-16T01:07:11Z [read] skip  C:\dev\abd-context-driven-delivery\clean_engineering\clean_engineering.md
2026-07-16T01:07:11Z [post] skip  C:\dev\abd-context-driven-delivery\clean_engineering
2026-07-16T01:07:12Z [post] skip  C:\dev\abd-context-driven-delivery\clean_engineering\clean_engineering.md
2026-07-16T01:07:18Z [post] skip  C:\dev\abd-context-driven-delivery\clean_engineering\fidelities
2026-07-16T01:07:27Z [pre ] skip  C:\dev\abd-context-driven-delivery\clean_engineering\fidelities\modules.md
2026-07-16T01:07:28Z [post] skip  C:\dev\abd-context-driven-delivery\clean_engineering\fidelities\modules.md
2026-07-16T01:07:29Z [post] skip  C:\dev\abd-context-driven-delivery\clean_engineering\fidelities\modules.md
2026-07-16T01:07:29Z [pre ] skip  C:\dev\abd-context-driven-delivery\clean_engineering\fidelities\language.md
2026-07-16T01:07:30Z [pre ] skip  C:\dev\abd-context-driven-delivery\clean_engineering\fidelities\modules.md
2026-07-16T01:07:31Z [post] skip  C:\dev\abd-context-driven-delivery\clean_engineering\fidelities\language.md
2026-07-16T01:07:32Z [pre ] FIRED  C:\dev\abd-context-driven-delivery\clean_engineering\formats\python\ooad-template.py  — 3 manifest line(s)
2026-07-16T01:07:32Z [post] skip  C:\dev\abd-context-driven-delivery\clean_engineering\fidelities\modules.md
2026-07-16T01:07:33Z [post] skip  C:\dev\abd-context-driven-delivery\clean_engineering\fidelities\language.md
2026-07-16T01:07:33Z [pre ] skip  C:\dev\abd-context-driven-delivery\clean_engineering\clean_engineering.md
2026-07-16T01:07:33Z [pre ] skip  C:\dev\abd-context-driven-delivery\clean_engineering\fidelities\code.md
2026-07-16T01:07:34Z [post] skip  C:\dev\abd-context-driven-delivery\clean_engineering\fidelities\modules.md
2026-07-16T01:07:34Z [post] FIRED  C:\dev\abd-context-driven-delivery\clean_engineering\formats\python\ooad-template.py  — 3 manifest line(s)
2026-07-16T01:07:35Z [read] skip  C:\dev\abd-context-driven-delivery\clean_engineering\fidelities\code.md
2026-07-16T01:07:35Z [read] skip  C:\dev\abd-context-driven-delivery\clean_engineering\clean_engineering.md
2026-07-16T01:07:36Z [post] skip  C:\dev\abd-context-driven-delivery\clean_engineering\fidelities\code.md
2026-07-16T01:07:36Z [post] FIRED  C:\dev\abd-context-driven-delivery\clean_engineering\formats\python\ooad-template.py  — 3 manifest line(s)
2026-07-16T01:07:36Z [post] skip  C:\dev\abd-context-driven-delivery\clean_engineering\clean_engineering.md
2026-07-16T01:07:37Z [pre ] skip  C:\dev\abd-context-driven-delivery\clean_engineering\clean_engineering.md
2026-07-16T01:07:39Z [post] skip  C:\dev\abd-context-driven-delivery\clean_engineering\clean_engineering.md
2026-07-16T01:07:40Z [post] skip  C:\dev\abd-context-driven-delivery\clean_engineering\clean_engineering.md
2026-07-16T01:07:43Z [pre ] skip  C:\dev\abd-context-driven-delivery\clean_engineering\fidelities\specification.md
2026-07-16T01:07:45Z [post] skip  C:\dev\abd-context-driven-delivery\clean_engineering\fidelities\specification.md
2026-07-16T01:07:45Z [pre ] skip  C:\dev\abd-context-driven-delivery\clean_engineering\fidelities\code.md
2026-07-16T01:07:46Z [post] skip  C:\dev\abd-context-driven-delivery\clean_engineering\fidelities\specification.md
2026-07-16T01:07:46Z [read] skip  C:\dev\abd-context-driven-delivery\clean_engineering\fidelities\code.md
2026-07-16T01:07:47Z [post] skip  C:\dev\abd-context-driven-delivery\clean_engineering\fidelities\code.md
2026-07-16T01:07:48Z [pre ] skip  C:\dev\abd-context-driven-delivery\clean_engineering\fidelities\code.md
2026-07-16T01:07:49Z [post] skip  C:\dev\abd-context-driven-delivery\clean_engineering\fidelities\code.md
2026-07-16T01:07:50Z [post] skip  C:\dev\abd-context-driven-delivery\clean_engineering\fidelities\code.md
2026-07-16T01:11:40Z [pre ] skip  C:\dev\abd-context-driven-delivery\sandbox\core_mechanics\.context\module-context.md
2026-07-16T01:11:41Z [read] skip  C:\dev\abd-context-driven-delivery\sandbox\core_mechanics\.context\module-context.md
2026-07-16T01:11:42Z [post] skip  C:\dev\abd-context-driven-delivery
2026-07-16T01:11:42Z [post] skip  C:\dev\abd-context-driven-delivery\clean_engineering
2026-07-16T01:11:42Z [post] skip  C:\dev\abd-context-driven-delivery\sandbox\core_mechanics\.context\module-context.md
2026-07-16T01:11:48Z [pre ] skip  C:\dev\abd-context-driven-delivery\clean_engineering\formats\python\scanners\module_scanner.py
2026-07-16T01:11:49Z [read] skip  C:\dev\abd-context-driven-delivery\clean_engineering\formats\python\scanners\module_scanner.py
2026-07-16T01:11:50Z [post] skip  C:\dev\abd-context-driven-delivery\clean_engineering\formats\python\scanners\module_scanner.py
2026-07-16T01:12:08Z [post] skip  C:\dev\abd-context-driven-delivery
2026-07-16T01:12:12Z [pre ] skip  C:\dev\abd-context-driven-delivery\sandbox\core_mechanics\__init__.py
2026-07-16T01:12:13Z [pre ] skip  C:\dev\abd-context-driven-delivery\sandbox\core_mechanics\check\__init__.py
2026-07-16T01:12:13Z [pre ] skip  C:\dev\abd-context-driven-delivery\sandbox\core_mechanics\measurement\__init__.py
2026-07-16T01:12:13Z [read] skip  C:\dev\abd-context-driven-delivery\sandbox\core_mechanics\__init__.py
2026-07-16T01:12:14Z [read] skip  C:\dev\abd-context-driven-delivery\sandbox\core_mechanics\check\__init__.py
2026-07-16T01:12:14Z [read] skip  C:\dev\abd-context-driven-delivery\sandbox\core_mechanics\measurement\__init__.py
2026-07-16T01:12:15Z [post] skip  C:\dev\abd-context-driven-delivery\sandbox\core_mechanics\__init__.py
2026-07-16T01:12:16Z [post] skip  C:\dev\abd-context-driven-delivery\sandbox\core_mechanics\check\__init__.py
2026-07-16T01:12:16Z [post] skip  C:\dev\abd-context-driven-delivery\sandbox\core_mechanics\measurement\__init__.py
2026-07-16T01:12:16Z [pre ] skip  C:\dev\abd-context-driven-delivery\sandbox\core_mechanics\__init__.py
2026-07-16T01:12:18Z [pre ] skip  C:\dev\abd-context-driven-delivery\sandbox\core_mechanics\measurement\__init__.py
2026-07-16T01:12:18Z [pre ] skip  C:\dev\abd-context-driven-delivery\sandbox\core_mechanics\check\__init__.py
2026-07-16T01:12:19Z [post] skip  C:\dev\abd-context-driven-delivery\sandbox\core_mechanics\__init__.py
2026-07-16T01:12:21Z [post] skip  C:\dev\abd-context-driven-delivery\sandbox\core_mechanics\measurement\__init__.py
2026-07-16T01:12:21Z [pre ] FIRED  C:\dev\abd-context-driven-delivery\sandbox\core_mechanics\check\trait.py  — 3 manifest line(s)
2026-07-16T01:12:21Z [post] skip  C:\dev\abd-context-driven-delivery\sandbox\core_mechanics\__init__.py
_.py
2026-07-16T01:12:22Z [pre ] skip  C:\dev\abd-context-driven-delivery\clean_engineering\fidelities\modules.md
2026-07-16T01:12:22Z [post] skip  C:\dev\abd-context-driven-delivery\sandbox\core_mechanics\check\.context\module-context.md
2026-07-16T01:12:24Z [post] skip  C:\dev\abd-context-driven-delivery\sandbox\core_mechanics\measurement\__init__.py
2026-07-16T01:12:24Z [pre ] skip  C:\dev\abd-context-driven-delivery\clean_engineering\clean_engineering.md
2026-07-16T01:12:25Z [post] skip  C:\dev\abd-context-driven-delivery\clean_engineering\fidelities\modules.md
2026-07-16T01:12:26Z [post] skip  C:\dev\abd-context-driven-delivery\sandbox\core_mechanics\check\__init__.py
2026-07-16T01:12:26Z [post] skip  C:\dev\abd-context-driven-delivery\sandbox\core_mechanics\check\.context\module-context.md
2026-07-16T01:12:26Z [pre ] FIRED  C:\dev\abd-context-driven-delivery\clean_engineering\formats\python\ooad-template.py  — 3 manifest line(s)
2026-07-16T01:12:26Z [post] skip  C:\dev\abd-context-driven-delivery\sandbox\core_mechanics\measurement\.context\module-context.md
2026-07-16T01:12:27Z [post] skip  C:\dev\abd-context-driven-delivery\clean_engineering\clean_engineering.md
2026-07-16T01:12:27Z [read] FIRED  C:\dev\abd-context-driven-delivery\sandbox\core_mechanics\check\trait.py  — 3 manifest line(s)
2026-07-16T01:12:28Z [post] skip  C:\dev\abd-context-driven-delivery\clean_engineering\fidelities\modules.md
2026-07-16T01:12:29Z [post] skip  C:\dev\abd-context-driven-delivery\sandbox\core_mechanics\measurement\.context\module-context.md
2026-07-16T01:12:29Z [post] FIRED  C:\dev\abd-context-driven-delivery\clean_engineering\formats\python\ooad-template.py  — 3 manifest line(s)
2026-07-16T01:12:30Z [post] FIRED  C:\dev\abd-context-driven-delivery\sandbox\core_mechanics\check\trait.py  — 3 manifest line(s)
2026-07-16T01:12:30Z [post] skip  C:\dev\abd-context-driven-delivery\clean_engineering\clean_engineering.md
2026-07-16T01:12:31Z [post] FIRED  C:\dev\abd-context-driven-delivery\clean_engineering\formats\python\ooad-template.py  — 3 manifest line(s)
2026-07-16T01:12:31Z [pre ] FIRED  C:\dev\abd-context-driven-delivery\sandbox\core_mechanics\check\trait.py  — 3 manifest line(s)
2026-07-16T01:12:33Z [post] FIRED  C:\dev\abd-context-driven-delivery\sandbox\core_mechanics\check\trait.py  — 3 manifest line(s)
2026-07-16T01:12:34Z [post] FIRED  C:\dev\abd-context-driven-delivery\sandbox\core_mechanics\check\trait.py  — 3 manifest line(s)
2026-07-16T01:12:38Z [pre ] skip  C:\dev\abd-context-driven-delivery\clean_engineering\fidelities\language.md
2026-07-16T01:12:38Z [pre ] skip  C:\dev\abd-context-driven-delivery\sandbox\.context\mm3e-core-mechanics-sketch.md
2026-07-16T01:12:39Z [post] skip  C:\dev\abd-context-driven-delivery\clean_engineering\fidelities\language.md
2026-07-16T01:12:39Z [post] skip  C:\dev\abd-context-driven-delivery\sandbox\.context\mm3e-core-mechanics-sketch.md
2026-07-16T01:12:41Z [post] skip  C:\dev\abd-context-driven-delivery\sandbox\.context\mm3e-core-mechanics-sketch.md
2026-07-16T01:12:41Z [post] skip  C:\dev\abd-context-driven-delivery\clean_engineering\fidelities\language.md
2026-07-16T01:17:00Z [pre ] skip  C:\dev\abd-context-driven-delivery\sandbox\core_mechanics\measurement\.context\measurement-sketch.md
2026-07-16T01:17:00Z [pre ] skip  C:\dev\abd-context-driven-delivery\sandbox\core_mechanics\check\.context\check-sketch.md
2026-07-16T01:17:01Z [read] skip  C:\dev\abd-context-driven-delivery\sandbox\core_mechanics\measurement\.context\measurement-sketch.md
2026-07-16T01:17:01Z [read] skip  C:\dev\abd-context-driven-delivery\sandbox\core_mechanics\check\.context\check-sketch.md
2026-07-16T01:17:02Z [post] skip  C:\dev\abd-context-driven-delivery\clean_engineering
2026-07-16T01:17:02Z [post] skip  C:\dev\abd-context-driven-delivery\sandbox\core_mechanics\check\.context\check-sketch.md
2026-07-16T01:17:02Z [post] skip  C:\dev\abd-context-driven-delivery\sandbox\core_mechanics\measurement\.context\measurement-sketch.md
2026-07-16T01:31:25Z [pre ] skip  C:\dev\abd-context-driven-delivery\sandbox\HeroesHandbook.md
2026-07-16T01:31:26Z [post] skip  C:\dev\abd-context-driven-delivery\sandbox\HeroesHandbook.md
2026-07-16T01:31:29Z [pre ] skip  C:\dev\abd-context-driven-delivery\sandbox\HeroesHandbook.md
2026-07-16T01:31:29Z [pre ] skip  C:\dev\abd-context-driven-delivery\sandbox\HeroesHandbook.md
2026-07-16T01:31:30Z [post] skip  C:\dev\abd-context-driven-delivery\sandbox\HeroesHandbook.md
2026-07-16T01:31:30Z [post] skip  C:\dev\abd-context-driven-delivery\sandbox\HeroesHandbook.md
2026-07-16T01:31:33Z [pre ] skip  C:\dev\abd-context-driven-delivery\sandbox\HeroesHandbook.md
2026-07-16T01:31:33Z [pre ] skip  C:\dev\abd-context-driven-delivery\sandbox\HeroesHandbook.md
2026-07-16T01:31:34Z [post] skip  C:\dev\abd-context-driven-delivery\sandbox\HeroesHandbook.md
2026-07-16T01:31:34Z [post] skip  C:\dev\abd-context-driven-delivery\sandbox\HeroesHandbook.md
2026-07-16T01:31:37Z [pre ] skip  C:\dev\abd-context-driven-delivery\sandbox\HeroesHandbook.md
2026-07-16T01:31:37Z [pre ] skip  C:\dev\abd-context-driven-delivery\sandbox\HeroesHandbook.md
2026-07-16T01:31:38Z [pre ] skip  C:\dev\abd-context-driven-delivery\sandbox\HeroesHandbook.md
2026-07-16T01:31:38Z [post] skip  C:\dev\abd-context-driven-delivery\sandbox\HeroesHandbook.md
2026-07-16T01:31:39Z [post] skip  C:\dev\abd-context-driven-delivery\sandbox\HeroesHandbook.md
2026-07-16T01:31:39Z [post] skip  C:\dev\abd-context-driven-delivery\sandbox\HeroesHandbook.md
2026-07-16T01:36:08Z [pre ] skip  C:\dev\abd-context-driven-delivery\sandbox\core_mechanics\check\.context\check-sketch.md
2026-07-16T01:36:09Z [read] skip  C:\dev\abd-context-driven-delivery\sandbox\core_mechanics\check\.context\check-sketch.md
2026-07-16T01:36:09Z [post] skip  C:\dev\abd-context-driven-delivery\sandbox\core_mechanics\check
2026-07-16T01:36:10Z [post] skip  C:\dev\abd-context-driven-delivery\sandbox\core_mechanics\check\.context\check-sketch.md
2026-07-16T01:36:15Z [pre ] FIRED  C:\dev\abd-context-driven-delivery\sandbox\core_mechanics\check\check.py  — 3 manifest line(s)
2026-07-16T01:36:17Z [read] FIRED  C:\dev\abd-context-driven-delivery\sandbox\core_mechanics\check\check.py  — 3 manifest line(s)
2026-07-16T01:36:18Z [post] FIRED  C:\dev\abd-context-driven-delivery\sandbox\core_mechanics\check\check.py  — 3 manifest line(s)
2026-07-16T01:53:59Z [pre ] skip  C:\dev\abd-context-driven-delivery\sandbox\.context\grill-answers.md
2026-07-16T01:54:00Z [read] skip  C:\dev\abd-context-driven-delivery\sandbox\.context\grill-answers.md
2026-07-16T01:54:01Z [post] skip  C:\dev\abd-context-driven-delivery\sandbox\.context\grill-answers.md
2026-07-16T01:54:22Z [pre ] skip  C:\dev\abd-context-driven-delivery\sandbox\.context\grill-answers.md
2026-07-16T01:54:24Z [read] skip  C:\dev\abd-context-driven-delivery\sandbox\.context\grill-answers.md
2026-07-16T01:54:24Z [post] skip  C:\dev\abd-context-driven-delivery\sandbox\core_mechanics
2026-07-16T01:54:26Z [post] skip  C:\dev\abd-context-driven-delivery\sandbox\.context\grill-answers.md
2026-07-16T01:54:42Z [post] skip  C:\dev\abd-context-driven-delivery\sandbox
2026-07-16T01:54:42Z [post] skip  C:\dev\abd-context-driven-delivery\sandbox
2026-07-16T01:54:43Z [post] skip  C:\dev\abd-context-driven-delivery\clean_engineering
2026-07-16T01:54:54Z [pre ] skip  C:\dev\abd-context-driven-delivery\sandbox\checks\.context\check-sketch.md
2026-07-16T01:54:55Z [pre ] FIRED  C:\dev\abd-context-driven-delivery\sandbox\checks\check.py  — 3 manifest line(s)
2026-07-16T01:54:55Z [pre ] FIRED  C:\dev\abd-context-driven-delivery\sandbox\checks\check_result.py  — 3 manifest line(s)
2026-07-16T01:54:55Z [pre ] FIRED  C:\dev\abd-context-driven-delivery\clean_engineering\clean_engineering.py  — 5 manifest line(s)
2026-07-16T01:54:56Z [read] skip  C:\dev\abd-context-driven-delivery\sandbox\checks\.context\check-sketch.md
2026-07-16T01:54:57Z [post] skip  C:\dev\abd-context-driven-delivery\sketch
2026-07-16T01:54:57Z [read] FIRED  C:\dev\abd-context-driven-delivery\sandbox\checks\check_result.py  — 3 manifest line(s)
2026-07-16T01:54:57Z [read] FIRED  C:\dev\abd-context-driven-delivery\sandbox\checks\check.py  — 3 manifest line(s)
2026-07-16T01:54:57Z [post] skip  C:\dev\abd-context-driven-delivery\sandbox\checks
2026-07-16T01:54:58Z [read] FIRED  C:\dev\abd-context-driven-delivery\clean_engineering\clean_engineering.py  — 5 manifest line(s)
2026-07-16T01:54:58Z [post] skip  C:\dev\abd-context-driven-delivery\sandbox\checks\.context\check-sketch.md
2026-07-16T01:54:59Z [post] FIRED  C:\dev\abd-context-driven-delivery\sandbox\checks\check_result.py  — 3 manifest line(s)
2026-07-16T01:55:00Z [post] FIRED  C:\dev\abd-context-driven-delivery\sandbox\checks\check.py  — 3 manifest line(s)
2026-07-16T01:55:00Z [post] FIRED  C:\dev\abd-context-driven-delivery\clean_engineering\clean_engineering.py  — 5 manifest line(s)
2026-07-16T01:55:14Z [pre ] FIRED  C:\dev\abd-context-driven-delivery\grill_context\grill_context.py  — 1 manifest line(s)
2026-07-16T01:55:15Z [read] FIRED  C:\dev\abd-context-driven-delivery\grill_context\grill_context.py  — 1 manifest line(s)
2026-07-16T01:55:16Z [post] FIRED  C:\dev\abd-context-driven-delivery\grill_context\grill_context.py  — 1 manifest line(s)
2026-07-16T02:07:09Z [pre ] FIRED  C:\dev\abd-context-driven-delivery\sandbox\checks\modifier.py  — 3 manifest line(s)
2026-07-16T02:07:09Z [pre ] FIRED  C:\dev\abd-context-driven-delivery\sandbox\checks\difficulty_class.py  — 3 manifest line(s)
2026-07-16T02:07:10Z [post] skip  C:\dev\abd-context-driven-delivery\sandbox\.context\measurement
2026-07-16T02:07:10Z [read] FIRED  C:\dev\abd-context-driven-delivery\sandbox\checks\modifier.py  — 3 manifest line(s)
2026-07-16T02:07:11Z [read] FIRED  C:\dev\abd-context-driven-delivery\sandbox\checks\difficulty_class.py  — 3 manifest line(s)
2026-07-16T02:07:12Z [post] FIRED  C:\dev\abd-context-driven-delivery\sandbox\checks\modifier.py  — 3 manifest line(s)
2026-07-16T02:07:12Z [post] FIRED  C:\dev\abd-context-driven-delivery\sandbox\checks\difficulty_class.py  — 3 manifest line(s)
2026-07-16T02:07:34Z [pre ] skip  C:\dev\abd-context-driven-delivery\sandbox\checks\.context\check-sketch.md
2026-07-16T02:07:35Z [read] skip  C:\dev\abd-context-driven-delivery\sandbox\checks\.context\check-sketch.md
2026-07-16T02:07:36Z [post] skip  C:\dev\abd-context-driven-delivery\sandbox\checks\.context\check-sketch.md
2026-07-16T02:07:37Z [pre ] skip  C:\dev\abd-context-driven-delivery\sandbox\checks\.context\check-sketch.md
2026-07-16T02:07:38Z [post] skip  C:\dev\abd-context-driven-delivery\sandbox\checks\.context\check-sketch.md
2026-07-16T02:07:39Z [post] skip  C:\dev\abd-context-driven-delivery\sandbox\checks\.context\check-sketch.md
2026-07-16T02:07:40Z [pre ] skip  C:\dev\abd-context-driven-delivery\sandbox\checks\.context\module-context.md
2026-07-16T02:07:42Z [post] skip  C:\dev\abd-context-driven-delivery\sandbox\checks\.context\module-context.md
2026-07-16T02:07:43Z [post] skip  C:\dev\abd-context-driven-delivery\sandbox\checks\.context\module-context.md
2026-07-16T02:07:47Z [pre ] FIRED  C:\dev\abd-context-driven-delivery\sandbox\checks\check.py  — 3 manifest line(s)
2026-07-16T02:07:49Z [read] FIRED  C:\dev\abd-context-driven-delivery\sandbox\checks\check.py  — 3 manifest line(s)
2026-07-16T02:07:50Z [post] FIRED  C:\dev\abd-context-driven-delivery\sandbox\checks\check.py  — 3 manifest line(s)
2026-07-16T02:07:51Z [post] FIRED  C:\dev\abd-context-driven-delivery\sandbox\checks\team_check.py  — 3 manifest line(s)
2026-07-16T02:07:52Z [pre ] FIRED  C:\dev\abd-context-driven-delivery\sandbox\checks\check.py  — 3 manifest line(s)
2026-07-16T02:07:53Z [post] FIRED  C:\dev\abd-context-driven-delivery\sandbox\checks\team_check.py  — 3 manifest line(s)
2026-07-16T02:07:54Z [post] FIRED  C:\dev\abd-context-driven-delivery\sandbox\checks\check.py  — 3 manifest line(s)
2026-07-16T02:07:55Z [post] FIRED  C:\dev\abd-context-driven-delivery\sandbox\checks\check.py  — 3 manifest line(s)
2026-07-16T02:08:02Z [pre ] FIRED  C:\dev\abd-context-driven-delivery\sandbox\checks\check.py  — 3 manifest line(s)
2026-07-16T02:08:03Z [post] FIRED  C:\dev\abd-context-driven-delivery\sandbox\checks\check.py  — 3 manifest line(s)
2026-07-16T02:08:04Z [post] FIRED  C:\dev\abd-context-driven-delivery\sandbox\checks\check.py  — 3 manifest line(s)
2026-07-16T02:12:05Z [pre ] skip  C:\dev\abd-context-driven-delivery\sandbox\HeroesHandbook.md
2026-07-16T02:12:07Z [post] skip  C:\dev\abd-context-driven-delivery\sandbox\HeroesHandbook.md
2026-07-16T02:12:07Z [post] skip  C:\dev\abd-context-driven-delivery\sandbox
2026-07-16T02:12:30Z [post] skip  C:\dev\abd-context-driven-delivery\sandbox\checks
2026-07-16T02:14:36Z [pre ] skip  C:\dev\abd-context-driven-delivery\agent-skills\agent_skills.py  — manifest ran but produced no output
2026-07-16T02:14:39Z [read] skip  C:\dev\abd-context-driven-delivery\agent-skills\agent_skills.py  — manifest ran but produced no output
2026-07-16T02:14:39Z [post] skip  C:\dev\abd-context-driven-delivery
2026-07-16T02:14:39Z [post] skip  C:\dev\abd-context-driven-delivery\tools
2026-07-16T02:14:40Z [post] skip  C:\dev\abd-context-driven-delivery\agent-skills\agent_skills.py  — manifest ran but produced no output
2026-07-16T02:14:44Z [pre ] skip  C:\dev\abd-context-driven-delivery\agent-skills\agent_skills.py  — manifest ran but produced no output
2026-07-16T02:14:44Z [pre ] skip  C:\dev\abd-context-driven-delivery\agent-skills\agent_skills.py  — manifest ran but produced no output
2026-07-16T02:14:45Z [read] skip  C:\dev\abd-context-driven-delivery\agent-skills\agent_skills.py  — manifest ran but produced no output
2026-07-16T02:14:46Z [post] skip  C:\dev\abd-context-driven-delivery\agent-skills\agent_skills.py  — manifest ran but produced no output
2026-07-16T02:14:47Z [post] skip  C:\dev\abd-context-driven-delivery\agent-skills\agent_skills.py  — manifest ran but produced no output
2026-07-16T02:14:48Z [pre ] skip  C:\dev\abd-context-driven-delivery\agent-skills\agent_skills.py  — manifest ran but produced no output
2026-07-16T02:14:49Z [post] FIRED  C:\dev\abd-context-driven-delivery\agent-skills\agent_skills.py  — 1 manifest line(s)
2026-07-16T02:14:50Z [post] FIRED  C:\dev\abd-context-driven-delivery\agent-skills\agent_skills.py  — 1 manifest line(s)
